bet_id,date,fixture_id,home_team,away_team,league,market,outcome,bet365_odd,model_prob,ev_pct,kelly_pct,tier,stake_units,result,profit_loss,roi,clv_realized,home_score,away_score
540703_home_2026-05-16,2026-05-16 00:00:00,540703,Bremen,Dortmund,Bundesliga,1X2 — Vitória Casa,home,1.45,0.6312,-8.48,0.0,Previsão,1.0,PENDING,,,,,
540703_draw_2026-05-16,2026-05-16 00:00:00,540703,Bremen,Dortmund,Bundesliga,1X2 — Empate,draw,4.91,0.1931,-5.19,0.0,Previsão,1.0,PENDING,,,,,
540703_away_2026-05-16,2026-05-16 00:00:00,540703,Bremen,Dortmund,Bundesliga,1X2 — Vitória Fora,away,5.34,0.1757,-6.18,0.0,Previsão,1.0,PENDING,,,,,
540703_over_15_2026-05-16,2026-05-16 00:00:00,540703,Bremen,Dortmund,Bundesliga,Over 1.5,over_15,1.08,0.8614,-6.97,0.0,Previsão,1.0,PENDING,,,,,
540703_over_25_2026-05-16,2026-05-16 00:00:00,540703,Bremen,Dortmund,Bundesliga,Over 2.5,over_25,1.38,0.678,-6.44,0.0,Previsão,1.0,PENDING,,,,,
540703_under_25_2026-05-16,2026-05-16 00:00:00,540703,Bremen,Dortmund,Bundesliga,Under 2.5,under_25,2.82,0.322,-9.2,0.0,Previsão,1.0,PENDING,,,,,
540703_over_35_2026-05-16,2026-05-16 00:00:00,540703,Bremen,Dortmund,Bundesliga,Over 3.5,over_35,2.03,0.4606,-6.5,0.0,Previsão,1.0,PENDING,,,,,
540703_under_35_2026-05-16,2026-05-16 00:00:00,540703,Bremen,Dortmund,Bundesliga,Under 3.5,under_35,1.7,0.5394,-8.3,0.0,Previsão,1.0,PENDING,,,,,
540704_home_2026-05-16,2026-05-16 00:00:00,540704,Heidenheim,Mainz,Bundesliga,1X2 — Vitória Casa,home,1.45,0.6382,-7.46,0.0,Previsão,1.0,PENDING,,,,,
540704_draw_2026-05-16,2026-05-16 00:00:00,540704,Heidenheim,Mainz,Bundesliga,1X2 — Empate,draw,4.91,0.1921,-5.68,0.0,Previsão,1.0,PENDING,,,,,
540704_away_2026-05-16,2026-05-16 00:00:00,540704,Heidenheim,Mainz,Bundesliga,1X2 — Vitória Fora,away,5.34,0.1697,-9.38,0.0,Previsão,1.0,PENDING,,,,,
540704_over_15_2026-05-16,2026-05-16 00:00:00,540704,Heidenheim,Mainz,Bundesliga,Over 1.5,over_15,1.08,0.8642,-6.67,0.0,Previsão,1.0,PENDING,,,,,
540704_over_25_2026-05-16,2026-05-16 00:00:00,540704,Heidenheim,Mainz,Bundesliga,Over 2.5,over_25,1.38,0.6753,-6.81,0.0,Previsão,1.0,PENDING,,,,,
540704_under_25_2026-05-16,2026-05-16 00:00:00,540704,Heidenheim,Mainz,Bundesliga,Under 2.5,under_25,2.82,0.3247,-8.43,0.0,Previsão,1.0,PENDING,,,,,
540704_over_35_2026-05-16,2026-05-16 00:00:00,540704,Heidenheim,Mainz,Bundesliga,Over 3.5,over_35,2.03,0.4535,-7.94,0.0,Previsão,1.0,PENDING,,,,,
540704_under_35_2026-05-16,2026-05-16 00:00:00,540704,Heidenheim,Mainz,Bundesliga,Under 3.5,under_35,1.7,0.5465,-7.1,0.0,Previsão,1.0,PENDING,,,,,
540705_home_2026-05-16,2026-05-16 00:00:00,540705,Freiburg,RB Leipzig,Bundesliga,1X2 — Vitória Casa,home,1.45,0.6368,-7.66,0.0,Previsão,1.0,PENDING,,,,,
540705_draw_2026-05-16,2026-05-16 00:00:00,540705,Freiburg,RB Leipzig,Bundesliga,1X2 — Empate,draw,4.91,0.1854,-8.97,0.0,Previsão,1.0,PENDING,,,,,
540705_away_2026-05-16,2026-05-16 00:00:00,540705,Freiburg,RB Leipzig,Bundesliga,1X2 — Vitória Fora,away,5.34,0.1778,-5.05,0.0,Previsão,1.0,PENDING,,,,,
540705_over_15_2026-05-16,2026-05-16 00:00:00,540705,Freiburg,RB Leipzig,Bundesliga,Over 1.5,over_15,1.08,0.8507,-8.12,0.0,Previsão,1.0,PENDING,,,,,
540705_over_25_2026-05-16,2026-05-16 00:00:00,540705,Freiburg,RB Leipzig,Bundesliga,Over 2.5,over_25,1.38,0.6622,-8.62,0.0,Previsão,1.0,PENDING,,,,,
540705_under_25_2026-05-16,2026-05-16 00:00:00,540705,Freiburg,RB Leipzig,Bundesliga,Under 2.5,under_25,2.82,0.3378,-4.74,0.0,Previsão,1.0,PENDING,,,,,
540705_over_35_2026-05-16,2026-05-16 00:00:00,540705,Freiburg,RB Leipzig,Bundesliga,Over 3.5,over_35,2.03,0.4437,-9.93,0.0,Previsão,1.0,PENDING,,,,,
540705_under_35_2026-05-16,2026-05-16 00:00:00,540705,Freiburg,RB Leipzig,Bundesliga,Under 3.5,under_35,1.7,0.5563,-5.43,0.0,Previsão,1.0,PENDING,,,,,
540706_home_2026-05-16,2026-05-16 00:00:00,540706,Frankfurt,Stuttgart,Bundesliga,1X2 — Vitória Casa,home,1.45,0.6457,-6.37,0.0,Previsão,1.0,PENDING,,,,,
540706_draw_2026-05-16,2026-05-16 00:00:00,540706,Frankfurt,Stuttgart,Bundesliga,1X2 — Empate,draw,4.91,0.1818,-10.74,0.0,Previsão,1.0,PENDING,,,,,
540706_away_2026-05-16,2026-05-16 00:00:00,540706,Frankfurt,Stuttgart,Bundesliga,1X2 — Vitória Fora,away,5.34,0.1725,-7.89,0.0,Previsão,1.0,PENDING,,,,,
540706_over_15_2026-05-16,2026-05-16 00:00:00,540706,Frankfurt,Stuttgart,Bundesliga,Over 1.5,over_15,1.08,0.8599,-7.13,0.0,Previsão,1.0,PENDING,,,,,
540706_over_25_2026-05-16,2026-05-16 00:00:00,540706,Frankfurt,Stuttgart,Bundesliga,Over 2.5,over_25,1.38,0.6768,-6.6,0.0,Previsão,1.0,PENDING,,,,,
540706_under_25_2026-05-16,2026-05-16 00:00:00,540706,Frankfurt,Stuttgart,Bundesliga,Under 2.5,under_25,2.82,0.3232,-8.86,0.0,Previsão,1.0,PENDING,,,,,
540706_over_35_2026-05-16,2026-05-16 00:00:00,540706,Frankfurt,Stuttgart,Bundesliga,Over 3.5,over_35,2.03,0.4569,-7.25,0.0,Previsão,1.0,PENDING,,,,,
540706_under_35_2026-05-16,2026-05-16 00:00:00,540706,Frankfurt,Stuttgart,Bundesliga,Under 3.5,under_35,1.7,0.5431,-7.67,0.0,Previsão,1.0,PENDING,,,,,
540707_home_2026-05-16,2026-05-16 00:00:00,540707,St. Pauli,Wolfsburg,Bundesliga,1X2 — Vitória Casa,home,1.45,0.6378,-7.52,0.0,Previsão,1.0,PENDING,,,,,
540707_draw_2026-05-16,2026-05-16 00:00:00,540707,St. Pauli,Wolfsburg,Bundesliga,1X2 — Empate,draw,4.91,0.1878,-7.79,0.0,Previsão,1.0,PENDING,,,,,
540707_away_2026-05-16,2026-05-16 00:00:00,540707,St. Pauli,Wolfsburg,Bundesliga,1X2 — Vitória Fora,away,5.34,0.1744,-6.87,0.0,Previsão,1.0,PENDING,,,,,
540707_over_15_2026-05-16,2026-05-16 00:00:00,540707,St. Pauli,Wolfsburg,Bundesliga,Over 1.5,over_15,1.08,0.8621,-6.89,0.0,Previsão,1.0,PENDING,,,,,
540707_over_25_2026-05-16,2026-05-16 00:00:00,540707,St. Pauli,Wolfsburg,Bundesliga,Over 2.5,over_25,1.38,0.6708,-7.43,0.0,Previsão,1.0,PENDING,,,,,
540707_under_25_2026-05-16,2026-05-16 00:00:00,540707,St. Pauli,Wolfsburg,Bundesliga,Under 2.5,under_25,2.82,0.3292,-7.17,0.0,Previsão,1.0,PENDING,,,,,
540707_over_35_2026-05-16,2026-05-16 00:00:00,540707,St. Pauli,Wolfsburg,Bundesliga,Over 3.5,over_35,2.03,0.4547,-7.7,0.0,Previsão,1.0,PENDING,,,,,
540707_under_35_2026-05-16,2026-05-16 00:00:00,540707,St. Pauli,Wolfsburg,Bundesliga,Under 3.5,under_35,1.7,0.5453,-7.3,0.0,Previsão,1.0,PENDING,,,,,
540708_home_2026-05-16,2026-05-16 00:00:00,540708,Union Berlin,Augsburg,Bundesliga,1X2 — Vitória Casa,home,1.45,0.6412,-7.03,0.0,Previsão,1.0,PENDING,,,,,
540708_draw_2026-05-16,2026-05-16 00:00:00,540708,Union Berlin,Augsburg,Bundesliga,1X2 — Empate,draw,4.91,0.1887,-7.35,0.0,Previsão,1.0,PENDING,,,,,
540708_away_2026-05-16,2026-05-16 00:00:00,540708,Union Berlin,Augsburg,Bundesliga,1X2 — Vitória Fora,away,5.34,0.1701,-9.17,0.0,Previsão,1.0,PENDING,,,,,
540708_over_15_2026-05-16,2026-05-16 00:00:00,540708,Union Berlin,Augsburg,Bundesliga,Over 1.5,over_15,1.08,0.8607,-7.04,0.0,Previsão,1.0,PENDING,,,,,
540708_over_25_2026-05-16,2026-05-16 00:00:00,540708,Union Berlin,Augsburg,Bundesliga,Over 2.5,over_25,1.38,0.6711,-7.39,0.0,Previsão,1.0,PENDING,,,,,
540708_under_25_2026-05-16,2026-05-16 00:00:00,540708,Union Berlin,Augsburg,Bundesliga,Under 2.5,under_25,2.82,0.3289,-7.25,0.0,Previsão,1.0,PENDING,,,,,
540708_over_35_2026-05-16,2026-05-16 00:00:00,540708,Union Berlin,Augsburg,Bundesliga,Over 3.5,over_35,2.03,0.4517,-8.3,0.0,Previsão,1.0,PENDING,,,,,
540708_under_35_2026-05-16,2026-05-16 00:00:00,540708,Union Berlin,Augsburg,Bundesliga,Under 3.5,under_35,1.7,0.5483,-6.79,0.0,Previsão,1.0,PENDING,,,,,
540709_home_2026-05-16,2026-05-16 00:00:00,540709,M'gladbach,Hoffenheim,Bundesliga,1X2 — Vitória Casa,home,1.45,0.6285,-8.87,0.0,Previsão,1.0,PENDING,,,,,
540709_draw_2026-05-16,2026-05-16 00:00:00,540709,M'gladbach,Hoffenheim,Bundesliga,1X2 — Empate,draw,4.91,0.1896,-6.91,0.0,Previsão,1.0,PENDING,,,,,
540709_away_2026-05-16,2026-05-16 00:00:00,540709,M'gladbach,Hoffenheim,Bundesliga,1X2 — Vitória Fora,away,5.34,0.1819,-2.87,0.0,Previsão,1.0,PENDING,,,,,
540709_over_15_2026-05-16,2026-05-16 00:00:00,540709,M'gladbach,Hoffenheim,Bundesliga,Over 1.5,over_15,1.08,0.8637,-6.72,0.0,Previsão,1.0,PENDING,,,,,
540709_over_25_2026-05-16,2026-05-16 00:00:00,540709,M'gladbach,Hoffenheim,Bundesliga,Over 2.5,over_25,1.38,0.6737,-7.03,0.0,Previsão,1.0,PENDING,,,,,
540709_under_25_2026-05-16,2026-05-16 00:00:00,540709,M'gladbach,Hoffenheim,Bundesliga,Under 2.5,under_25,2.82,0.3263,-7.98,0.0,Previsão,1.0,PENDING,,,,,
540709_over_35_2026-05-16,2026-05-16 00:00:00,540709,M'gladbach,Hoffenheim,Bundesliga,Over 3.5,over_35,2.03,0.4552,-7.59,0.0,Previsão,1.0,PENDING,,,,,
540709_under_35_2026-05-16,2026-05-16 00:00:00,540709,M'gladbach,Hoffenheim,Bundesliga,Under 3.5,under_35,1.7,0.5448,-7.38,0.0,Previsão,1.0,PENDING,,,,,
540710_home_2026-05-16,2026-05-16 00:00:00,540710,Bayern,1. FC Köln,Bundesliga,1X2 — Vitória Casa,home,1.45,0.6375,-7.56,0.0,Previsão,1.0,PENDING,,,,,
540710_draw_2026-05-16,2026-05-16 00:00:00,540710,Bayern,1. FC Köln,Bundesliga,1X2 — Empate,draw,4.91,0.1918,-5.83,0.0,Previsão,1.0,PENDING,,,,,
540710_away_2026-05-16,2026-05-16 00:00:00,540710,Bayern,1. FC Köln,Bundesliga,1X2 — Vitória Fora,away,5.34,0.1707,-8.85,0.0,Previsão,1.0,PENDING,,,,,
540710_over_15_2026-05-16,2026-05-16 00:00:00,540710,Bayern,1. FC Köln,Bundesliga,Over 1.5,over_15,1.08,0.8593,-7.2,0.0,Previsão,1.0,PENDING,,,,,
540710_over_25_2026-05-16,2026-05-16 00:00:00,540710,Bayern,1. FC Köln,Bundesliga,Over 2.5,over_25,1.38,0.6658,-8.12,0.0,Previsão,1.0,PENDING,,,,,
540710_under_25_2026-05-16,2026-05-16 00:00:00,540710,Bayern,1. FC Köln,Bundesliga,Under 2.5,under_25,2.82,0.3342,-5.76,0.0,Previsão,1.0,PENDING,,,,,
540710_over_35_2026-05-16,2026-05-16 00:00:00,540710,Bayern,1. FC Köln,Bundesliga,Over 3.5,over_35,2.03,0.4509,-8.47,0.0,Previsão,1.0,PENDING,,,,,
540710_under_35_2026-05-16,2026-05-16 00:00:00,540710,Bayern,1. FC Köln,Bundesliga,Under 3.5,under_35,1.7,0.5491,-6.65,0.0,Previsão,1.0,PENDING,,,,,
540711_home_2026-05-16,2026-05-16 00:00:00,540711,Leverkusen,HSV,Bundesliga,1X2 — Vitória Casa,home,1.45,0.63,-8.65,0.0,Previsão,1.0,PENDING,,,,,
540711_draw_2026-05-16,2026-05-16 00:00:00,540711,Leverkusen,HSV,Bundesliga,1X2 — Empate,draw,4.91,0.1963,-3.62,0.0,Previsão,1.0,PENDING,,,,,
540711_away_2026-05-16,2026-05-16 00:00:00,540711,Leverkusen,HSV,Bundesliga,1X2 — Vitória Fora,away,5.34,0.1737,-7.24,0.0,Previsão,1.0,PENDING,,,,,
540711_over_15_2026-05-16,2026-05-16 00:00:00,540711,Leverkusen,HSV,Bundesliga,Over 1.5,over_15,1.08,0.8576,-7.38,0.0,Previsão,1.0,PENDING,,,,,
540711_over_25_2026-05-16,2026-05-16 00:00:00,540711,Leverkusen,HSV,Bundesliga,Over 2.5,over_25,1.38,0.6641,-8.35,0.0,Previsão,1.0,PENDING,,,,,
540711_under_25_2026-05-16,2026-05-16 00:00:00,540711,Leverkusen,HSV,Bundesliga,Under 2.5,under_25,2.82,0.3359,-5.28,0.0,Previsão,1.0,PENDING,,,,,
540711_over_35_2026-05-16,2026-05-16 00:00:00,540711,Leverkusen,HSV,Bundesliga,Over 3.5,over_35,2.03,0.4438,-9.91,0.0,Previsão,1.0,PENDING,,,,,
540711_under_35_2026-05-16,2026-05-16 00:00:00,540711,Leverkusen,HSV,Bundesliga,Under 3.5,under_35,1.7,0.5562,-5.45,0.0,Previsão,1.0,PENDING,,,,,
545997_home_2026-05-16,2026-05-16 00:00:00,545997,Moreirense,AVS,Primeira Liga,1X2 — Vitória Casa,home,1.56,0.5918,-7.68,0.0,Previsão,1.0,PENDING,,,,,
545997_draw_2026-05-16,2026-05-16 00:00:00,545997,Moreirense,AVS,Primeira Liga,1X2 — Empate,draw,4.16,0.2232,-7.15,0.0,Previsão,1.0,PENDING,,,,,
545997_away_2026-05-16,2026-05-16 00:00:00,545997,Moreirense,AVS,Primeira Liga,1X2 — Vitória Fora,away,4.98,0.185,-7.87,0.0,Previsão,1.0,PENDING,,,,,
545997_over_15_2026-05-16,2026-05-16 00:00:00,545997,Moreirense,AVS,Primeira Liga,Over 1.5,over_15,1.2,0.7753,-6.96,0.0,Previsão,1.0,PENDING,,,,,
545997_over_25_2026-05-16,2026-05-16 00:00:00,545997,Moreirense,AVS,Primeira Liga,Over 2.5,over_25,1.73,0.5443,-5.84,0.0,Previsão,1.0,PENDING,,,,,
545997_under_25_2026-05-16,2026-05-16 00:00:00,545997,Moreirense,AVS,Primeira Liga,Under 2.5,under_25,1.99,0.4557,-9.32,0.0,Previsão,1.0,PENDING,,,,,
545997_over_35_2026-05-16,2026-05-16 00:00:00,545997,Moreirense,AVS,Primeira Liga,Over 3.5,over_35,2.97,0.3196,-5.08,0.0,Previsão,1.0,PENDING,,,,,
545997_under_35_2026-05-16,2026-05-16 00:00:00,545997,Moreirense,AVS,Primeira Liga,Under 3.5,under_35,1.35,0.6804,-8.15,0.0,Previsão,1.0,PENDING,,,,,
546000_home_2026-05-16,2026-05-16 00:00:00,546000,Porto,Santa Clara,Primeira Liga,1X2 — Vitória Casa,home,1.56,0.5936,-7.4,0.0,Previsão,1.0,PENDING,,,,,
546000_draw_2026-05-16,2026-05-16 00:00:00,546000,Porto,Santa Clara,Primeira Liga,1X2 — Empate,draw,4.16,0.2227,-7.36,0.0,Previsão,1.0,PENDING,,,,,
546000_away_2026-05-16,2026-05-16 00:00:00,546000,Porto,Santa Clara,Primeira Liga,1X2 — Vitória Fora,away,4.98,0.1837,-8.52,0.0,Previsão,1.0,PENDING,,,,,
546000_over_15_2026-05-16,2026-05-16 00:00:00,546000,Porto,Santa Clara,Primeira Liga,Over 1.5,over_15,1.2,0.7749,-7.01,0.0,Previsão,1.0,PENDING,,,,,
546000_over_25_2026-05-16,2026-05-16 00:00:00,546000,Porto,Santa Clara,Primeira Liga,Over 2.5,over_25,1.73,0.5378,-6.96,0.0,Previsão,1.0,PENDING,,,,,
546000_under_25_2026-05-16,2026-05-16 00:00:00,546000,Porto,Santa Clara,Primeira Liga,Under 2.5,under_25,1.99,0.4622,-8.02,0.0,Previsão,1.0,PENDING,,,,,
546000_over_35_2026-05-16,2026-05-16 00:00:00,546000,Porto,Santa Clara,Primeira Liga,Over 3.5,over_35,2.97,0.3118,-7.4,0.0,Previsão,1.0,PENDING,,,,,
546000_under_35_2026-05-16,2026-05-16 00:00:00,546000,Porto,Santa Clara,Primeira Liga,Under 3.5,under_35,1.35,0.6882,-7.09,0.0,Previsão,1.0,PENDING,,,,,
546002_home_2026-05-16,2026-05-16 00:00:00,546002,CD Nacional,Vitória SC,Primeira Liga,1X2 — Vitória Casa,home,1.56,0.5897,-8.01,0.0,Previsão,1.0,PENDING,,,,,
546002_draw_2026-05-16,2026-05-16 00:00:00,546002,CD Nacional,Vitória SC,Primeira Liga,1X2 — Empate,draw,4.16,0.2252,-6.32,0.0,Previsão,1.0,PENDING,,,,,
546002_away_2026-05-16,2026-05-16 00:00:00,546002,CD Nacional,Vitória SC,Primeira Liga,1X2 — Vitória Fora,away,4.98,0.1851,-7.82,0.0,Previsão,1.0,PENDING,,,,,
546002_over_15_2026-05-16,2026-05-16 00:00:00,546002,CD Nacional,Vitória SC,Primeira Liga,Over 1.5,over_15,1.2,0.7729,-7.25,0.0,Previsão,1.0,PENDING,,,,,
546002_over_25_2026-05-16,2026-05-16 00:00:00,546002,CD Nacional,Vitória SC,Primeira Liga,Over 2.5,over_25,1.73,0.526,-9.0,0.0,Previsão,1.0,PENDING,,,,,
546002_under_25_2026-05-16,2026-05-16 00:00:00,546002,CD Nacional,Vitória SC,Primeira Liga,Under 2.5,under_25,1.99,0.474,-5.67,0.0,Previsão,1.0,PENDING,,,,,
546002_over_35_2026-05-16,2026-05-16 00:00:00,546002,CD Nacional,Vitória SC,Primeira Liga,Over 3.5,over_35,2.97,0.3063,-9.03,0.0,Previsão,1.0,PENDING,,,,,
546002_under_35_2026-05-16,2026-05-16 00:00:00,546002,CD Nacional,Vitória SC,Primeira Liga,Under 3.5,under_35,1.35,0.6937,-6.35,0.0,Previsão,1.0,PENDING,,,,,
546003_home_2026-05-16,2026-05-16 00:00:00,546003,Casa Pia,Rio Ave,Primeira Liga,1X2 — Vitória Casa,home,1.56,0.5959,-7.04,0.0,Previsão,1.0,PENDING,,,,,
546003_draw_2026-05-16,2026-05-16 00:00:00,546003,Casa Pia,Rio Ave,Primeira Liga,1X2 — Empate,draw,4.16,0.2255,-6.19,0.0,Previsão,1.0,PENDING,,,,,
546003_away_2026-05-16,2026-05-16 00:00:00,546003,Casa Pia,Rio Ave,Primeira Liga,1X2 — Vitória Fora,away,4.98,0.1786,-11.06,0.0,Previsão,1.0,PENDING,,,,,
546003_over_15_2026-05-16,2026-05-16 00:00:00,546003,Casa Pia,Rio Ave,Primeira Liga,Over 1.5,over_15,1.2,0.7696,-7.65,0.0,Previsão,1.0,PENDING,,,,,
546003_over_25_2026-05-16,2026-05-16 00:00:00,546003,Casa Pia,Rio Ave,Primeira Liga,Over 2.5,over_25,1.73,0.5378,-6.96,0.0,Previsão,1.0,PENDING,,,,,
546003_under_25_2026-05-16,2026-05-16 00:00:00,546003,Casa Pia,Rio Ave,Primeira Liga,Under 2.5,under_25,1.99,0.4622,-8.02,0.0,Previsão,1.0,PENDING,,,,,
546003_over_35_2026-05-16,2026-05-16 00:00:00,546003,Casa Pia,Rio Ave,Primeira Liga,Over 3.5,over_35,2.97,0.3116,-7.45,0.0,Previsão,1.0,PENDING,,,,,
546003_under_35_2026-05-16,2026-05-16 00:00:00,546003,Casa Pia,Rio Ave,Primeira Liga,Under 3.5,under_35,1.35,0.6884,-7.07,0.0,Previsão,1.0,PENDING,,,,,
546004_home_2026-05-16,2026-05-16 00:00:00,546004,Arouca,Tondela,Primeira Liga,1X2 — Vitória Casa,home,1.56,0.5889,-8.13,0.0,Previsão,1.0,PENDING,,,,,
546004_draw_2026-05-16,2026-05-16 00:00:00,546004,Arouca,Tondela,Primeira Liga,1X2 — Empate,draw,4.16,0.2292,-4.65,0.0,Previsão,1.0,PENDING,,,,,
546004_away_2026-05-16,2026-05-16 00:00:00,546004,Arouca,Tondela,Primeira Liga,1X2 — Vitória Fora,away,4.98,0.1819,-9.41,0.0,Previsão,1.0,PENDING,,,,,
546004_over_15_2026-05-16,2026-05-16 00:00:00,546004,Arouca,Tondela,Primeira Liga,Over 1.5,over_15,1.2,0.7731,-7.23,0.0,Previsão,1.0,PENDING,,,,,
546004_over_25_2026-05-16,2026-05-16 00:00:00,546004,Arouca,Tondela,Primeira Liga,Over 2.5,over_25,1.73,0.5401,-6.56,0.0,Previsão,1.0,PENDING,,,,,
546004_under_25_2026-05-16,2026-05-16 00:00:00,546004,Arouca,Tondela,Primeira Liga,Under 2.5,under_25,1.99,0.4599,-8.48,0.0,Previsão,1.0,PENDING,,,,,
546004_over_35_2026-05-16,2026-05-16 00:00:00,546004,Arouca,Tondela,Primeira Liga,Over 3.5,over_35,2.97,0.3193,-5.17,0.0,Previsão,1.0,PENDING,,,,,
546004_under_35_2026-05-16,2026-05-16 00:00:00,546004,Arouca,Tondela,Primeira Liga,Under 3.5,under_35,1.35,0.6807,-8.11,0.0,Previsão,1.0,PENDING,,,,,
546005_home_2026-05-16,2026-05-16 00:00:00,546005,Braga,Amadora,Primeira Liga,1X2 — Vitória Casa,home,1.56,0.586,-8.58,0.0,Previsão,1.0,PENDING,,,,,
546005_draw_2026-05-16,2026-05-16 00:00:00,546005,Braga,Amadora,Primeira Liga,1X2 — Empate,draw,4.16,0.2216,-7.81,0.0,Previsão,1.0,PENDING,,,,,
546005_away_2026-05-16,2026-05-16 00:00:00,546005,Braga,Amadora,Primeira Liga,1X2 — Vitória Fora,away,4.98,0.1924,-4.18,0.0,Previsão,1.0,PENDING,,,,,
546005_over_15_2026-05-16,2026-05-16 00:00:00,546005,Braga,Amadora,Primeira Liga,Over 1.5,over_15,1.2,0.7713,-7.44,0.0,Previsão,1.0,PENDING,,,,,
546005_over_25_2026-05-16,2026-05-16 00:00:00,546005,Braga,Amadora,Primeira Liga,Over 2.5,over_25,1.73,0.5399,-6.6,0.0,Previsão,1.0,PENDING,,,,,
546005_under_25_2026-05-16,2026-05-16 00:00:00,546005,Braga,Amadora,Primeira Liga,Under 2.5,under_25,1.99,0.4601,-8.44,0.0,Previsão,1.0,PENDING,,,,,
546005_over_35_2026-05-16,2026-05-16 00:00:00,546005,Braga,Amadora,Primeira Liga,Over 3.5,over_35,2.97,0.3145,-6.59,0.0,Previsão,1.0,PENDING,,,,,
546005_under_35_2026-05-16,2026-05-16 00:00:00,546005,Braga,Amadora,Primeira Liga,Under 3.5,under_35,1.35,0.6855,-7.46,0.0,Previsão,1.0,PENDING,,,,,
545998_home_2026-05-16,2026-05-16 00:00:00,545998,Famalicão,Alverca,Primeira Liga,1X2 — Vitória Casa,home,1.56,0.5877,-8.32,0.0,Previsão,1.0,PENDING,,,,,
545998_draw_2026-05-16,2026-05-16 00:00:00,545998,Famalicão,Alverca,Primeira Liga,1X2 — Empate,draw,4.16,0.2233,-7.11,0.0,Previsão,1.0,PENDING,,,,,
545998_away_2026-05-16,2026-05-16 00:00:00,545998,Famalicão,Alverca,Primeira Liga,1X2 — Vitória Fora,away,4.98,0.189,-5.88,0.0,Previsão,1.0,PENDING,,,,,
545998_over_15_2026-05-16,2026-05-16 00:00:00,545998,Famalicão,Alverca,Primeira Liga,Over 1.5,over_15,1.2,0.7763,-6.84,0.0,Previsão,1.0,PENDING,,,,,
545998_over_25_2026-05-16,2026-05-16 00:00:00,545998,Famalicão,Alverca,Primeira Liga,Over 2.5,over_25,1.73,0.5414,-6.34,0.0,Previsão,1.0,PENDING,,,,,
545998_under_25_2026-05-16,2026-05-16 00:00:00,545998,Famalicão,Alverca,Primeira Liga,Under 2.5,under_25,1.99,0.4586,-8.74,0.0,Previsão,1.0,PENDING,,,,,
545998_over_35_2026-05-16,2026-05-16 00:00:00,545998,Famalicão,Alverca,Primeira Liga,Over 3.5,over_35,2.97,0.3156,-6.27,0.0,Previsão,1.0,PENDING,,,,,
545998_under_35_2026-05-16,2026-05-16 00:00:00,545998,Famalicão,Alverca,Primeira Liga,Under 3.5,under_35,1.35,0.6844,-7.61,0.0,Previsão,1.0,PENDING,,,,,
545999_home_2026-05-16,2026-05-16 00:00:00,545999,Sporting CP,Gil Vicente,Primeira Liga,1X2 — Vitória Casa,home,1.56,0.585,-8.74,0.0,Previsão,1.0,PENDING,,,,,
545999_draw_2026-05-16,2026-05-16 00:00:00,545999,Sporting CP,Gil Vicente,Primeira Liga,1X2 — Empate,draw,4.16,0.2201,-8.44,0.0,Previsão,1.0,PENDING,,,,,
545999_away_2026-05-16,2026-05-16 00:00:00,545999,Sporting CP,Gil Vicente,Primeira Liga,1X2 — Vitória Fora,away,4.98,0.1949,-2.94,0.0,Previsão,1.0,PENDING,,,,,
545999_over_15_2026-05-16,2026-05-16 00:00:00,545999,Sporting CP,Gil Vicente,Primeira Liga,Over 1.5,over_15,1.2,0.7671,-7.95,0.0,Previsão,1.0,PENDING,,,,,
545999_over_25_2026-05-16,2026-05-16 00:00:00,545999,Sporting CP,Gil Vicente,Primeira Liga,Over 2.5,over_25,1.73,0.5324,-7.89,0.0,Previsão,1.0,PENDING,,,,,
545999_under_25_2026-05-16,2026-05-16 00:00:00,545999,Sporting CP,Gil Vicente,Primeira Liga,Under 2.5,under_25,1.99,0.4676,-6.95,0.0,Previsão,1.0,PENDING,,,,,
545999_over_35_2026-05-16,2026-05-16 00:00:00,545999,Sporting CP,Gil Vicente,Primeira Liga,Over 3.5,over_35,2.97,0.3123,-7.25,0.0,Previsão,1.0,PENDING,,,,,
545999_under_35_2026-05-16,2026-05-16 00:00:00,545999,Sporting CP,Gil Vicente,Primeira Liga,Under 3.5,under_35,1.35,0.6877,-7.16,0.0,Previsão,1.0,PENDING,,,,,
546001_home_2026-05-16,2026-05-16 00:00:00,546001,Estoril Praia,SL Benfica,Primeira Liga,1X2 — Vitória Casa,home,1.56,0.5949,-7.2,0.0,Previsão,1.0,PENDING,,,,,
546001_draw_2026-05-16,2026-05-16 00:00:00,546001,Estoril Praia,SL Benfica,Primeira Liga,1X2 — Empate,draw,4.16,0.2178,-9.4,0.0,Previsão,1.0,PENDING,,,,,
546001_away_2026-05-16,2026-05-16 00:00:00,546001,Estoril Praia,SL Benfica,Primeira Liga,1X2 — Vitória Fora,away,4.98,0.1873,-6.72,0.0,Previsão,1.0,PENDING,,,,,
546001_over_15_2026-05-16,2026-05-16 00:00:00,546001,Estoril Praia,SL Benfica,Primeira Liga,Over 1.5,over_15,1.2,0.7716,-7.41,0.0,Previsão,1.0,PENDING,,,,,
546001_over_25_2026-05-16,2026-05-16 00:00:00,546001,Estoril Praia,SL Benfica,Primeira Liga,Over 2.5,over_25,1.73,0.5397,-6.63,0.0,Previsão,1.0,PENDING,,,,,
546001_under_25_2026-05-16,2026-05-16 00:00:00,546001,Estoril Praia,SL Benfica,Primeira Liga,Under 2.5,under_25,1.99,0.4603,-8.4,0.0,Previsão,1.0,PENDING,,,,,
546001_over_35_2026-05-16,2026-05-16 00:00:00,546001,Estoril Praia,SL Benfica,Primeira Liga,Over 3.5,over_35,2.97,0.3121,-7.31,0.0,Previsão,1.0,PENDING,,,,,
546001_under_35_2026-05-16,2026-05-16 00:00:00,546001,Estoril Praia,SL Benfica,Primeira Liga,Under 3.5,under_35,1.35,0.6879,-7.13,0.0,Previsão,1.0,PENDING,,,,,
554891_home_2026-05-16,2026-05-16 00:00:00,554891,Mineiro,Mirassol,Brasileirão Série A,1X2 — Vitória Casa,home,1.56,0.5896,-8.02,0.0,Previsão,1.0,PENDING,,,,,
554891_draw_2026-05-16,2026-05-16 00:00:00,554891,Mineiro,Mirassol,Brasileirão Série A,1X2 — Empate,draw,3.98,0.2374,-5.51,0.0,Previsão,1.0,PENDING,,,,,
554891_away_2026-05-16,2026-05-16 00:00:00,554891,Mineiro,Mirassol,Brasileirão Série A,1X2 — Vitória Fora,away,5.3,0.173,-8.31,0.0,Previsão,1.0,PENDING,,,,,
554891_over_15_2026-05-16,2026-05-16 00:00:00,554891,Mineiro,Mirassol,Brasileirão Série A,Over 1.5,over_15,1.27,0.7257,-7.84,0.0,Previsão,1.0,PENDING,,,,,
554891_over_25_2026-05-16,2026-05-16 00:00:00,554891,Mineiro,Mirassol,Brasileirão Série A,Over 2.5,over_25,1.94,0.4685,-9.11,0.0,Previsão,1.0,PENDING,,,,,
554891_under_25_2026-05-16,2026-05-16 00:00:00,554891,Mineiro,Mirassol,Brasileirão Série A,Under 2.5,under_25,1.77,0.5315,-5.92,0.0,Previsão,1.0,PENDING,,,,,
554891_over_35_2026-05-16,2026-05-16 00:00:00,554891,Mineiro,Mirassol,Brasileirão Série A,Over 3.5,over_35,3.57,0.2499,-10.79,0.0,Previsão,1.0,PENDING,,,,,
554891_under_35_2026-05-16,2026-05-16 00:00:00,554891,Mineiro,Mirassol,Brasileirão Série A,Under 3.5,under_35,1.25,0.7501,-6.24,0.0,Previsão,1.0,PENDING,,,,,
554897_home_2026-05-16,2026-05-16 00:00:00,554897,Internacional,Vasco da Gama,Brasileirão Série A,1X2 — Vitória Casa,home,1.56,0.5855,-8.66,0.0,Previsão,1.0,PENDING,,,,,
554897_draw_2026-05-16,2026-05-16 00:00:00,554897,Internacional,Vasco da Gama,Brasileirão Série A,1X2 — Empate,draw,3.98,0.2357,-6.19,0.0,Previsão,1.0,PENDING,,,,,
554897_away_2026-05-16,2026-05-16 00:00:00,554897,Internacional,Vasco da Gama,Brasileirão Série A,1X2 — Vitória Fora,away,5.3,0.1788,-5.24,0.0,Previsão,1.0,PENDING,,,,,
554897_over_15_2026-05-16,2026-05-16 00:00:00,554897,Internacional,Vasco da Gama,Brasileirão Série A,Over 1.5,over_15,1.27,0.7173,-8.9,0.0,Previsão,1.0,PENDING,,,,,
554897_over_25_2026-05-16,2026-05-16 00:00:00,554897,Internacional,Vasco da Gama,Brasileirão Série A,Over 2.5,over_25,1.94,0.4752,-7.81,0.0,Previsão,1.0,PENDING,,,,,
554897_under_25_2026-05-16,2026-05-16 00:00:00,554897,Internacional,Vasco da Gama,Brasileirão Série A,Under 2.5,under_25,1.77,0.5248,-7.11,0.0,Previsão,1.0,PENDING,,,,,
554897_over_35_2026-05-16,2026-05-16 00:00:00,554897,Internacional,Vasco da Gama,Brasileirão Série A,Over 3.5,over_35,3.57,0.2573,-8.14,0.0,Previsão,1.0,PENDING,,,,,
554897_under_35_2026-05-16,2026-05-16 00:00:00,554897,Internacional,Vasco da Gama,Brasileirão Série A,Under 3.5,under_35,1.25,0.7427,-7.16,0.0,Previsão,1.0,PENDING,,,,,
554896_home_2026-05-16,2026-05-16 00:00:00,554896,Fluminense,São Paulo,Brasileirão Série A,1X2 — Vitória Casa,home,1.56,0.5906,-7.87,0.0,Previsão,1.0,PENDING,,,,,
554896_draw_2026-05-16,2026-05-16 00:00:00,554896,Fluminense,São Paulo,Brasileirão Série A,1X2 — Empate,draw,3.98,0.2347,-6.59,0.0,Previsão,1.0,PENDING,,,,,
554896_away_2026-05-16,2026-05-16 00:00:00,554896,Fluminense,São Paulo,Brasileirão Série A,1X2 — Vitória Fora,away,5.3,0.1747,-7.41,0.0,Previsão,1.0,PENDING,,,,,
554896_over_15_2026-05-16,2026-05-16 00:00:00,554896,Fluminense,São Paulo,Brasileirão Série A,Over 1.5,over_15,1.27,0.7267,-7.71,0.0,Previsão,1.0,PENDING,,,,,
554896_over_25_2026-05-16,2026-05-16 00:00:00,554896,Fluminense,São Paulo,Brasileirão Série A,Over 2.5,over_25,1.94,0.4792,-7.04,0.0,Previsão,1.0,PENDING,,,,,
554896_under_25_2026-05-16,2026-05-16 00:00:00,554896,Fluminense,São Paulo,Brasileirão Série A,Under 2.5,under_25,1.77,0.5208,-7.82,0.0,Previsão,1.0,PENDING,,,,,
554896_over_35_2026-05-16,2026-05-16 00:00:00,554896,Fluminense,São Paulo,Brasileirão Série A,Over 3.5,over_35,3.57,0.2559,-8.64,0.0,Previsão,1.0,PENDING,,,,,
554896_under_35_2026-05-16,2026-05-16 00:00:00,554896,Fluminense,São Paulo,Brasileirão Série A,Under 3.5,under_35,1.25,0.7441,-6.99,0.0,Previsão,1.0,PENDING,,,,,
554898_home_2026-05-16,2026-05-16 00:00:00,554898,Palmeiras,Cruzeiro,Brasileirão Série A,1X2 — Vitória Casa,home,1.56,0.6013,-6.2,0.0,Previsão,1.0,PENDING,,,,,
554898_draw_2026-05-16,2026-05-16 00:00:00,554898,Palmeiras,Cruzeiro,Brasileirão Série A,1X2 — Empate,draw,3.98,0.2232,-11.17,0.0,Previsão,1.0,PENDING,,,,,
554898_away_2026-05-16,2026-05-16 00:00:00,554898,Palmeiras,Cruzeiro,Brasileirão Série A,1X2 — Vitória Fora,away,5.3,0.1755,-6.99,0.0,Previsão,1.0,PENDING,,,,,
554898_over_15_2026-05-16,2026-05-16 00:00:00,554898,Palmeiras,Cruzeiro,Brasileirão Série A,Over 1.5,over_15,1.27,0.7276,-7.59,0.0,Previsão,1.0,PENDING,,,,,
554898_over_25_2026-05-16,2026-05-16 00:00:00,554898,Palmeiras,Cruzeiro,Brasileirão Série A,Over 2.5,over_25,1.94,0.4775,-7.37,0.0,Previsão,1.0,PENDING,,,,,
554898_under_25_2026-05-16,2026-05-16 00:00:00,554898,Palmeiras,Cruzeiro,Brasileirão Série A,Under 2.5,under_25,1.77,0.5225,-7.52,0.0,Previsão,1.0,PENDING,,,,,
554898_over_35_2026-05-16,2026-05-16 00:00:00,554898,Palmeiras,Cruzeiro,Brasileirão Série A,Over 3.5,over_35,3.57,0.2562,-8.54,0.0,Previsão,1.0,PENDING,,,,,
554898_under_35_2026-05-16,2026-05-16 00:00:00,554898,Palmeiras,Cruzeiro,Brasileirão Série A,Under 3.5,under_35,1.25,0.7438,-7.02,0.0,Previsão,1.0,PENDING,,,,,
538148_home_2026-05-17,2026-05-17,538148,Brentford,Crystal Palace,Premier League,1X2 — Vitória Casa,home,1.65,0.5605,-7.52,0.0,Previsão,1.0,PENDING,,,,,
538148_draw_2026-05-17,2026-05-17,538148,Brentford,Crystal Palace,Premier League,1X2 — Empate,draw,4.25,0.2218,-5.74,0.0,Previsão,1.0,PENDING,,,,,
538148_away_2026-05-17,2026-05-17,538148,Brentford,Crystal Palace,Premier League,1X2 — Vitória Fora,away,4.22,0.2177,-8.13,0.0,Previsão,1.0,PENDING,,,,,
538148_over_15_2026-05-17,2026-05-17,538148,Brentford,Crystal Palace,Premier League,Over 1.5,over_15,1.13,0.8204,-7.29,0.0,Previsão,1.0,PENDING,,,,,
538148_over_25_2026-05-17,2026-05-17,538148,Brentford,Crystal Palace,Premier League,Over 2.5,over_25,1.54,0.5981,-7.89,0.0,Previsão,1.0,PENDING,,,,,
538148_under_25_2026-05-17,2026-05-17,538148,Brentford,Crystal Palace,Premier League,Under 2.5,under_25,2.32,0.4019,-6.76,0.0,Previsão,1.0,PENDING,,,,,
538148_over_35_2026-05-17,2026-05-17,538148,Brentford,Crystal Palace,Premier League,Over 3.5,over_35,2.45,0.3783,-7.32,0.0,Previsão,1.0,PENDING,,,,,
538148_under_35_2026-05-17,2026-05-17,538148,Brentford,Crystal Palace,Premier League,Under 3.5,under_35,1.49,0.6217,-7.37,0.0,Previsão,1.0,PENDING,,,,,
538150_home_2026-05-17,2026-05-17,538150,Everton,Sunderland,Premier League,1X2 — Vitória Casa,home,1.65,0.5687,-6.16,0.0,Previsão,1.0,PENDING,,,,,
538150_draw_2026-05-17,2026-05-17,538150,Everton,Sunderland,Premier League,1X2 — Empate,draw,4.25,0.2128,-9.56,0.0,Previsão,1.0,PENDING,,,,,
538150_away_2026-05-17,2026-05-17,538150,Everton,Sunderland,Premier League,1X2 — Vitória Fora,away,4.22,0.2185,-7.79,0.0,Previsão,1.0,PENDING,,,,,
538150_over_15_2026-05-17,2026-05-17,538150,Everton,Sunderland,Premier League,Over 1.5,over_15,1.13,0.8211,-7.22,0.0,Previsão,1.0,PENDING,,,,,
538150_over_25_2026-05-17,2026-05-17,538150,Everton,Sunderland,Premier League,Over 2.5,over_25,1.54,0.6047,-6.88,0.0,Previsão,1.0,PENDING,,,,,
538150_under_25_2026-05-17,2026-05-17,538150,Everton,Sunderland,Premier League,Under 2.5,under_25,2.32,0.3953,-8.29,0.0,Previsão,1.0,PENDING,,,,,
538150_over_35_2026-05-17,2026-05-17,538150,Everton,Sunderland,Premier League,Over 3.5,over_35,2.45,0.3871,-5.16,0.0,Previsão,1.0,PENDING,,,,,
538150_under_35_2026-05-17,2026-05-17,538150,Everton,Sunderland,Premier League,Under 3.5,under_35,1.49,0.6129,-8.68,0.0,Previsão,1.0,PENDING,,,,,
538151_home_2026-05-17,2026-05-17,538151,Leeds United,Brighton Hove,Premier League,1X2 — Vitória Casa,home,1.65,0.5638,-6.97,0.0,Previsão,1.0,PENDING,,,,,
538151_draw_2026-05-17,2026-05-17,538151,Leeds United,Brighton Hove,Premier League,1X2 — Empate,draw,4.25,0.2162,-8.11,0.0,Previsão,1.0,PENDING,,,,,
538151_away_2026-05-17,2026-05-17,538151,Leeds United,Brighton Hove,Premier League,1X2 — Vitória Fora,away,4.22,0.22,-7.16,0.0,Previsão,1.0,PENDING,,,,,
538151_over_15_2026-05-17,2026-05-17,538151,Leeds United,Brighton Hove,Premier League,Over 1.5,over_15,1.13,0.8169,-7.69,0.0,Previsão,1.0,PENDING,,,,,
538151_over_25_2026-05-17,2026-05-17,538151,Leeds United,Brighton Hove,Premier League,Over 2.5,over_25,1.54,0.6036,-7.05,0.0,Previsão,1.0,PENDING,,,,,
538151_under_25_2026-05-17,2026-05-17,538151,Leeds United,Brighton Hove,Premier League,Under 2.5,under_25,2.32,0.3964,-8.04,0.0,Previsão,1.0,PENDING,,,,,
538151_over_35_2026-05-17,2026-05-17,538151,Leeds United,Brighton Hove,Premier League,Over 3.5,over_35,2.45,0.3783,-7.32,0.0,Previsão,1.0,PENDING,,,,,
538151_under_35_2026-05-17,2026-05-17,538151,Leeds United,Brighton Hove,Premier League,Under 3.5,under_35,1.49,0.6217,-7.37,0.0,Previsão,1.0,PENDING,,,,,
538154_home_2026-05-17,2026-05-17,538154,Wolverhampton,Fulham,Premier League,1X2 — Vitória Casa,home,1.65,0.5673,-6.4,0.0,Previsão,1.0,PENDING,,,,,
538154_draw_2026-05-17,2026-05-17,538154,Wolverhampton,Fulham,Premier League,1X2 — Empate,draw,4.25,0.2138,-9.14,0.0,Previsão,1.0,PENDING,,,,,
538154_away_2026-05-17,2026-05-17,538154,Wolverhampton,Fulham,Premier League,1X2 — Vitória Fora,away,4.22,0.2189,-7.62,0.0,Previsão,1.0,PENDING,,,,,
538154_over_15_2026-05-17,2026-05-17,538154,Wolverhampton,Fulham,Premier League,Over 1.5,over_15,1.13,0.8103,-8.44,0.0,Previsão,1.0,PENDING,,,,,
538154_over_25_2026-05-17,2026-05-17,538154,Wolverhampton,Fulham,Premier League,Over 2.5,over_25,1.54,0.592,-8.83,0.0,Previsão,1.0,PENDING,,,,,
538154_under_25_2026-05-17,2026-05-17,538154,Wolverhampton,Fulham,Premier League,Under 2.5,under_25,2.32,0.408,-5.34,0.0,Previsão,1.0,PENDING,,,,,
538154_over_35_2026-05-17,2026-05-17,538154,Wolverhampton,Fulham,Premier League,Over 3.5,over_35,2.45,0.3729,-8.64,0.0,Previsão,1.0,PENDING,,,,,
538154_under_35_2026-05-17,2026-05-17,538154,Wolverhampton,Fulham,Premier League,Under 3.5,under_35,1.49,0.6271,-6.56,0.0,Previsão,1.0,PENDING,,,,,
538153_home_2026-05-17,2026-05-17,538153,Newcastle,West Ham,Premier League,1X2 — Vitória Casa,home,1.65,0.5705,-5.87,0.0,Previsão,1.0,PENDING,,,,,
538153_draw_2026-05-17,2026-05-17,538153,Newcastle,West Ham,Premier League,1X2 — Empate,draw,4.25,0.215,-8.63,0.0,Previsão,1.0,PENDING,,,,,
538153_away_2026-05-17,2026-05-17,538153,Newcastle,West Ham,Premier League,1X2 — Vitória Fora,away,4.22,0.2145,-9.48,0.0,Previsão,1.0,PENDING,,,,,
538153_over_15_2026-05-17,2026-05-17,538153,Newcastle,West Ham,Premier League,Over 1.5,over_15,1.13,0.8214,-7.18,0.0,Previsão,1.0,PENDING,,,,,
538153_over_25_2026-05-17,2026-05-17,538153,Newcastle,West Ham,Premier League,Over 2.5,over_25,1.54,0.6043,-6.94,0.0,Previsão,1.0,PENDING,,,,,
538153_under_25_2026-05-17,2026-05-17,538153,Newcastle,West Ham,Premier League,Under 2.5,under_25,2.32,0.3957,-8.2,0.0,Previsão,1.0,PENDING,,,,,
538153_over_35_2026-05-17,2026-05-17,538153,Newcastle,West Ham,Premier League,Over 3.5,over_35,2.45,0.3797,-6.97,0.0,Previsão,1.0,PENDING,,,,,
538153_under_35_2026-05-17,2026-05-17,538153,Newcastle,West Ham,Premier League,Under 3.5,under_35,1.49,0.6203,-7.58,0.0,Previsão,1.0,PENDING,,,,,
544571_home_2026-05-17,2026-05-17,544571,Athletic,Celta,La Liga,1X2 — Vitória Casa,home,1.61,0.5787,-6.83,0.0,Previsão,1.0,PENDING,,,,,
544571_draw_2026-05-17,2026-05-17,544571,Athletic,Celta,La Liga,1X2 — Empate,draw,4.13,0.2258,-6.74,0.0,Previsão,1.0,PENDING,,,,,
544571_away_2026-05-17,2026-05-17,544571,Athletic,Celta,La Liga,1X2 — Vitória Fora,away,4.65,0.1955,-9.09,0.0,Previsão,1.0,PENDING,,,,,
544571_over_15_2026-05-17,2026-05-17,544571,Athletic,Celta,La Liga,Over 1.5,over_15,1.19,0.7747,-7.81,0.0,Previsão,1.0,PENDING,,,,,
544571_over_25_2026-05-17,2026-05-17,544571,Athletic,Celta,La Liga,Over 2.5,over_25,1.7,0.5381,-8.52,0.0,Previsão,1.0,PENDING,,,,,
544571_under_25_2026-05-17,2026-05-17,544571,Athletic,Celta,La Liga,Under 2.5,under_25,2.03,0.4619,-6.23,0.0,Previsão,1.0,PENDING,,,,,
544571_over_35_2026-05-17,2026-05-17,544571,Athletic,Celta,La Liga,Over 3.5,over_35,2.88,0.3155,-9.14,0.0,Previsão,1.0,PENDING,,,,,
544571_under_35_2026-05-17,2026-05-17,544571,Athletic,Celta,La Liga,Under 3.5,under_35,1.36,0.6845,-6.91,0.0,Previsão,1.0,PENDING,,,,,
544572_home_2026-05-17,2026-05-17,544572,Atleti,Girona,La Liga,1X2 — Vitória Casa,home,1.61,0.5788,-6.81,0.0,Previsão,1.0,PENDING,,,,,
544572_draw_2026-05-17,2026-05-17,544572,Atleti,Girona,La Liga,1X2 — Empate,draw,4.13,0.2236,-7.65,0.0,Previsão,1.0,PENDING,,,,,
544572_away_2026-05-17,2026-05-17,544572,Atleti,Girona,La Liga,1X2 — Vitória Fora,away,4.65,0.1976,-8.12,0.0,Previsão,1.0,PENDING,,,,,
544572_over_15_2026-05-17,2026-05-17,544572,Atleti,Girona,La Liga,Over 1.5,over_15,1.19,0.776,-7.66,0.0,Previsão,1.0,PENDING,,,,,
544572_over_25_2026-05-17,2026-05-17,544572,Atleti,Girona,La Liga,Over 2.5,over_25,1.7,0.544,-7.52,0.0,Previsão,1.0,PENDING,,,,,
544572_under_25_2026-05-17,2026-05-17,544572,Atleti,Girona,La Liga,Under 2.5,under_25,2.03,0.456,-7.43,0.0,Previsão,1.0,PENDING,,,,,
544572_over_35_2026-05-17,2026-05-17,544572,Atleti,Girona,La Liga,Over 3.5,over_35,2.88,0.3205,-7.7,0.0,Previsão,1.0,PENDING,,,,,
544572_under_35_2026-05-17,2026-05-17,544572,Atleti,Girona,La Liga,Under 3.5,under_35,1.36,0.6795,-7.59,0.0,Previsão,1.0,PENDING,,,,,
544574_home_2026-05-17,2026-05-17,544574,Elche,Getafe,La Liga,1X2 — Vitória Casa,home,1.61,0.5784,-6.88,0.0,Previsão,1.0,PENDING,,,,,
544574_draw_2026-05-17,2026-05-17,544574,Elche,Getafe,La Liga,1X2 — Empate,draw,4.13,0.2187,-9.68,0.0,Previsão,1.0,PENDING,,,,,
544574_away_2026-05-17,2026-05-17,544574,Elche,Getafe,La Liga,1X2 — Vitória Fora,away,4.65,0.2029,-5.65,0.0,Previsão,1.0,PENDING,,,,,
544574_over_15_2026-05-17,2026-05-17,544574,Elche,Getafe,La Liga,Over 1.5,over_15,1.19,0.7786,-7.35,0.0,Previsão,1.0,PENDING,,,,,
544574_over_25_2026-05-17,2026-05-17,544574,Elche,Getafe,La Liga,Over 2.5,over_25,1.7,0.5458,-7.21,0.0,Previsão,1.0,PENDING,,,,,
544574_under_25_2026-05-17,2026-05-17,544574,Elche,Getafe,La Liga,Under 2.5,under_25,2.03,0.4542,-7.8,0.0,Previsão,1.0,PENDING,,,,,
544574_over_35_2026-05-17,2026-05-17,544574,Elche,Getafe,La Liga,Over 3.5,over_35,2.88,0.3278,-5.59,0.0,Previsão,1.0,PENDING,,,,,
544574_under_35_2026-05-17,2026-05-17,544574,Elche,Getafe,La Liga,Under 3.5,under_35,1.36,0.6722,-8.58,0.0,Previsão,1.0,PENDING,,,,,
544575_home_2026-05-17,2026-05-17,544575,Levante,Mallorca,La Liga,1X2 — Vitória Casa,home,1.61,0.585,-5.82,0.0,Previsão,1.0,PENDING,,,,,
544575_draw_2026-05-17,2026-05-17,544575,Levante,Mallorca,La Liga,1X2 — Empate,draw,4.13,0.2173,-10.26,0.0,Previsão,1.0,PENDING,,,,,
544575_away_2026-05-17,2026-05-17,544575,Levante,Mallorca,La Liga,1X2 — Vitória Fora,away,4.65,0.1977,-8.07,0.0,Previsão,1.0,PENDING,,,,,
544575_over_15_2026-05-17,2026-05-17,544575,Levante,Mallorca,La Liga,Over 1.5,over_15,1.19,0.781,-7.06,0.0,Previsão,1.0,PENDING,,,,,
544575_over_25_2026-05-17,2026-05-17,544575,Levante,Mallorca,La Liga,Over 2.5,over_25,1.7,0.5538,-5.85,0.0,Previsão,1.0,PENDING,,,,,
544575_under_25_2026-05-17,2026-05-17,544575,Levante,Mallorca,La Liga,Under 2.5,under_25,2.03,0.4462,-9.42,0.0,Previsão,1.0,PENDING,,,,,
544575_over_35_2026-05-17,2026-05-17,544575,Levante,Mallorca,La Liga,Over 3.5,over_35,2.88,0.3282,-5.48,0.0,Previsão,1.0,PENDING,,,,,
544575_under_35_2026-05-17,2026-05-17,544575,Levante,Mallorca,La Liga,Under 3.5,under_35,1.36,0.6718,-8.64,0.0,Previsão,1.0,PENDING,,,,,
544576_home_2026-05-17,2026-05-17,544576,Rayo Vallecano,Villarreal,La Liga,1X2 — Vitória Casa,home,1.61,0.5714,-8.0,0.0,Previsão,1.0,PENDING,,,,,
544576_draw_2026-05-17,2026-05-17,544576,Rayo Vallecano,Villarreal,La Liga,1X2 — Empate,draw,4.13,0.2275,-6.04,0.0,Previsão,1.0,PENDING,,,,,
544576_away_2026-05-17,2026-05-17,544576,Rayo Vallecano,Villarreal,La Liga,1X2 — Vitória Fora,away,4.65,0.2011,-6.49,0.0,Previsão,1.0,PENDING,,,,,
544576_over_15_2026-05-17,2026-05-17,544576,Rayo Vallecano,Villarreal,La Liga,Over 1.5,over_15,1.19,0.7754,-7.73,0.0,Previsão,1.0,PENDING,,,,,
544576_over_25_2026-05-17,2026-05-17,544576,Rayo Vallecano,Villarreal,La Liga,Over 2.5,over_25,1.7,0.5454,-7.28,0.0,Previsão,1.0,PENDING,,,,,
544576_under_25_2026-05-17,2026-05-17,544576,Rayo Vallecano,Villarreal,La Liga,Under 2.5,under_25,2.03,0.4546,-7.72,0.0,Previsão,1.0,PENDING,,,,,
544576_over_35_2026-05-17,2026-05-17,544576,Rayo Vallecano,Villarreal,La Liga,Over 3.5,over_35,2.88,0.3204,-7.72,0.0,Previsão,1.0,PENDING,,,,,
544576_under_35_2026-05-17,2026-05-17,544576,Rayo Vallecano,Villarreal,La Liga,Under 3.5,under_35,1.36,0.6796,-7.57,0.0,Previsão,1.0,PENDING,,,,,
544577_home_2026-05-17,2026-05-17,544577,Real Sociedad,Valencia,La Liga,1X2 — Vitória Casa,home,1.61,0.5876,-5.4,0.0,Previsão,1.0,PENDING,,,,,
544577_draw_2026-05-17,2026-05-17,544577,Real Sociedad,Valencia,La Liga,1X2 — Empate,draw,4.13,0.2192,-9.47,0.0,Previsão,1.0,PENDING,,,,,
544577_away_2026-05-17,2026-05-17,544577,Real Sociedad,Valencia,La Liga,1X2 — Vitória Fora,away,4.65,0.1932,-10.16,0.0,Previsão,1.0,PENDING,,,,,
544577_over_15_2026-05-17,2026-05-17,544577,Real Sociedad,Valencia,La Liga,Over 1.5,over_15,1.19,0.7815,-7.0,0.0,Previsão,1.0,PENDING,,,,,
544577_over_25_2026-05-17,2026-05-17,544577,Real Sociedad,Valencia,La Liga,Over 2.5,over_25,1.7,0.5531,-5.97,0.0,Previsão,1.0,PENDING,,,,,
544577_under_25_2026-05-17,2026-05-17,544577,Real Sociedad,Valencia,La Liga,Under 2.5,under_25,2.03,0.4469,-9.28,0.0,Previsão,1.0,PENDING,,,,,
544577_over_35_2026-05-17,2026-05-17,544577,Real Sociedad,Valencia,La Liga,Over 3.5,over_35,2.88,0.3252,-6.34,0.0,Previsão,1.0,PENDING,,,,,
544577_under_35_2026-05-17,2026-05-17,544577,Real Sociedad,Valencia,La Liga,Under 3.5,under_35,1.36,0.6748,-8.23,0.0,Previsão,1.0,PENDING,,,,,
544578_home_2026-05-17,2026-05-17,544578,Real Oviedo,Alavés,La Liga,1X2 — Vitória Casa,home,1.61,0.57,-8.23,0.0,Previsão,1.0,PENDING,,,,,
544578_draw_2026-05-17,2026-05-17,544578,Real Oviedo,Alavés,La Liga,1X2 — Empate,draw,4.13,0.2262,-6.58,0.0,Previsão,1.0,PENDING,,,,,
544578_away_2026-05-17,2026-05-17,544578,Real Oviedo,Alavés,La Liga,1X2 — Vitória Fora,away,4.65,0.2038,-5.23,0.0,Previsão,1.0,PENDING,,,,,
544578_over_15_2026-05-17,2026-05-17,544578,Real Oviedo,Alavés,La Liga,Over 1.5,over_15,1.19,0.7819,-6.95,0.0,Previsão,1.0,PENDING,,,,,
544578_over_25_2026-05-17,2026-05-17,544578,Real Oviedo,Alavés,La Liga,Over 2.5,over_25,1.7,0.5479,-6.86,0.0,Previsão,1.0,PENDING,,,,,
544578_under_25_2026-05-17,2026-05-17,544578,Real Oviedo,Alavés,La Liga,Under 2.5,under_25,2.03,0.4521,-8.22,0.0,Previsão,1.0,PENDING,,,,,
544578_over_35_2026-05-17,2026-05-17,544578,Real Oviedo,Alavés,La Liga,Over 3.5,over_35,2.88,0.3259,-6.14,0.0,Previsão,1.0,PENDING,,,,,
544578_under_35_2026-05-17,2026-05-17,544578,Real Oviedo,Alavés,La Liga,Under 3.5,under_35,1.36,0.6741,-8.32,0.0,Previsão,1.0,PENDING,,,,,
544579_home_2026-05-17,2026-05-17,544579,Osasuna,Espanyol,La Liga,1X2 — Vitória Casa,home,1.61,0.5767,-7.15,0.0,Previsão,1.0,PENDING,,,,,
544579_draw_2026-05-17,2026-05-17,544579,Osasuna,Espanyol,La Liga,1X2 — Empate,draw,4.13,0.2183,-9.84,0.0,Previsão,1.0,PENDING,,,,,
544579_away_2026-05-17,2026-05-17,544579,Osasuna,Espanyol,La Liga,1X2 — Vitória Fora,away,4.65,0.205,-4.67,0.0,Previsão,1.0,PENDING,,,,,
544579_over_15_2026-05-17,2026-05-17,544579,Osasuna,Espanyol,La Liga,Over 1.5,over_15,1.19,0.7805,-7.12,0.0,Previsão,1.0,PENDING,,,,,
544579_over_25_2026-05-17,2026-05-17,544579,Osasuna,Espanyol,La Liga,Over 2.5,over_25,1.7,0.5509,-6.35,0.0,Previsão,1.0,PENDING,,,,,
544579_under_25_2026-05-17,2026-05-17,544579,Osasuna,Espanyol,La Liga,Under 2.5,under_25,2.03,0.4491,-8.83,0.0,Previsão,1.0,PENDING,,,,,
544579_over_35_2026-05-17,2026-05-17,544579,Osasuna,Espanyol,La Liga,Over 3.5,over_35,2.88,0.3293,-5.16,0.0,Previsão,1.0,PENDING,,,,,
544579_under_35_2026-05-17,2026-05-17,544579,Osasuna,Espanyol,La Liga,Under 3.5,under_35,1.36,0.6707,-8.78,0.0,Previsão,1.0,PENDING,,,,,
544580_home_2026-05-17,2026-05-17,544580,Sevilla FC,Real Madrid,La Liga,1X2 — Vitória Casa,home,1.61,0.571,-8.07,0.0,Previsão,1.0,PENDING,,,,,
544580_draw_2026-05-17,2026-05-17,544580,Sevilla FC,Real Madrid,La Liga,1X2 — Empate,draw,4.13,0.231,-4.6,0.0,Previsão,1.0,PENDING,,,,,
544580_away_2026-05-17,2026-05-17,544580,Sevilla FC,Real Madrid,La Liga,1X2 — Vitória Fora,away,4.65,0.198,-7.93,0.0,Previsão,1.0,PENDING,,,,,
544580_over_15_2026-05-17,2026-05-17,544580,Sevilla FC,Real Madrid,La Liga,Over 1.5,over_15,1.19,0.7731,-8.0,0.0,Previsão,1.0,PENDING,,,,,
544580_over_25_2026-05-17,2026-05-17,544580,Sevilla FC,Real Madrid,La Liga,Over 2.5,over_25,1.7,0.5397,-8.25,0.0,Previsão,1.0,PENDING,,,,,
544580_under_25_2026-05-17,2026-05-17,544580,Sevilla FC,Real Madrid,La Liga,Under 2.5,under_25,2.03,0.4603,-6.56,0.0,Previsão,1.0,PENDING,,,,,
544580_over_35_2026-05-17,2026-05-17,544580,Sevilla FC,Real Madrid,La Liga,Over 3.5,over_35,2.88,0.3165,-8.85,0.0,Previsão,1.0,PENDING,,,,,
544580_under_35_2026-05-17,2026-05-17,544580,Sevilla FC,Real Madrid,La Liga,Under 3.5,under_35,1.36,0.6835,-7.04,0.0,Previsão,1.0,PENDING,,,,,
544573_home_2026-05-17,2026-05-17,544573,Barça,Real Betis,La Liga,1X2 — Vitória Casa,home,1.61,0.5788,-6.81,0.0,Previsão,1.0,PENDING,,,,,
544573_draw_2026-05-17,2026-05-17,544573,Barça,Real Betis,La Liga,1X2 — Empate,draw,4.13,0.2205,-8.93,0.0,Previsão,1.0,PENDING,,,,,
544573_away_2026-05-17,2026-05-17,544573,Barça,Real Betis,La Liga,1X2 — Vitória Fora,away,4.65,0.2007,-6.67,0.0,Previsão,1.0,PENDING,,,,,
544573_over_15_2026-05-17,2026-05-17,544573,Barça,Real Betis,La Liga,Over 1.5,over_15,1.19,0.7791,-7.29,0.0,Previsão,1.0,PENDING,,,,,
544573_over_25_2026-05-17,2026-05-17,544573,Barça,Real Betis,La Liga,Over 2.5,over_25,1.7,0.5416,-7.93,0.0,Previsão,1.0,PENDING,,,,,
544573_under_25_2026-05-17,2026-05-17,544573,Barça,Real Betis,La Liga,Under 2.5,under_25,2.03,0.4584,-6.94,0.0,Previsão,1.0,PENDING,,,,,
544573_over_35_2026-05-17,2026-05-17,544573,Barça,Real Betis,La Liga,Over 3.5,over_35,2.88,0.3159,-9.02,0.0,Previsão,1.0,PENDING,,,,,
544573_under_35_2026-05-17,2026-05-17,544573,Barça,Real Betis,La Liga,Under 3.5,under_35,1.36,0.6841,-6.96,0.0,Previsão,1.0,PENDING,,,,,
537180_home_2026-05-17,2026-05-17,537180,Inter,Verona,Serie A,1X2 — Vitória Casa,home,1.61,0.571,-8.07,0.0,Previsão,1.0,PENDING,,,,,
537180_draw_2026-05-17,2026-05-17,537180,Inter,Verona,Serie A,1X2 — Empate,draw,4.06,0.2283,-7.31,0.0,Previsão,1.0,PENDING,,,,,
537180_away_2026-05-17,2026-05-17,537180,Inter,Verona,Serie A,1X2 — Vitória Fora,away,4.73,0.2007,-5.07,0.0,Previsão,1.0,PENDING,,,,,
537180_over_15_2026-05-17,2026-05-17,537180,Inter,Verona,Serie A,Over 1.5,over_15,1.21,0.7674,-7.14,0.0,Previsão,1.0,PENDING,,,,,
537180_over_25_2026-05-17,2026-05-17,537180,Inter,Verona,Serie A,Over 2.5,over_25,1.76,0.5264,-7.35,0.0,Previsão,1.0,PENDING,,,,,
537180_under_25_2026-05-17,2026-05-17,537180,Inter,Verona,Serie A,Under 2.5,under_25,1.95,0.4736,-7.65,0.0,Previsão,1.0,PENDING,,,,,
537180_over_35_2026-05-17,2026-05-17,537180,Inter,Verona,Serie A,Over 3.5,over_35,3.05,0.3071,-6.33,0.0,Previsão,1.0,PENDING,,,,,
537180_under_35_2026-05-17,2026-05-17,537180,Inter,Verona,Serie A,Under 3.5,under_35,1.33,0.6929,-7.84,0.0,Previsão,1.0,PENDING,,,,,
537176_home_2026-05-17,2026-05-17,537176,Atalanta,Bologna,Serie A,1X2 — Vitória Casa,home,1.61,0.571,-8.07,0.0,Previsão,1.0,PENDING,,,,,
537176_draw_2026-05-17,2026-05-17,537176,Atalanta,Bologna,Serie A,1X2 — Empate,draw,4.06,0.2319,-5.85,0.0,Previsão,1.0,PENDING,,,,,
537176_away_2026-05-17,2026-05-17,537176,Atalanta,Bologna,Serie A,1X2 — Vitória Fora,away,4.73,0.1971,-6.77,0.0,Previsão,1.0,PENDING,,,,,
537176_over_15_2026-05-17,2026-05-17,537176,Atalanta,Bologna,Serie A,Over 1.5,over_15,1.21,0.7709,-6.72,0.0,Previsão,1.0,PENDING,,,,,
537176_over_25_2026-05-17,2026-05-17,537176,Atalanta,Bologna,Serie A,Over 2.5,over_25,1.76,0.5306,-6.61,0.0,Previsão,1.0,PENDING,,,,,
537176_under_25_2026-05-17,2026-05-17,537176,Atalanta,Bologna,Serie A,Under 2.5,under_25,1.95,0.4694,-8.47,0.0,Previsão,1.0,PENDING,,,,,
537176_over_35_2026-05-17,2026-05-17,537176,Atalanta,Bologna,Serie A,Over 3.5,over_35,3.05,0.3104,-5.33,0.0,Previsão,1.0,PENDING,,,,,
537176_under_35_2026-05-17,2026-05-17,537176,Atalanta,Bologna,Serie A,Under 3.5,under_35,1.33,0.6896,-8.28,0.0,Previsão,1.0,PENDING,,,,,
537177_home_2026-05-17,2026-05-17,537177,Cagliari,Torino,Serie A,1X2 — Vitória Casa,home,1.61,0.5772,-7.07,0.0,Previsão,1.0,PENDING,,,,,
537177_draw_2026-05-17,2026-05-17,537177,Cagliari,Torino,Serie A,1X2 — Empate,draw,4.06,0.2289,-7.07,0.0,Previsão,1.0,PENDING,,,,,
537177_away_2026-05-17,2026-05-17,537177,Cagliari,Torino,Serie A,1X2 — Vitória Fora,away,4.73,0.1939,-8.29,0.0,Previsão,1.0,PENDING,,,,,
537177_over_15_2026-05-17,2026-05-17,537177,Cagliari,Torino,Serie A,Over 1.5,over_15,1.21,0.7724,-6.54,0.0,Previsão,1.0,PENDING,,,,,
537177_over_25_2026-05-17,2026-05-17,537177,Cagliari,Torino,Serie A,Over 2.5,over_25,1.76,0.5292,-6.86,0.0,Previsão,1.0,PENDING,,,,,
537177_under_25_2026-05-17,2026-05-17,537177,Cagliari,Torino,Serie A,Under 2.5,under_25,1.95,0.4708,-8.19,0.0,Previsão,1.0,PENDING,,,,,
537177_over_35_2026-05-17,2026-05-17,537177,Cagliari,Torino,Serie A,Over 3.5,over_35,3.05,0.3061,-6.64,0.0,Previsão,1.0,PENDING,,,,,
537177_under_35_2026-05-17,2026-05-17,537177,Cagliari,Torino,Serie A,Under 3.5,under_35,1.33,0.6939,-7.71,0.0,Previsão,1.0,PENDING,,,,,
537183_home_2026-05-17,2026-05-17,537183,Sassuolo,Lecce,Serie A,1X2 — Vitória Casa,home,1.61,0.5774,-7.04,0.0,Previsão,1.0,PENDING,,,,,
537183_draw_2026-05-17,2026-05-17,537183,Sassuolo,Lecce,Serie A,1X2 — Empate,draw,4.06,0.2209,-10.31,0.0,Previsão,1.0,PENDING,,,,,
537183_away_2026-05-17,2026-05-17,537183,Sassuolo,Lecce,Serie A,1X2 — Vitória Fora,away,4.73,0.2017,-4.6,0.0,Previsão,1.0,PENDING,,,,,
537183_over_15_2026-05-17,2026-05-17,537183,Sassuolo,Lecce,Serie A,Over 1.5,over_15,1.21,0.7634,-7.63,0.0,Previsão,1.0,PENDING,,,,,
537183_over_25_2026-05-17,2026-05-17,537183,Sassuolo,Lecce,Serie A,Over 2.5,over_25,1.76,0.5294,-6.83,0.0,Previsão,1.0,PENDING,,,,,
537183_under_25_2026-05-17,2026-05-17,537183,Sassuolo,Lecce,Serie A,Under 2.5,under_25,1.95,0.4706,-8.23,0.0,Previsão,1.0,PENDING,,,,,
537183_over_35_2026-05-17,2026-05-17,537183,Sassuolo,Lecce,Serie A,Over 3.5,over_35,3.05,0.3017,-7.98,0.0,Previsão,1.0,PENDING,,,,,
537183_under_35_2026-05-17,2026-05-17,537183,Sassuolo,Lecce,Serie A,Under 3.5,under_35,1.33,0.6983,-7.13,0.0,Previsão,1.0,PENDING,,,,,
537184_home_2026-05-17,2026-05-17,537184,Udinese,Cremonese,Serie A,1X2 — Vitória Casa,home,1.61,0.5798,-6.65,0.0,Previsão,1.0,PENDING,,,,,
537184_draw_2026-05-17,2026-05-17,537184,Udinese,Cremonese,Serie A,1X2 — Empate,draw,4.06,0.2281,-7.39,0.0,Previsão,1.0,PENDING,,,,,
537184_away_2026-05-17,2026-05-17,537184,Udinese,Cremonese,Serie A,1X2 — Vitória Fora,away,4.73,0.1921,-9.14,0.0,Previsão,1.0,PENDING,,,,,
537184_over_15_2026-05-17,2026-05-17,537184,Udinese,Cremonese,Serie A,Over 1.5,over_15,1.21,0.7715,-6.65,0.0,Previsão,1.0,PENDING,,,,,
537184_over_25_2026-05-17,2026-05-17,537184,Udinese,Cremonese,Serie A,Over 2.5,over_25,1.76,0.5326,-6.26,0.0,Previsão,1.0,PENDING,,,,,
537184_under_25_2026-05-17,2026-05-17,537184,Udinese,Cremonese,Serie A,Under 2.5,under_25,1.95,0.4674,-8.86,0.0,Previsão,1.0,PENDING,,,,,
537184_over_35_2026-05-17,2026-05-17,537184,Udinese,Cremonese,Serie A,Over 3.5,over_35,3.05,0.3101,-5.42,0.0,Previsão,1.0,PENDING,,,,,
537184_under_35_2026-05-17,2026-05-17,537184,Udinese,Cremonese,Serie A,Under 3.5,under_35,1.33,0.6899,-8.24,0.0,Previsão,1.0,PENDING,,,,,
542703_home_2026-05-17,2026-05-17,542703,Lorient,Le Havre,Ligue 1,1X2 — Vitória Casa,home,1.54,0.5992,-7.72,0.0,Previsão,1.0,PENDING,,,,,
542703_draw_2026-05-17,2026-05-17,542703,Lorient,Le Havre,Ligue 1,1X2 — Empate,draw,4.13,0.2236,-7.65,0.0,Previsão,1.0,PENDING,,,,,
542703_away_2026-05-17,2026-05-17,542703,Lorient,Le Havre,Ligue 1,1X2 — Vitória Fora,away,5.27,0.1772,-6.62,0.0,Previsão,1.0,PENDING,,,,,
542703_over_15_2026-05-17,2026-05-17,542703,Lorient,Le Havre,Ligue 1,Over 1.5,over_15,1.23,0.7515,-7.57,0.0,Previsão,1.0,PENDING,,,,,
542703_over_25_2026-05-17,2026-05-17,542703,Lorient,Le Havre,Ligue 1,Over 2.5,over_25,1.81,0.5091,-7.85,0.0,Previsão,1.0,PENDING,,,,,
542703_under_25_2026-05-17,2026-05-17,542703,Lorient,Le Havre,Ligue 1,Under 2.5,under_25,1.89,0.4909,-7.22,0.0,Previsão,1.0,PENDING,,,,,
542703_over_35_2026-05-17,2026-05-17,542703,Lorient,Le Havre,Ligue 1,Over 3.5,over_35,3.19,0.294,-6.21,0.0,Previsão,1.0,PENDING,,,,,
542703_under_35_2026-05-17,2026-05-17,542703,Lorient,Le Havre,Ligue 1,Under 3.5,under_35,1.3,0.706,-8.22,0.0,Previsão,1.0,PENDING,,,,,
542704_home_2026-05-17,2026-05-17,542704,Nantes,Toulouse,Ligue 1,1X2 — Vitória Casa,home,1.54,0.6052,-6.8,0.0,Previsão,1.0,PENDING,,,,,
542704_draw_2026-05-17,2026-05-17,542704,Nantes,Toulouse,Ligue 1,1X2 — Empate,draw,4.13,0.2215,-8.52,0.0,Previsão,1.0,PENDING,,,,,
542704_away_2026-05-17,2026-05-17,542704,Nantes,Toulouse,Ligue 1,1X2 — Vitória Fora,away,5.27,0.1733,-8.67,0.0,Previsão,1.0,PENDING,,,,,
542704_over_15_2026-05-17,2026-05-17,542704,Nantes,Toulouse,Ligue 1,Over 1.5,over_15,1.23,0.759,-6.64,0.0,Previsão,1.0,PENDING,,,,,
542704_over_25_2026-05-17,2026-05-17,542704,Nantes,Toulouse,Ligue 1,Over 2.5,over_25,1.81,0.5153,-6.73,0.0,Previsão,1.0,PENDING,,,,,
542704_under_25_2026-05-17,2026-05-17,542704,Nantes,Toulouse,Ligue 1,Under 2.5,under_25,1.89,0.4847,-8.39,0.0,Previsão,1.0,PENDING,,,,,
542704_over_35_2026-05-17,2026-05-17,542704,Nantes,Toulouse,Ligue 1,Over 3.5,over_35,3.19,0.2918,-6.92,0.0,Previsão,1.0,PENDING,,,,,
542704_under_35_2026-05-17,2026-05-17,542704,Nantes,Toulouse,Ligue 1,Under 3.5,under_35,1.3,0.7082,-7.93,0.0,Previsão,1.0,PENDING,,,,,
542705_home_2026-05-17,2026-05-17,542705,Paris FC,PSG,Ligue 1,1X2 — Vitória Casa,home,1.54,0.5991,-7.74,0.0,Previsão,1.0,PENDING,,,,,
542705_draw_2026-05-17,2026-05-17,542705,Paris FC,PSG,Ligue 1,1X2 — Empate,draw,4.13,0.2315,-4.39,0.0,Previsão,1.0,PENDING,,,,,
542705_away_2026-05-17,2026-05-17,542705,Paris FC,PSG,Ligue 1,1X2 — Vitória Fora,away,5.27,0.1694,-10.73,0.0,Previsão,1.0,PENDING,,,,,
542705_over_15_2026-05-17,2026-05-17,542705,Paris FC,PSG,Ligue 1,Over 1.5,over_15,1.23,0.75,-7.75,0.0,Previsão,1.0,PENDING,,,,,
542705_over_25_2026-05-17,2026-05-17,542705,Paris FC,PSG,Ligue 1,Over 2.5,over_25,1.81,0.5085,-7.96,0.0,Previsão,1.0,PENDING,,,,,
542705_under_25_2026-05-17,2026-05-17,542705,Paris FC,PSG,Ligue 1,Under 2.5,under_25,1.89,0.4915,-7.11,0.0,Previsão,1.0,PENDING,,,,,
542705_over_35_2026-05-17,2026-05-17,542705,Paris FC,PSG,Ligue 1,Over 3.5,over_35,3.19,0.2895,-7.65,0.0,Previsão,1.0,PENDING,,,,,
542705_under_35_2026-05-17,2026-05-17,542705,Paris FC,PSG,Ligue 1,Under 3.5,under_35,1.3,0.7105,-7.63,0.0,Previsão,1.0,PENDING,,,,,
542706_home_2026-05-17,2026-05-17,542706,Nice,FC Metz,Ligue 1,1X2 — Vitória Casa,home,1.54,0.6075,-6.44,0.0,Previsão,1.0,PENDING,,,,,
542706_draw_2026-05-17,2026-05-17,542706,Nice,FC Metz,Ligue 1,1X2 — Empate,draw,4.13,0.2164,-10.63,0.0,Previsão,1.0,PENDING,,,,,
542706_away_2026-05-17,2026-05-17,542706,Nice,FC Metz,Ligue 1,1X2 — Vitória Fora,away,5.27,0.1761,-7.2,0.0,Previsão,1.0,PENDING,,,,,
542706_over_15_2026-05-17,2026-05-17,542706,Nice,FC Metz,Ligue 1,Over 1.5,over_15,1.23,0.755,-7.14,0.0,Previsão,1.0,PENDING,,,,,
542706_over_25_2026-05-17,2026-05-17,542706,Nice,FC Metz,Ligue 1,Over 2.5,over_25,1.81,0.5137,-7.02,0.0,Previsão,1.0,PENDING,,,,,
542706_under_25_2026-05-17,2026-05-17,542706,Nice,FC Metz,Ligue 1,Under 2.5,under_25,1.89,0.4863,-8.09,0.0,Previsão,1.0,PENDING,,,,,
542706_over_35_2026-05-17,2026-05-17,542706,Nice,FC Metz,Ligue 1,Over 3.5,over_35,3.19,0.2937,-6.31,0.0,Previsão,1.0,PENDING,,,,,
542706_under_35_2026-05-17,2026-05-17,542706,Nice,FC Metz,Ligue 1,Under 3.5,under_35,1.3,0.7063,-8.18,0.0,Previsão,1.0,PENDING,,,,,
542707_home_2026-05-17,2026-05-17,542707,Olympique Lyon,RC Lens,Ligue 1,1X2 — Vitória Casa,home,1.54,0.6058,-6.71,0.0,Previsão,1.0,PENDING,,,,,
542707_draw_2026-05-17,2026-05-17,542707,Olympique Lyon,RC Lens,Ligue 1,1X2 — Empate,draw,4.13,0.2199,-9.18,0.0,Previsão,1.0,PENDING,,,,,
542707_away_2026-05-17,2026-05-17,542707,Olympique Lyon,RC Lens,Ligue 1,1X2 — Vitória Fora,away,5.27,0.1743,-8.14,0.0,Previsão,1.0,PENDING,,,,,
542707_over_15_2026-05-17,2026-05-17,542707,Olympique Lyon,RC Lens,Ligue 1,Over 1.5,over_15,1.23,0.7546,-7.18,0.0,Previsão,1.0,PENDING,,,,,
542707_over_25_2026-05-17,2026-05-17,542707,Olympique Lyon,RC Lens,Ligue 1,Over 2.5,over_25,1.81,0.5181,-6.22,0.0,Previsão,1.0,PENDING,,,,,
542707_under_25_2026-05-17,2026-05-17,542707,Olympique Lyon,RC Lens,Ligue 1,Under 2.5,under_25,1.89,0.4819,-8.92,0.0,Previsão,1.0,PENDING,,,,,
542707_over_35_2026-05-17,2026-05-17,542707,Olympique Lyon,RC Lens,Ligue 1,Over 3.5,over_35,3.19,0.2973,-5.16,0.0,Previsão,1.0,PENDING,,,,,
542707_under_35_2026-05-17,2026-05-17,542707,Olympique Lyon,RC Lens,Ligue 1,Under 3.5,under_35,1.3,0.7027,-8.65,0.0,Previsão,1.0,PENDING,,,,,
542708_home_2026-05-17,2026-05-17,542708,Marseille,Stade Rennais,Ligue 1,1X2 — Vitória Casa,home,1.54,0.6024,-7.23,0.0,Previsão,1.0,PENDING,,,,,
542708_draw_2026-05-17,2026-05-17,542708,Marseille,Stade Rennais,Ligue 1,1X2 — Empate,draw,4.13,0.2244,-7.32,0.0,Previsão,1.0,PENDING,,,,,
542708_away_2026-05-17,2026-05-17,542708,Marseille,Stade Rennais,Ligue 1,1X2 — Vitória Fora,away,5.27,0.1732,-8.72,0.0,Previsão,1.0,PENDING,,,,,
542708_over_15_2026-05-17,2026-05-17,542708,Marseille,Stade Rennais,Ligue 1,Over 1.5,over_15,1.23,0.756,-7.01,0.0,Previsão,1.0,PENDING,,,,,
542708_over_25_2026-05-17,2026-05-17,542708,Marseille,Stade Rennais,Ligue 1,Over 2.5,over_25,1.81,0.5093,-7.82,0.0,Previsão,1.0,PENDING,,,,,
542708_under_25_2026-05-17,2026-05-17,542708,Marseille,Stade Rennais,Ligue 1,Under 2.5,under_25,1.89,0.4907,-7.26,0.0,Previsão,1.0,PENDING,,,,,
542708_over_35_2026-05-17,2026-05-17,542708,Marseille,Stade Rennais,Ligue 1,Over 3.5,over_35,3.19,0.286,-8.77,0.0,Previsão,1.0,PENDING,,,,,
542708_under_35_2026-05-17,2026-05-17,542708,Marseille,Stade Rennais,Ligue 1,Under 3.5,under_35,1.3,0.714,-7.18,0.0,Previsão,1.0,PENDING,,,,,
542709_home_2026-05-17,2026-05-17,542709,Lille,Auxerre,Ligue 1,1X2 — Vitória Casa,home,1.54,0.603,-7.14,0.0,Previsão,1.0,PENDING,,,,,
542709_draw_2026-05-17,2026-05-17,542709,Lille,Auxerre,Ligue 1,1X2 — Empate,draw,4.13,0.2209,-8.77,0.0,Previsão,1.0,PENDING,,,,,
542709_away_2026-05-17,2026-05-17,542709,Lille,Auxerre,Ligue 1,1X2 — Vitória Fora,away,5.27,0.1761,-7.2,0.0,Previsão,1.0,PENDING,,,,,
542709_over_15_2026-05-17,2026-05-17,542709,Lille,Auxerre,Ligue 1,Over 1.5,over_15,1.23,0.7596,-6.57,0.0,Previsão,1.0,PENDING,,,,,
542709_over_25_2026-05-17,2026-05-17,542709,Lille,Auxerre,Ligue 1,Over 2.5,over_25,1.81,0.5099,-7.71,0.0,Previsão,1.0,PENDING,,,,,
542709_under_25_2026-05-17,2026-05-17,542709,Lille,Auxerre,Ligue 1,Under 2.5,under_25,1.89,0.4901,-7.37,0.0,Previsão,1.0,PENDING,,,,,
542709_over_35_2026-05-17,2026-05-17,542709,Lille,Auxerre,Ligue 1,Over 3.5,over_35,3.19,0.2899,-7.52,0.0,Previsão,1.0,PENDING,,,,,
542709_under_35_2026-05-17,2026-05-17,542709,Lille,Auxerre,Ligue 1,Under 3.5,under_35,1.3,0.7101,-7.69,0.0,Previsão,1.0,PENDING,,,,,
542710_home_2026-05-17,2026-05-17,542710,Strasbourg,Monaco,Ligue 1,1X2 — Vitória Casa,home,1.54,0.6026,-7.2,0.0,Previsão,1.0,PENDING,,,,,
542710_draw_2026-05-17,2026-05-17,542710,Strasbourg,Monaco,Ligue 1,1X2 — Empate,draw,4.13,0.2232,-7.82,0.0,Previsão,1.0,PENDING,,,,,
542710_away_2026-05-17,2026-05-17,542710,Strasbourg,Monaco,Ligue 1,1X2 — Vitória Fora,away,5.27,0.1742,-8.2,0.0,Previsão,1.0,PENDING,,,,,
542710_over_15_2026-05-17,2026-05-17,542710,Strasbourg,Monaco,Ligue 1,Over 1.5,over_15,1.23,0.752,-7.5,0.0,Previsão,1.0,PENDING,,,,,
542710_over_25_2026-05-17,2026-05-17,542710,Strasbourg,Monaco,Ligue 1,Over 2.5,over_25,1.81,0.5125,-7.24,0.0,Previsão,1.0,PENDING,,,,,
542710_under_25_2026-05-17,2026-05-17,542710,Strasbourg,Monaco,Ligue 1,Under 2.5,under_25,1.89,0.4875,-7.86,0.0,Previsão,1.0,PENDING,,,,,
542710_over_35_2026-05-17,2026-05-17,542710,Strasbourg,Monaco,Ligue 1,Over 3.5,over_35,3.19,0.2884,-8.0,0.0,Previsão,1.0,PENDING,,,,,
542710_under_35_2026-05-17,2026-05-17,542710,Strasbourg,Monaco,Ligue 1,Under 3.5,under_35,1.3,0.7116,-7.49,0.0,Previsão,1.0,PENDING,,,,,
542711_home_2026-05-17,2026-05-17,542711,Brest,Angers SCO,Ligue 1,1X2 — Vitória Casa,home,1.54,0.6049,-6.85,0.0,Previsão,1.0,PENDING,,,,,
542711_draw_2026-05-17,2026-05-17,542711,Brest,Angers SCO,Ligue 1,1X2 — Empate,draw,4.13,0.2207,-8.85,0.0,Previsão,1.0,PENDING,,,,,
542711_away_2026-05-17,2026-05-17,542711,Brest,Angers SCO,Ligue 1,1X2 — Vitória Fora,away,5.27,0.1744,-8.09,0.0,Previsão,1.0,PENDING,,,,,
542711_over_15_2026-05-17,2026-05-17,542711,Brest,Angers SCO,Ligue 1,Over 1.5,over_15,1.23,0.7558,-7.04,0.0,Previsão,1.0,PENDING,,,,,
542711_over_25_2026-05-17,2026-05-17,542711,Brest,Angers SCO,Ligue 1,Over 2.5,over_25,1.81,0.5137,-7.02,0.0,Previsão,1.0,PENDING,,,,,
542711_under_25_2026-05-17,2026-05-17,542711,Brest,Angers SCO,Ligue 1,Under 2.5,under_25,1.89,0.4863,-8.09,0.0,Previsão,1.0,PENDING,,,,,
542711_over_35_2026-05-17,2026-05-17,542711,Brest,Angers SCO,Ligue 1,Over 3.5,over_35,3.19,0.2927,-6.63,0.0,Previsão,1.0,PENDING,,,,,
542711_under_35_2026-05-17,2026-05-17,542711,Brest,Angers SCO,Ligue 1,Under 3.5,under_35,1.3,0.7073,-8.05,0.0,Previsão,1.0,PENDING,,,,,
537738_home_2026-05-17,2026-05-17,537738,AZ,NAC,Eredivisie,1X2 — Vitória Casa,home,1.48,0.6163,-8.79,0.0,Previsão,1.0,PENDING,,,,,
537738_draw_2026-05-17,2026-05-17,537738,AZ,NAC,Eredivisie,1X2 — Empate,draw,4.73,0.1991,-5.83,0.0,Previsão,1.0,PENDING,,,,,
537738_away_2026-05-17,2026-05-17,537738,AZ,NAC,Eredivisie,1X2 — Vitória Fora,away,5.18,0.1846,-4.38,0.0,Previsão,1.0,PENDING,,,,,
537738_over_15_2026-05-17,2026-05-17,537738,AZ,NAC,Eredivisie,Over 1.5,over_15,1.1,0.8433,-7.24,0.0,Previsão,1.0,PENDING,,,,,
537738_over_25_2026-05-17,2026-05-17,537738,AZ,NAC,Eredivisie,Over 2.5,over_25,1.44,0.6396,-7.9,0.0,Previsão,1.0,PENDING,,,,,
537738_under_25_2026-05-17,2026-05-17,537738,AZ,NAC,Eredivisie,Under 2.5,under_25,2.61,0.3604,-5.94,0.0,Previsão,1.0,PENDING,,,,,
537738_over_35_2026-05-17,2026-05-17,537738,AZ,NAC,Eredivisie,Over 3.5,over_35,2.18,0.4245,-7.46,0.0,Previsão,1.0,PENDING,,,,,
537738_under_35_2026-05-17,2026-05-17,537738,AZ,NAC,Eredivisie,Under 3.5,under_35,1.61,0.5755,-7.34,0.0,Previsão,1.0,PENDING,,,,,
537739_home_2026-05-17,2026-05-17,537739,Utrecht,Sittard,Eredivisie,1X2 — Vitória Casa,home,1.48,0.6235,-7.72,0.0,Previsão,1.0,PENDING,,,,,
537739_draw_2026-05-17,2026-05-17,537739,Utrecht,Sittard,Eredivisie,1X2 — Empate,draw,4.73,0.1995,-5.64,0.0,Previsão,1.0,PENDING,,,,,
537739_away_2026-05-17,2026-05-17,537739,Utrecht,Sittard,Eredivisie,1X2 — Vitória Fora,away,5.18,0.177,-8.31,0.0,Previsão,1.0,PENDING,,,,,
537739_over_15_2026-05-17,2026-05-17,537739,Utrecht,Sittard,Eredivisie,Over 1.5,over_15,1.1,0.8462,-6.92,0.0,Previsão,1.0,PENDING,,,,,
537739_over_25_2026-05-17,2026-05-17,537739,Utrecht,Sittard,Eredivisie,Over 2.5,over_25,1.44,0.6446,-7.18,0.0,Previsão,1.0,PENDING,,,,,
537739_under_25_2026-05-17,2026-05-17,537739,Utrecht,Sittard,Eredivisie,Under 2.5,under_25,2.61,0.3554,-7.24,0.0,Previsão,1.0,PENDING,,,,,
537739_over_35_2026-05-17,2026-05-17,537739,Utrecht,Sittard,Eredivisie,Over 3.5,over_35,2.18,0.4272,-6.87,0.0,Previsão,1.0,PENDING,,,,,
537739_under_35_2026-05-17,2026-05-17,537739,Utrecht,Sittard,Eredivisie,Under 3.5,under_35,1.61,0.5728,-7.78,0.0,Previsão,1.0,PENDING,,,,,
537740_home_2026-05-17,2026-05-17,537740,Volendam,Telstar,Eredivisie,1X2 — Vitória Casa,home,1.48,0.6228,-7.83,0.0,Previsão,1.0,PENDING,,,,,
537740_draw_2026-05-17,2026-05-17,537740,Volendam,Telstar,Eredivisie,1X2 — Empate,draw,4.73,0.1958,-7.39,0.0,Previsão,1.0,PENDING,,,,,
537740_away_2026-05-17,2026-05-17,537740,Volendam,Telstar,Eredivisie,1X2 — Vitória Fora,away,5.18,0.1814,-6.03,0.0,Previsão,1.0,PENDING,,,,,
537740_over_15_2026-05-17,2026-05-17,537740,Volendam,Telstar,Eredivisie,Over 1.5,over_15,1.1,0.843,-7.27,0.0,Previsão,1.0,PENDING,,,,,
537740_over_25_2026-05-17,2026-05-17,537740,Volendam,Telstar,Eredivisie,Over 2.5,over_25,1.44,0.6464,-6.92,0.0,Previsão,1.0,PENDING,,,,,
537740_under_25_2026-05-17,2026-05-17,537740,Volendam,Telstar,Eredivisie,Under 2.5,under_25,2.61,0.3536,-7.71,0.0,Previsão,1.0,PENDING,,,,,
537740_over_35_2026-05-17,2026-05-17,537740,Volendam,Telstar,Eredivisie,Over 3.5,over_35,2.18,0.4303,-6.19,0.0,Previsão,1.0,PENDING,,,,,
537740_under_35_2026-05-17,2026-05-17,537740,Volendam,Telstar,Eredivisie,Under 3.5,under_35,1.61,0.5697,-8.28,0.0,Previsão,1.0,PENDING,,,,,
537741_home_2026-05-17,2026-05-17,537741,Heracles,Groningen,Eredivisie,1X2 — Vitória Casa,home,1.48,0.6212,-8.06,0.0,Previsão,1.0,PENDING,,,,,
537741_draw_2026-05-17,2026-05-17,537741,Heracles,Groningen,Eredivisie,1X2 — Empate,draw,4.73,0.1986,-6.06,0.0,Previsão,1.0,PENDING,,,,,
537741_away_2026-05-17,2026-05-17,537741,Heracles,Groningen,Eredivisie,1X2 — Vitória Fora,away,5.18,0.1802,-6.66,0.0,Previsão,1.0,PENDING,,,,,
537741_over_15_2026-05-17,2026-05-17,537741,Heracles,Groningen,Eredivisie,Over 1.5,over_15,1.1,0.8455,-6.99,0.0,Previsão,1.0,PENDING,,,,,
537741_over_25_2026-05-17,2026-05-17,537741,Heracles,Groningen,Eredivisie,Over 2.5,over_25,1.44,0.6475,-6.76,0.0,Previsão,1.0,PENDING,,,,,
537741_under_25_2026-05-17,2026-05-17,537741,Heracles,Groningen,Eredivisie,Under 2.5,under_25,2.61,0.3525,-8.0,0.0,Previsão,1.0,PENDING,,,,,
537741_over_35_2026-05-17,2026-05-17,537741,Heracles,Groningen,Eredivisie,Over 3.5,over_35,2.18,0.4232,-7.74,0.0,Previsão,1.0,PENDING,,,,,
537741_under_35_2026-05-17,2026-05-17,537741,Heracles,Groningen,Eredivisie,Under 3.5,under_35,1.61,0.5768,-7.14,0.0,Previsão,1.0,PENDING,,,,,
537742_home_2026-05-17,2026-05-17,537742,NEC,Go Ahead,Eredivisie,1X2 — Vitória Casa,home,1.48,0.627,-7.2,0.0,Previsão,1.0,PENDING,,,,,
537742_draw_2026-05-17,2026-05-17,537742,NEC,Go Ahead,Eredivisie,1X2 — Empate,draw,4.73,0.1907,-9.8,0.0,Previsão,1.0,PENDING,,,,,
537742_away_2026-05-17,2026-05-17,537742,NEC,Go Ahead,Eredivisie,1X2 — Vitória Fora,away,5.18,0.1823,-5.57,0.0,Previsão,1.0,PENDING,,,,,
537742_over_15_2026-05-17,2026-05-17,537742,NEC,Go Ahead,Eredivisie,Over 1.5,over_15,1.1,0.8508,-6.41,0.0,Previsão,1.0,PENDING,,,,,
537742_over_25_2026-05-17,2026-05-17,537742,NEC,Go Ahead,Eredivisie,Over 2.5,over_25,1.44,0.6532,-5.94,0.0,Previsão,1.0,PENDING,,,,,
537742_under_25_2026-05-17,2026-05-17,537742,NEC,Go Ahead,Eredivisie,Under 2.5,under_25,2.61,0.3468,-9.49,0.0,Previsão,1.0,PENDING,,,,,
537742_over_35_2026-05-17,2026-05-17,537742,NEC,Go Ahead,Eredivisie,Over 3.5,over_35,2.18,0.4273,-6.85,0.0,Previsão,1.0,PENDING,,,,,
537742_under_35_2026-05-17,2026-05-17,537742,NEC,Go Ahead,Eredivisie,Under 3.5,under_35,1.61,0.5727,-7.8,0.0,Previsão,1.0,PENDING,,,,,
537743_home_2026-05-17,2026-05-17,537743,Zwolle,Feyenoord,Eredivisie,1X2 — Vitória Casa,home,1.48,0.6208,-8.12,0.0,Previsão,1.0,PENDING,,,,,
537743_draw_2026-05-17,2026-05-17,537743,Zwolle,Feyenoord,Eredivisie,1X2 — Empate,draw,4.73,0.1944,-8.05,0.0,Previsão,1.0,PENDING,,,,,
537743_away_2026-05-17,2026-05-17,537743,Zwolle,Feyenoord,Eredivisie,1X2 — Vitória Fora,away,5.18,0.1848,-4.27,0.0,Previsão,1.0,PENDING,,,,,
537743_over_15_2026-05-17,2026-05-17,537743,Zwolle,Feyenoord,Eredivisie,Over 1.5,over_15,1.1,0.8433,-7.24,0.0,Previsão,1.0,PENDING,,,,,
537743_over_25_2026-05-17,2026-05-17,537743,Zwolle,Feyenoord,Eredivisie,Over 2.5,over_25,1.44,0.6493,-6.5,0.0,Previsão,1.0,PENDING,,,,,
537743_under_25_2026-05-17,2026-05-17,537743,Zwolle,Feyenoord,Eredivisie,Under 2.5,under_25,2.61,0.3507,-8.47,0.0,Previsão,1.0,PENDING,,,,,
537743_over_35_2026-05-17,2026-05-17,537743,Zwolle,Feyenoord,Eredivisie,Over 3.5,over_35,2.18,0.4282,-6.65,0.0,Previsão,1.0,PENDING,,,,,
537743_under_35_2026-05-17,2026-05-17,537743,Zwolle,Feyenoord,Eredivisie,Under 3.5,under_35,1.61,0.5718,-7.94,0.0,Previsão,1.0,PENDING,,,,,
537744_home_2026-05-17,2026-05-17,537744,PSV,Twente,Eredivisie,1X2 — Vitória Casa,home,1.48,0.6305,-6.69,0.0,Previsão,1.0,PENDING,,,,,
537744_draw_2026-05-17,2026-05-17,537744,PSV,Twente,Eredivisie,1X2 — Empate,draw,4.73,0.1936,-8.43,0.0,Previsão,1.0,PENDING,,,,,
537744_away_2026-05-17,2026-05-17,537744,PSV,Twente,Eredivisie,1X2 — Vitória Fora,away,5.18,0.1759,-8.88,0.0,Previsão,1.0,PENDING,,,,,
537744_over_15_2026-05-17,2026-05-17,537744,PSV,Twente,Eredivisie,Over 1.5,over_15,1.1,0.8405,-7.54,0.0,Previsão,1.0,PENDING,,,,,
537744_over_25_2026-05-17,2026-05-17,537744,PSV,Twente,Eredivisie,Over 2.5,over_25,1.44,0.6489,-6.56,0.0,Previsão,1.0,PENDING,,,,,
537744_under_25_2026-05-17,2026-05-17,537744,PSV,Twente,Eredivisie,Under 2.5,under_25,2.61,0.3511,-8.36,0.0,Previsão,1.0,PENDING,,,,,
537744_over_35_2026-05-17,2026-05-17,537744,PSV,Twente,Eredivisie,Over 3.5,over_35,2.18,0.4323,-5.76,0.0,Previsão,1.0,PENDING,,,,,
537744_under_35_2026-05-17,2026-05-17,537744,PSV,Twente,Eredivisie,Under 3.5,under_35,1.61,0.5677,-8.6,0.0,Previsão,1.0,PENDING,,,,,
537745_home_2026-05-17,2026-05-17,537745,Heerenveen,Ajax,Eredivisie,1X2 — Vitória Casa,home,1.48,0.624,-7.65,0.0,Previsão,1.0,PENDING,,,,,
537745_draw_2026-05-17,2026-05-17,537745,Heerenveen,Ajax,Eredivisie,1X2 — Empate,draw,4.73,0.1976,-6.54,0.0,Previsão,1.0,PENDING,,,,,
537745_away_2026-05-17,2026-05-17,537745,Heerenveen,Ajax,Eredivisie,1X2 — Vitória Fora,away,5.18,0.1784,-7.59,0.0,Previsão,1.0,PENDING,,,,,
537745_over_15_2026-05-17,2026-05-17,537745,Heerenveen,Ajax,Eredivisie,Over 1.5,over_15,1.1,0.847,-6.83,0.0,Previsão,1.0,PENDING,,,,,
537745_over_25_2026-05-17,2026-05-17,537745,Heerenveen,Ajax,Eredivisie,Over 2.5,over_25,1.44,0.653,-5.97,0.0,Previsão,1.0,PENDING,,,,,
537745_under_25_2026-05-17,2026-05-17,537745,Heerenveen,Ajax,Eredivisie,Under 2.5,under_25,2.61,0.347,-9.43,0.0,Previsão,1.0,PENDING,,,,,
537745_over_35_2026-05-17,2026-05-17,537745,Heerenveen,Ajax,Eredivisie,Over 3.5,over_35,2.18,0.4307,-6.11,0.0,Previsão,1.0,PENDING,,,,,
537745_under_35_2026-05-17,2026-05-17,537745,Heerenveen,Ajax,Eredivisie,Under 3.5,under_35,1.61,0.5693,-8.34,0.0,Previsão,1.0,PENDING,,,,,
537746_home_2026-05-17,2026-05-17,537746,Sparta,Excelsior,Eredivisie,1X2 — Vitória Casa,home,1.48,0.6294,-6.85,0.0,Previsão,1.0,PENDING,,,,,
537746_draw_2026-05-17,2026-05-17,537746,Sparta,Excelsior,Eredivisie,1X2 — Empate,draw,4.73,0.195,-7.76,0.0,Previsão,1.0,PENDING,,,,,
537746_away_2026-05-17,2026-05-17,537746,Sparta,Excelsior,Eredivisie,1X2 — Vitória Fora,away,5.18,0.1756,-9.04,0.0,Previsão,1.0,PENDING,,,,,
537746_over_15_2026-05-17,2026-05-17,537746,Sparta,Excelsior,Eredivisie,Over 1.5,over_15,1.1,0.845,-7.05,0.0,Previsão,1.0,PENDING,,,,,
537746_over_25_2026-05-17,2026-05-17,537746,Sparta,Excelsior,Eredivisie,Over 2.5,over_25,1.44,0.6442,-7.24,0.0,Previsão,1.0,PENDING,,,,,
537746_under_25_2026-05-17,2026-05-17,537746,Sparta,Excelsior,Eredivisie,Under 2.5,under_25,2.61,0.3558,-7.14,0.0,Previsão,1.0,PENDING,,,,,
537746_over_35_2026-05-17,2026-05-17,537746,Sparta,Excelsior,Eredivisie,Over 3.5,over_35,2.18,0.4269,-6.94,0.0,Previsão,1.0,PENDING,,,,,
537746_under_35_2026-05-17,2026-05-17,537746,Sparta,Excelsior,Eredivisie,Under 3.5,under_35,1.61,0.5731,-7.73,0.0,Previsão,1.0,PENDING,,,,,
554899_home_2026-05-17,2026-05-17,554899,Santos,Coritiba,Brasileirão Série A,1X2 — Vitória Casa,home,1.56,0.5895,-8.04,0.0,Previsão,1.0,PENDING,,,,,
554899_draw_2026-05-17,2026-05-17,554899,Santos,Coritiba,Brasileirão Série A,1X2 — Empate,draw,3.98,0.2332,-7.19,0.0,Previsão,1.0,PENDING,,,,,
554899_away_2026-05-17,2026-05-17,554899,Santos,Coritiba,Brasileirão Série A,1X2 — Vitória Fora,away,5.3,0.1773,-6.03,0.0,Previsão,1.0,PENDING,,,,,
554899_over_15_2026-05-17,2026-05-17,554899,Santos,Coritiba,Brasileirão Série A,Over 1.5,over_15,1.27,0.7265,-7.73,0.0,Previsão,1.0,PENDING,,,,,
554899_over_25_2026-05-17,2026-05-17,554899,Santos,Coritiba,Brasileirão Série A,Over 2.5,over_25,1.94,0.4723,-8.37,0.0,Previsão,1.0,PENDING,,,,,
554899_under_25_2026-05-17,2026-05-17,554899,Santos,Coritiba,Brasileirão Série A,Under 2.5,under_25,1.77,0.5277,-6.6,0.0,Previsão,1.0,PENDING,,,,,
554899_over_35_2026-05-17,2026-05-17,554899,Santos,Coritiba,Brasileirão Série A,Over 3.5,over_35,3.57,0.2549,-9.0,0.0,Previsão,1.0,PENDING,,,,,
554899_under_35_2026-05-17,2026-05-17,554899,Santos,Coritiba,Brasileirão Série A,Under 3.5,under_35,1.25,0.7451,-6.86,0.0,Previsão,1.0,PENDING,,,,,
554892_home_2026-05-17,2026-05-17,554892,Bahia,Grêmio,Brasileirão Série A,1X2 — Vitória Casa,home,1.56,0.5854,-8.68,0.0,Previsão,1.0,PENDING,,,,,
554892_draw_2026-05-17,2026-05-17,554892,Bahia,Grêmio,Brasileirão Série A,1X2 — Empate,draw,3.98,0.2365,-5.87,0.0,Previsão,1.0,PENDING,,,,,
554892_away_2026-05-17,2026-05-17,554892,Bahia,Grêmio,Brasileirão Série A,1X2 — Vitória Fora,away,5.3,0.1781,-5.61,0.0,Previsão,1.0,PENDING,,,,,
554892_over_15_2026-05-17,2026-05-17,554892,Bahia,Grêmio,Brasileirão Série A,Over 1.5,over_15,1.27,0.725,-7.93,0.0,Previsão,1.0,PENDING,,,,,
554892_over_25_2026-05-17,2026-05-17,554892,Bahia,Grêmio,Brasileirão Série A,Over 2.5,over_25,1.94,0.4727,-8.3,0.0,Previsão,1.0,PENDING,,,,,
554892_under_25_2026-05-17,2026-05-17,554892,Bahia,Grêmio,Brasileirão Série A,Under 2.5,under_25,1.77,0.5273,-6.67,0.0,Previsão,1.0,PENDING,,,,,
554892_over_35_2026-05-17,2026-05-17,554892,Bahia,Grêmio,Brasileirão Série A,Over 3.5,over_35,3.57,0.251,-10.39,0.0,Previsão,1.0,PENDING,,,,,
554892_under_35_2026-05-17,2026-05-17,554892,Bahia,Grêmio,Brasileirão Série A,Under 3.5,under_35,1.25,0.749,-6.37,0.0,Previsão,1.0,PENDING,,,,,
554893_home_2026-05-17,2026-05-17,554893,Botafogo,Corinthians,Brasileirão Série A,1X2 — Vitória Casa,home,1.56,0.5923,-7.6,0.0,Previsão,1.0,PENDING,,,,,
554893_draw_2026-05-17,2026-05-17,554893,Botafogo,Corinthians,Brasileirão Série A,1X2 — Empate,draw,3.98,0.2322,-7.58,0.0,Previsão,1.0,PENDING,,,,,
554893_away_2026-05-17,2026-05-17,554893,Botafogo,Corinthians,Brasileirão Série A,1X2 — Vitória Fora,away,5.3,0.1755,-6.99,0.0,Previsão,1.0,PENDING,,,,,
554893_over_15_2026-05-17,2026-05-17,554893,Botafogo,Corinthians,Brasileirão Série A,Over 1.5,over_15,1.27,0.7265,-7.73,0.0,Previsão,1.0,PENDING,,,,,
554893_over_25_2026-05-17,2026-05-17,554893,Botafogo,Corinthians,Brasileirão Série A,Over 2.5,over_25,1.94,0.4756,-7.73,0.0,Previsão,1.0,PENDING,,,,,
554893_under_25_2026-05-17,2026-05-17,554893,Botafogo,Corinthians,Brasileirão Série A,Under 2.5,under_25,1.77,0.5244,-7.18,0.0,Previsão,1.0,PENDING,,,,,
554893_over_35_2026-05-17,2026-05-17,554893,Botafogo,Corinthians,Brasileirão Série A,Over 3.5,over_35,3.57,0.2583,-7.79,0.0,Previsão,1.0,PENDING,,,,,
554893_under_35_2026-05-17,2026-05-17,554893,Botafogo,Corinthians,Brasileirão Série A,Under 3.5,under_35,1.25,0.7417,-7.29,0.0,Previsão,1.0,PENDING,,,,,
554894_home_2026-05-17,2026-05-17,554894,Bragantino,Vitória,Brasileirão Série A,1X2 — Vitória Casa,home,1.56,0.5941,-7.32,0.0,Previsão,1.0,PENDING,,,,,
554894_draw_2026-05-17,2026-05-17,554894,Bragantino,Vitória,Brasileirão Série A,1X2 — Empate,draw,3.98,0.2341,-6.83,0.0,Previsão,1.0,PENDING,,,,,
554894_away_2026-05-17,2026-05-17,554894,Bragantino,Vitória,Brasileirão Série A,1X2 — Vitória Fora,away,5.3,0.1718,-8.95,0.0,Previsão,1.0,PENDING,,,,,
554894_over_15_2026-05-17,2026-05-17,554894,Bragantino,Vitória,Brasileirão Série A,Over 1.5,over_15,1.27,0.7278,-7.57,0.0,Previsão,1.0,PENDING,,,,,
554894_over_25_2026-05-17,2026-05-17,554894,Bragantino,Vitória,Brasileirão Série A,Over 2.5,over_25,1.94,0.4764,-7.58,0.0,Previsão,1.0,PENDING,,,,,
554894_under_25_2026-05-17,2026-05-17,554894,Bragantino,Vitória,Brasileirão Série A,Under 2.5,under_25,1.77,0.5236,-7.32,0.0,Previsão,1.0,PENDING,,,,,
554894_over_35_2026-05-17,2026-05-17,554894,Bragantino,Vitória,Brasileirão Série A,Over 3.5,over_35,3.57,0.2592,-7.47,0.0,Previsão,1.0,PENDING,,,,,
554894_under_35_2026-05-17,2026-05-17,554894,Bragantino,Vitória,Brasileirão Série A,Under 3.5,under_35,1.25,0.7408,-7.4,0.0,Previsão,1.0,PENDING,,,,,
554895_home_2026-05-17,2026-05-17,554895,Chapecoense,Clube do Remo,Brasileirão Série A,1X2 — Vitória Casa,home,1.56,0.6002,-6.37,0.0,Previsão,1.0,PENDING,,,,,
554895_draw_2026-05-17,2026-05-17,554895,Chapecoense,Clube do Remo,Brasileirão Série A,1X2 — Empate,draw,3.98,0.2287,-8.98,0.0,Previsão,1.0,PENDING,,,,,
554895_away_2026-05-17,2026-05-17,554895,Chapecoense,Clube do Remo,Brasileirão Série A,1X2 — Vitória Fora,away,5.3,0.1711,-9.32,0.0,Previsão,1.0,PENDING,,,,,
554895_over_15_2026-05-17,2026-05-17,554895,Chapecoense,Clube do Remo,Brasileirão Série A,Over 1.5,over_15,1.27,0.7223,-8.27,0.0,Previsão,1.0,PENDING,,,,,
554895_over_25_2026-05-17,2026-05-17,554895,Chapecoense,Clube do Remo,Brasileirão Série A,Over 2.5,over_25,1.94,0.4784,-7.19,0.0,Previsão,1.0,PENDING,,,,,
554895_under_25_2026-05-17,2026-05-17,554895,Chapecoense,Clube do Remo,Brasileirão Série A,Under 2.5,under_25,1.77,0.5216,-7.68,0.0,Previsão,1.0,PENDING,,,,,
554895_over_35_2026-05-17,2026-05-17,554895,Chapecoense,Clube do Remo,Brasileirão Série A,Over 3.5,over_35,3.57,0.2601,-7.14,0.0,Previsão,1.0,PENDING,,,,,
554895_under_35_2026-05-17,2026-05-17,554895,Chapecoense,Clube do Remo,Brasileirão Série A,Under 3.5,under_35,1.25,0.7399,-7.51,0.0,Previsão,1.0,PENDING,,,,,
554890_home_2026-05-17,2026-05-17,554890,Paranaense,Flamengo,Brasileirão Série A,1X2 — Vitória Casa,home,1.56,0.5961,-7.01,0.0,Previsão,1.0,PENDING,,,,,
554890_draw_2026-05-17,2026-05-17,554890,Paranaense,Flamengo,Brasileirão Série A,1X2 — Empate,draw,3.98,0.2354,-6.31,0.0,Previsão,1.0,PENDING,,,,,
554890_away_2026-05-17,2026-05-17,554890,Paranaense,Flamengo,Brasileirão Série A,1X2 — Vitória Fora,away,5.3,0.1685,-10.69,0.0,Previsão,1.0,PENDING,,,,,
554890_over_15_2026-05-17,2026-05-17,554890,Paranaense,Flamengo,Brasileirão Série A,Over 1.5,over_15,1.27,0.7253,-7.89,0.0,Previsão,1.0,PENDING,,,,,
554890_over_25_2026-05-17,2026-05-17,554890,Paranaense,Flamengo,Brasileirão Série A,Over 2.5,over_25,1.94,0.4784,-7.19,0.0,Previsão,1.0,PENDING,,,,,
554890_under_25_2026-05-17,2026-05-17,554890,Paranaense,Flamengo,Brasileirão Série A,Under 2.5,under_25,1.77,0.5216,-7.68,0.0,Previsão,1.0,PENDING,,,,,
554890_over_35_2026-05-17,2026-05-17,554890,Paranaense,Flamengo,Brasileirão Série A,Over 3.5,over_35,3.57,0.2617,-6.57,0.0,Previsão,1.0,PENDING,,,,,
554890_under_35_2026-05-17,2026-05-17,554890,Paranaense,Flamengo,Brasileirão Série A,Under 3.5,under_35,1.25,0.7383,-7.71,0.0,Previsão,1.0,PENDING,,,,,
538147_home_2026-05-18,2026-05-18,538147,Arsenal,Burnley,Premier League,1X2 — Vitória Casa,home,1.65,0.5664,-6.54,0.0,Previsão,1.0,PENDING,,,,,
538147_draw_2026-05-18,2026-05-18,538147,Arsenal,Burnley,Premier League,1X2 — Empate,draw,4.25,0.2141,-9.01,0.0,Previsão,1.0,PENDING,,,,,
538147_away_2026-05-18,2026-05-18,538147,Arsenal,Burnley,Premier League,1X2 — Vitória Fora,away,4.22,0.2195,-7.37,0.0,Previsão,1.0,PENDING,,,,,
538147_over_15_2026-05-18,2026-05-18,538147,Arsenal,Burnley,Premier League,Over 1.5,over_15,1.13,0.8133,-8.1,0.0,Previsão,1.0,PENDING,,,,,
538147_over_25_2026-05-18,2026-05-18,538147,Arsenal,Burnley,Premier League,Over 2.5,over_25,1.54,0.6028,-7.17,0.0,Previsão,1.0,PENDING,,,,,
538147_under_25_2026-05-18,2026-05-18,538147,Arsenal,Burnley,Premier League,Under 2.5,under_25,2.32,0.3972,-7.85,0.0,Previsão,1.0,PENDING,,,,,
538147_over_35_2026-05-18,2026-05-18,538147,Arsenal,Burnley,Premier League,Over 3.5,over_35,2.45,0.3832,-6.12,0.0,Previsão,1.0,PENDING,,,,,
538147_under_35_2026-05-18,2026-05-18,538147,Arsenal,Burnley,Premier League,Under 3.5,under_35,1.49,0.6168,-8.1,0.0,Previsão,1.0,PENDING,,,,,
538145_home_2026-05-19,2026-05-19,538145,Bournemouth,Man City,Premier League,1X2 — Vitória Casa,home,1.65,0.5643,-6.89,0.0,Previsão,1.0,PENDING,,,,,
538145_draw_2026-05-19,2026-05-19,538145,Bournemouth,Man City,Premier League,1X2 — Empate,draw,4.25,0.2148,-8.71,0.0,Previsão,1.0,PENDING,,,,,
538145_away_2026-05-19,2026-05-19,538145,Bournemouth,Man City,Premier League,1X2 — Vitória Fora,away,4.22,0.2209,-6.78,0.0,Previsão,1.0,PENDING,,,,,
538145_over_15_2026-05-19,2026-05-19,538145,Bournemouth,Man City,Premier League,Over 1.5,over_15,1.13,0.8129,-8.14,0.0,Previsão,1.0,PENDING,,,,,
538145_over_25_2026-05-19,2026-05-19,538145,Bournemouth,Man City,Premier League,Over 2.5,over_25,1.54,0.5996,-7.66,0.0,Previsão,1.0,PENDING,,,,,
538145_under_25_2026-05-19,2026-05-19,538145,Bournemouth,Man City,Premier League,Under 2.5,under_25,2.32,0.4004,-7.11,0.0,Previsão,1.0,PENDING,,,,,
538145_over_35_2026-05-19,2026-05-19,538145,Bournemouth,Man City,Premier League,Over 3.5,over_35,2.45,0.3776,-7.49,0.0,Previsão,1.0,PENDING,,,,,
538145_under_35_2026-05-19,2026-05-19,538145,Bournemouth,Man City,Premier League,Under 3.5,under_35,1.49,0.6224,-7.26,0.0,Previsão,1.0,PENDING,,,,,
538149_home_2026-05-19,2026-05-19,538149,Chelsea,Tottenham,Premier League,1X2 — Vitória Casa,home,1.65,0.5649,-6.79,0.0,Previsão,1.0,PENDING,,,,,
538149_draw_2026-05-19,2026-05-19,538149,Chelsea,Tottenham,Premier League,1X2 — Empate,draw,4.25,0.222,-5.65,0.0,Previsão,1.0,PENDING,,,,,
538149_away_2026-05-19,2026-05-19,538149,Chelsea,Tottenham,Premier League,1X2 — Vitória Fora,away,4.22,0.2131,-10.07,0.0,Previsão,1.0,PENDING,,,,,
538149_over_15_2026-05-19,2026-05-19,538149,Chelsea,Tottenham,Premier League,Over 1.5,over_15,1.13,0.817,-7.68,0.0,Previsão,1.0,PENDING,,,,,
538149_over_25_2026-05-19,2026-05-19,538149,Chelsea,Tottenham,Premier League,Over 2.5,over_25,1.54,0.5993,-7.71,0.0,Previsão,1.0,PENDING,,,,,
538149_under_25_2026-05-19,2026-05-19,538149,Chelsea,Tottenham,Premier League,Under 2.5,under_25,2.32,0.4007,-7.04,0.0,Previsão,1.0,PENDING,,,,,
538149_over_35_2026-05-19,2026-05-19,538149,Chelsea,Tottenham,Premier League,Over 3.5,over_35,2.45,0.3813,-6.58,0.0,Previsão,1.0,PENDING,,,,,
538149_under_35_2026-05-19,2026-05-19,538149,Chelsea,Tottenham,Premier League,Under 3.5,under_35,1.49,0.6187,-7.81,0.0,Previsão,1.0,PENDING,,,,,
537185_home_2026-05-22,2026-05-22,537185,Fiorentina,Atalanta,Serie A,1X2 — Vitória Casa,home,1.61,0.5782,-6.91,0.0,Previsão,1.0,PENDING,,,,,
537185_draw_2026-05-22,2026-05-22,537185,Fiorentina,Atalanta,Serie A,1X2 — Empate,draw,4.06,0.2278,-7.51,0.0,Previsão,1.0,PENDING,,,,,
537185_away_2026-05-22,2026-05-22,537185,Fiorentina,Atalanta,Serie A,1X2 — Vitória Fora,away,4.73,0.194,-8.24,0.0,Previsão,1.0,PENDING,,,,,
537185_over_15_2026-05-22,2026-05-22,537185,Fiorentina,Atalanta,Serie A,Over 1.5,over_15,1.21,0.7628,-7.7,0.0,Previsão,1.0,PENDING,,,,,
537185_over_25_2026-05-22,2026-05-22,537185,Fiorentina,Atalanta,Serie A,Over 2.5,over_25,1.76,0.5204,-8.41,0.0,Previsão,1.0,PENDING,,,,,
537185_under_25_2026-05-22,2026-05-22,537185,Fiorentina,Atalanta,Serie A,Under 2.5,under_25,1.95,0.4796,-6.48,0.0,Previsão,1.0,PENDING,,,,,
537185_over_35_2026-05-22,2026-05-22,537185,Fiorentina,Atalanta,Serie A,Over 3.5,over_35,3.05,0.3029,-7.62,0.0,Previsão,1.0,PENDING,,,,,
537185_under_35_2026-05-22,2026-05-22,537185,Fiorentina,Atalanta,Serie A,Under 3.5,under_35,1.33,0.6971,-7.29,0.0,Previsão,1.0,PENDING,,,,,
544581_home_2026-05-23,2026-05-23,544581,Alavés,Rayo Vallecano,La Liga,1X2 — Vitória Casa,home,1.61,0.587,-5.49,0.0,Previsão,1.0,PENDING,,,,,
544581_draw_2026-05-23,2026-05-23,544581,Alavés,Rayo Vallecano,La Liga,1X2 — Empate,draw,4.13,0.2219,-8.36,0.0,Previsão,1.0,PENDING,,,,,
544581_away_2026-05-23,2026-05-23,544581,Alavés,Rayo Vallecano,La Liga,1X2 — Vitória Fora,away,4.65,0.1911,-11.14,0.0,Previsão,1.0,PENDING,,,,,
544581_over_15_2026-05-23,2026-05-23,544581,Alavés,Rayo Vallecano,La Liga,Over 1.5,over_15,1.19,0.782,-6.94,0.0,Previsão,1.0,PENDING,,,,,
544581_over_25_2026-05-23,2026-05-23,544581,Alavés,Rayo Vallecano,La Liga,Over 2.5,over_25,1.7,0.5538,-5.85,0.0,Previsão,1.0,PENDING,,,,,
544581_under_25_2026-05-23,2026-05-23,544581,Alavés,Rayo Vallecano,La Liga,Under 2.5,under_25,2.03,0.4462,-9.42,0.0,Previsão,1.0,PENDING,,,,,
544581_over_35_2026-05-23,2026-05-23,544581,Alavés,Rayo Vallecano,La Liga,Over 3.5,over_35,2.88,0.3269,-5.85,0.0,Previsão,1.0,PENDING,,,,,
544581_under_35_2026-05-23,2026-05-23,544581,Alavés,Rayo Vallecano,La Liga,Under 3.5,under_35,1.36,0.6731,-8.46,0.0,Previsão,1.0,PENDING,,,,,
544582_home_2026-05-23,2026-05-23,544582,Real Betis,Levante,La Liga,1X2 — Vitória Casa,home,1.61,0.5772,-7.07,0.0,Previsão,1.0,PENDING,,,,,
544582_draw_2026-05-23,2026-05-23,544582,Real Betis,Levante,La Liga,1X2 — Empate,draw,4.13,0.2231,-7.86,0.0,Previsão,1.0,PENDING,,,,,
544582_away_2026-05-23,2026-05-23,544582,Real Betis,Levante,La Liga,1X2 — Vitória Fora,away,4.65,0.1997,-7.14,0.0,Previsão,1.0,PENDING,,,,,
544582_over_15_2026-05-23,2026-05-23,544582,Real Betis,Levante,La Liga,Over 1.5,over_15,1.19,0.7898,-6.01,0.0,Previsão,1.0,PENDING,,,,,
544582_over_25_2026-05-23,2026-05-23,544582,Real Betis,Levante,La Liga,Over 2.5,over_25,1.7,0.5526,-6.06,0.0,Previsão,1.0,PENDING,,,,,
544582_under_25_2026-05-23,2026-05-23,544582,Real Betis,Levante,La Liga,Under 2.5,under_25,2.03,0.4474,-9.18,0.0,Previsão,1.0,PENDING,,,,,
544582_over_35_2026-05-23,2026-05-23,544582,Real Betis,Levante,La Liga,Over 3.5,over_35,2.88,0.3253,-6.31,0.0,Previsão,1.0,PENDING,,,,,
544582_under_35_2026-05-23,2026-05-23,544582,Real Betis,Levante,La Liga,Under 3.5,under_35,1.36,0.6747,-8.24,0.0,Previsão,1.0,PENDING,,,,,
544583_home_2026-05-23,2026-05-23,544583,Celta,Sevilla FC,La Liga,1X2 — Vitória Casa,home,1.61,0.5724,-7.84,0.0,Previsão,1.0,PENDING,,,,,
544583_draw_2026-05-23,2026-05-23,544583,Celta,Sevilla FC,La Liga,1X2 — Empate,draw,4.13,0.2254,-6.91,0.0,Previsão,1.0,PENDING,,,,,
544583_away_2026-05-23,2026-05-23,544583,Celta,Sevilla FC,La Liga,1X2 — Vitória Fora,away,4.65,0.2022,-5.98,0.0,Previsão,1.0,PENDING,,,,,
544583_over_15_2026-05-23,2026-05-23,544583,Celta,Sevilla FC,La Liga,Over 1.5,over_15,1.19,0.7675,-8.67,0.0,Previsão,1.0,PENDING,,,,,
544583_over_25_2026-05-23,2026-05-23,544583,Celta,Sevilla FC,La Liga,Over 2.5,over_25,1.7,0.5366,-8.78,0.0,Previsão,1.0,PENDING,,,,,
544583_under_25_2026-05-23,2026-05-23,544583,Celta,Sevilla FC,La Liga,Under 2.5,under_25,2.03,0.4634,-5.93,0.0,Previsão,1.0,PENDING,,,,,
544583_over_35_2026-05-23,2026-05-23,544583,Celta,Sevilla FC,La Liga,Over 3.5,over_35,2.88,0.3169,-8.73,0.0,Previsão,1.0,PENDING,,,,,
544583_under_35_2026-05-23,2026-05-23,544583,Celta,Sevilla FC,La Liga,Under 3.5,under_35,1.36,0.6831,-7.1,0.0,Previsão,1.0,PENDING,,,,,
544584_home_2026-05-23,2026-05-23,544584,Espanyol,Real Sociedad,La Liga,1X2 — Vitória Casa,home,1.61,0.5796,-6.68,0.0,Previsão,1.0,PENDING,,,,,
544584_draw_2026-05-23,2026-05-23,544584,Espanyol,Real Sociedad,La Liga,1X2 — Empate,draw,4.13,0.22,-9.14,0.0,Previsão,1.0,PENDING,,,,,
544584_away_2026-05-23,2026-05-23,544584,Espanyol,Real Sociedad,La Liga,1X2 — Vitória Fora,away,4.65,0.2004,-6.81,0.0,Previsão,1.0,PENDING,,,,,
544584_over_15_2026-05-23,2026-05-23,544584,Espanyol,Real Sociedad,La Liga,Over 1.5,over_15,1.19,0.7735,-7.95,0.0,Previsão,1.0,PENDING,,,,,
544584_over_25_2026-05-23,2026-05-23,544584,Espanyol,Real Sociedad,La Liga,Over 2.5,over_25,1.7,0.5507,-6.38,0.0,Previsão,1.0,PENDING,,,,,
544584_under_25_2026-05-23,2026-05-23,544584,Espanyol,Real Sociedad,La Liga,Under 2.5,under_25,2.03,0.4493,-8.79,0.0,Previsão,1.0,PENDING,,,,,
544584_over_35_2026-05-23,2026-05-23,544584,Espanyol,Real Sociedad,La Liga,Over 3.5,over_35,2.88,0.3307,-4.76,0.0,Previsão,1.0,PENDING,,,,,
544584_under_35_2026-05-23,2026-05-23,544584,Espanyol,Real Sociedad,La Liga,Under 3.5,under_35,1.36,0.6693,-8.98,0.0,Previsão,1.0,PENDING,,,,,
544585_home_2026-05-23,2026-05-23,544585,Getafe,Osasuna,La Liga,1X2 — Vitória Casa,home,1.61,0.5729,-7.76,0.0,Previsão,1.0,PENDING,,,,,
544585_draw_2026-05-23,2026-05-23,544585,Getafe,Osasuna,La Liga,1X2 — Empate,draw,4.13,0.2281,-5.79,0.0,Previsão,1.0,PENDING,,,,,
544585_away_2026-05-23,2026-05-23,544585,Getafe,Osasuna,La Liga,1X2 — Vitória Fora,away,4.65,0.199,-7.46,0.0,Previsão,1.0,PENDING,,,,,
544585_over_15_2026-05-23,2026-05-23,544585,Getafe,Osasuna,La Liga,Over 1.5,over_15,1.19,0.7726,-8.06,0.0,Previsão,1.0,PENDING,,,,,
544585_over_25_2026-05-23,2026-05-23,544585,Getafe,Osasuna,La Liga,Over 2.5,over_25,1.7,0.5417,-7.91,0.0,Previsão,1.0,PENDING,,,,,
544585_under_25_2026-05-23,2026-05-23,544585,Getafe,Osasuna,La Liga,Under 2.5,under_25,2.03,0.4583,-6.97,0.0,Previsão,1.0,PENDING,,,,,
544585_over_35_2026-05-23,2026-05-23,544585,Getafe,Osasuna,La Liga,Over 3.5,over_35,2.88,0.3172,-8.65,0.0,Previsão,1.0,PENDING,,,,,
544585_under_35_2026-05-23,2026-05-23,544585,Getafe,Osasuna,La Liga,Under 3.5,under_35,1.36,0.6828,-7.14,0.0,Previsão,1.0,PENDING,,,,,
544586_home_2026-05-23,2026-05-23,544586,Mallorca,Real Oviedo,La Liga,1X2 — Vitória Casa,home,1.61,0.5769,-7.12,0.0,Previsão,1.0,PENDING,,,,,
544586_draw_2026-05-23,2026-05-23,544586,Mallorca,Real Oviedo,La Liga,1X2 — Empate,draw,4.13,0.2253,-6.95,0.0,Previsão,1.0,PENDING,,,,,
544586_away_2026-05-23,2026-05-23,544586,Mallorca,Real Oviedo,La Liga,1X2 — Vitória Fora,away,4.65,0.1978,-8.02,0.0,Previsão,1.0,PENDING,,,,,
544586_over_15_2026-05-23,2026-05-23,544586,Mallorca,Real Oviedo,La Liga,Over 1.5,over_15,1.19,0.7813,-7.03,0.0,Previsão,1.0,PENDING,,,,,
544586_over_25_2026-05-23,2026-05-23,544586,Mallorca,Real Oviedo,La Liga,Over 2.5,over_25,1.7,0.549,-6.67,0.0,Previsão,1.0,PENDING,,,,,
544586_under_25_2026-05-23,2026-05-23,544586,Mallorca,Real Oviedo,La Liga,Under 2.5,under_25,2.03,0.451,-8.45,0.0,Previsão,1.0,PENDING,,,,,
544586_over_35_2026-05-23,2026-05-23,544586,Mallorca,Real Oviedo,La Liga,Over 3.5,over_35,2.88,0.3283,-5.45,0.0,Previsão,1.0,PENDING,,,,,
544586_under_35_2026-05-23,2026-05-23,544586,Mallorca,Real Oviedo,La Liga,Under 3.5,under_35,1.36,0.6717,-8.65,0.0,Previsão,1.0,PENDING,,,,,
544587_home_2026-05-23,2026-05-23,544587,Real Madrid,Athletic,La Liga,1X2 — Vitória Casa,home,1.61,0.583,-6.14,0.0,Previsão,1.0,PENDING,,,,,
544587_draw_2026-05-23,2026-05-23,544587,Real Madrid,Athletic,La Liga,1X2 — Empate,draw,4.13,0.2276,-6.0,0.0,Previsão,1.0,PENDING,,,,,
544587_away_2026-05-23,2026-05-23,544587,Real Madrid,Athletic,La Liga,1X2 — Vitória Fora,away,4.65,0.1894,-11.93,0.0,Previsão,1.0,PENDING,,,,,
544587_over_15_2026-05-23,2026-05-23,544587,Real Madrid,Athletic,La Liga,Over 1.5,over_15,1.19,0.7774,-7.49,0.0,Previsão,1.0,PENDING,,,,,
544587_over_25_2026-05-23,2026-05-23,544587,Real Madrid,Athletic,La Liga,Over 2.5,over_25,1.7,0.5377,-8.59,0.0,Previsão,1.0,PENDING,,,,,
544587_under_25_2026-05-23,2026-05-23,544587,Real Madrid,Athletic,La Liga,Under 2.5,under_25,2.03,0.4623,-6.15,0.0,Previsão,1.0,PENDING,,,,,
544587_over_35_2026-05-23,2026-05-23,544587,Real Madrid,Athletic,La Liga,Over 3.5,over_35,2.88,0.3225,-7.12,0.0,Previsão,1.0,PENDING,,,,,
544587_under_35_2026-05-23,2026-05-23,544587,Real Madrid,Athletic,La Liga,Under 3.5,under_35,1.36,0.6775,-7.86,0.0,Previsão,1.0,PENDING,,,,,
544589_home_2026-05-23,2026-05-23,544589,Valencia,Barça,La Liga,1X2 — Vitória Casa,home,1.61,0.5694,-8.33,0.0,Previsão,1.0,PENDING,,,,,
544589_draw_2026-05-23,2026-05-23,544589,Valencia,Barça,La Liga,1X2 — Empate,draw,4.13,0.2223,-8.19,0.0,Previsão,1.0,PENDING,,,,,
544589_away_2026-05-23,2026-05-23,544589,Valencia,Barça,La Liga,1X2 — Vitória Fora,away,4.65,0.2083,-3.14,0.0,Previsão,1.0,PENDING,,,,,
544589_over_15_2026-05-23,2026-05-23,544589,Valencia,Barça,La Liga,Over 1.5,over_15,1.19,0.7854,-6.54,0.0,Previsão,1.0,PENDING,,,,,
544589_over_25_2026-05-23,2026-05-23,544589,Valencia,Barça,La Liga,Over 2.5,over_25,1.7,0.553,-5.99,0.0,Previsão,1.0,PENDING,,,,,
544589_under_25_2026-05-23,2026-05-23,544589,Valencia,Barça,La Liga,Under 2.5,under_25,2.03,0.447,-9.26,0.0,Previsão,1.0,PENDING,,,,,
544589_over_35_2026-05-23,2026-05-23,544589,Valencia,Barça,La Liga,Over 3.5,over_35,2.88,0.3267,-5.91,0.0,Previsão,1.0,PENDING,,,,,
544589_under_35_2026-05-23,2026-05-23,544589,Valencia,Barça,La Liga,Under 3.5,under_35,1.36,0.6733,-8.43,0.0,Previsão,1.0,PENDING,,,,,
544590_home_2026-05-23,2026-05-23,544590,Girona,Elche,La Liga,1X2 — Vitória Casa,home,1.61,0.5777,-6.99,0.0,Previsão,1.0,PENDING,,,,,
544590_draw_2026-05-23,2026-05-23,544590,Girona,Elche,La Liga,1X2 — Empate,draw,4.13,0.2293,-5.3,0.0,Previsão,1.0,PENDING,,,,,
544590_away_2026-05-23,2026-05-23,544590,Girona,Elche,La Liga,1X2 — Vitória Fora,away,4.65,0.193,-10.25,0.0,Previsão,1.0,PENDING,,,,,
544590_over_15_2026-05-23,2026-05-23,544590,Girona,Elche,La Liga,Over 1.5,over_15,1.19,0.7861,-6.45,0.0,Previsão,1.0,PENDING,,,,,
544590_over_25_2026-05-23,2026-05-23,544590,Girona,Elche,La Liga,Over 2.5,over_25,1.7,0.5497,-6.55,0.0,Previsão,1.0,PENDING,,,,,
544590_under_25_2026-05-23,2026-05-23,544590,Girona,Elche,La Liga,Under 2.5,under_25,2.03,0.4503,-8.59,0.0,Previsão,1.0,PENDING,,,,,
544590_over_35_2026-05-23,2026-05-23,544590,Girona,Elche,La Liga,Over 3.5,over_35,2.88,0.3346,-3.64,0.0,Previsão,1.0,PENDING,,,,,
544590_under_35_2026-05-23,2026-05-23,544590,Girona,Elche,La Liga,Under 3.5,under_35,1.36,0.6654,-9.51,0.0,Previsão,1.0,PENDING,,,,,
537187_home_2026-05-23,2026-05-23,537187,Bologna,Inter,Serie A,1X2 — Vitória Casa,home,1.61,0.5851,-5.8,0.0,Previsão,1.0,PENDING,,,,,
537187_draw_2026-05-23,2026-05-23,537187,Bologna,Inter,Serie A,1X2 — Empate,draw,4.06,0.2216,-10.03,0.0,Previsão,1.0,PENDING,,,,,
537187_away_2026-05-23,2026-05-23,537187,Bologna,Inter,Serie A,1X2 — Vitória Fora,away,4.73,0.1933,-8.57,0.0,Previsão,1.0,PENDING,,,,,
537187_over_15_2026-05-23,2026-05-23,537187,Bologna,Inter,Serie A,Over 1.5,over_15,1.21,0.771,-6.71,0.0,Previsão,1.0,PENDING,,,,,
537187_over_25_2026-05-23,2026-05-23,537187,Bologna,Inter,Serie A,Over 2.5,over_25,1.76,0.528,-7.07,0.0,Previsão,1.0,PENDING,,,,,
537187_under_25_2026-05-23,2026-05-23,537187,Bologna,Inter,Serie A,Under 2.5,under_25,1.95,0.472,-7.96,0.0,Previsão,1.0,PENDING,,,,,
537187_over_35_2026-05-23,2026-05-23,537187,Bologna,Inter,Serie A,Over 3.5,over_35,3.05,0.3055,-6.82,0.0,Previsão,1.0,PENDING,,,,,
537187_under_35_2026-05-23,2026-05-23,537187,Bologna,Inter,Serie A,Under 3.5,under_35,1.33,0.6945,-7.63,0.0,Previsão,1.0,PENDING,,,,,
537190_home_2026-05-23,2026-05-23,537190,Lazio,AC Pisa,Serie A,1X2 — Vitória Casa,home,1.61,0.5758,-7.3,0.0,Previsão,1.0,PENDING,,,,,
537190_draw_2026-05-23,2026-05-23,537190,Lazio,AC Pisa,Serie A,1X2 — Empate,draw,4.06,0.2246,-8.81,0.0,Previsão,1.0,PENDING,,,,,
537190_away_2026-05-23,2026-05-23,537190,Lazio,AC Pisa,Serie A,1X2 — Vitória Fora,away,4.73,0.1996,-5.59,0.0,Previsão,1.0,PENDING,,,,,
537190_over_15_2026-05-23,2026-05-23,537190,Lazio,AC Pisa,Serie A,Over 1.5,over_15,1.21,0.7648,-7.46,0.0,Previsão,1.0,PENDING,,,,,
537190_over_25_2026-05-23,2026-05-23,537190,Lazio,AC Pisa,Serie A,Over 2.5,over_25,1.76,0.5252,-7.56,0.0,Previsão,1.0,PENDING,,,,,
537190_under_25_2026-05-23,2026-05-23,537190,Lazio,AC Pisa,Serie A,Under 2.5,under_25,1.95,0.4748,-7.41,0.0,Previsão,1.0,PENDING,,,,,
537190_over_35_2026-05-23,2026-05-23,537190,Lazio,AC Pisa,Serie A,Over 3.5,over_35,3.05,0.3082,-6.0,0.0,Previsão,1.0,PENDING,,,,,
537190_under_35_2026-05-23,2026-05-23,537190,Lazio,AC Pisa,Serie A,Under 3.5,under_35,1.33,0.6918,-7.99,0.0,Previsão,1.0,PENDING,,,,,
554907_home_2026-05-23,2026-05-23,554907,São Paulo,Botafogo,Brasileirão Série A,1X2 — Vitória Casa,home,1.56,0.5935,-7.41,0.0,Previsão,1.0,PENDING,,,,,
554907_draw_2026-05-23,2026-05-23,554907,São Paulo,Botafogo,Brasileirão Série A,1X2 — Empate,draw,3.98,0.2346,-6.63,0.0,Previsão,1.0,PENDING,,,,,
554907_away_2026-05-23,2026-05-23,554907,São Paulo,Botafogo,Brasileirão Série A,1X2 — Vitória Fora,away,5.3,0.1719,-8.89,0.0,Previsão,1.0,PENDING,,,,,
554907_over_15_2026-05-23,2026-05-23,554907,São Paulo,Botafogo,Brasileirão Série A,Over 1.5,over_15,1.27,0.73,-7.29,0.0,Previsão,1.0,PENDING,,,,,
554907_over_25_2026-05-23,2026-05-23,554907,São Paulo,Botafogo,Brasileirão Série A,Over 2.5,over_25,1.94,0.4761,-7.64,0.0,Previsão,1.0,PENDING,,,,,
554907_under_25_2026-05-23,2026-05-23,554907,São Paulo,Botafogo,Brasileirão Série A,Under 2.5,under_25,1.77,0.5239,-7.27,0.0,Previsão,1.0,PENDING,,,,,
554907_over_35_2026-05-23,2026-05-23,554907,São Paulo,Botafogo,Brasileirão Série A,Over 3.5,over_35,3.57,0.2585,-7.72,0.0,Previsão,1.0,PENDING,,,,,
554907_under_35_2026-05-23,2026-05-23,554907,São Paulo,Botafogo,Brasileirão Série A,Under 3.5,under_35,1.25,0.7415,-7.31,0.0,Previsão,1.0,PENDING,,,,,
554909_home_2026-05-23,2026-05-23,554909,Vitória,Internacional,Brasileirão Série A,1X2 — Vitória Casa,home,1.56,0.5907,-7.85,0.0,Previsão,1.0,PENDING,,,,,
554909_draw_2026-05-23,2026-05-23,554909,Vitória,Internacional,Brasileirão Série A,1X2 — Empate,draw,3.98,0.2333,-7.15,0.0,Previsão,1.0,PENDING,,,,,
554909_away_2026-05-23,2026-05-23,554909,Vitória,Internacional,Brasileirão Série A,1X2 — Vitória Fora,away,5.3,0.176,-6.72,0.0,Previsão,1.0,PENDING,,,,,
554909_over_15_2026-05-23,2026-05-23,554909,Vitória,Internacional,Brasileirão Série A,Over 1.5,over_15,1.27,0.7266,-7.72,0.0,Previsão,1.0,PENDING,,,,,
554909_over_25_2026-05-23,2026-05-23,554909,Vitória,Internacional,Brasileirão Série A,Over 2.5,over_25,1.94,0.4694,-8.94,0.0,Previsão,1.0,PENDING,,,,,
554909_under_25_2026-05-23,2026-05-23,554909,Vitória,Internacional,Brasileirão Série A,Under 2.5,under_25,1.77,0.5306,-6.08,0.0,Previsão,1.0,PENDING,,,,,
554909_over_35_2026-05-23,2026-05-23,554909,Vitória,Internacional,Brasileirão Série A,Over 3.5,over_35,3.57,0.2522,-9.96,0.0,Previsão,1.0,PENDING,,,,,
554909_under_35_2026-05-23,2026-05-23,554909,Vitória,Internacional,Brasileirão Série A,Under 3.5,under_35,1.25,0.7478,-6.53,0.0,Previsão,1.0,PENDING,,,,,
554904_home_2026-05-23,2026-05-23,554904,Grêmio,Santos,Brasileirão Série A,1X2 — Vitória Casa,home,1.56,0.5849,-8.76,0.0,Previsão,1.0,PENDING,,,,,
554904_draw_2026-05-23,2026-05-23,554904,Grêmio,Santos,Brasileirão Série A,1X2 — Empate,draw,3.98,0.231,-8.06,0.0,Previsão,1.0,PENDING,,,,,
554904_away_2026-05-23,2026-05-23,554904,Grêmio,Santos,Brasileirão Série A,1X2 — Vitória Fora,away,5.3,0.1841,-2.43,0.0,Previsão,1.0,PENDING,,,,,
554904_over_15_2026-05-23,2026-05-23,554904,Grêmio,Santos,Brasileirão Série A,Over 1.5,over_15,1.27,0.7307,-7.2,0.0,Previsão,1.0,PENDING,,,,,
554904_over_25_2026-05-23,2026-05-23,554904,Grêmio,Santos,Brasileirão Série A,Over 2.5,over_25,1.94,0.4791,-7.05,0.0,Previsão,1.0,PENDING,,,,,
554904_under_25_2026-05-23,2026-05-23,554904,Grêmio,Santos,Brasileirão Série A,Under 2.5,under_25,1.77,0.5209,-7.8,0.0,Previsão,1.0,PENDING,,,,,
554904_over_35_2026-05-23,2026-05-23,554904,Grêmio,Santos,Brasileirão Série A,Over 3.5,over_35,3.57,0.2598,-7.25,0.0,Previsão,1.0,PENDING,,,,,
554904_under_35_2026-05-23,2026-05-23,554904,Grêmio,Santos,Brasileirão Série A,Under 3.5,under_35,1.25,0.7402,-7.48,0.0,Previsão,1.0,PENDING,,,,,
554905_home_2026-05-23,2026-05-23,554905,Mirassol,Fluminense,Brasileirão Série A,1X2 — Vitória Casa,home,1.56,0.5862,-8.55,0.0,Previsão,1.0,PENDING,,,,,
554905_draw_2026-05-23,2026-05-23,554905,Mirassol,Fluminense,Brasileirão Série A,1X2 — Empate,draw,3.98,0.2395,-4.68,0.0,Previsão,1.0,PENDING,,,,,
554905_away_2026-05-23,2026-05-23,554905,Mirassol,Fluminense,Brasileirão Série A,1X2 — Vitória Fora,away,5.3,0.1743,-7.62,0.0,Previsão,1.0,PENDING,,,,,
554905_over_15_2026-05-23,2026-05-23,554905,Mirassol,Fluminense,Brasileirão Série A,Over 1.5,over_15,1.27,0.7272,-7.65,0.0,Previsão,1.0,PENDING,,,,,
554905_over_25_2026-05-23,2026-05-23,554905,Mirassol,Fluminense,Brasileirão Série A,Over 2.5,over_25,1.94,0.4699,-8.84,0.0,Previsão,1.0,PENDING,,,,,
554905_under_25_2026-05-23,2026-05-23,554905,Mirassol,Fluminense,Brasileirão Série A,Under 2.5,under_25,1.77,0.5301,-6.17,0.0,Previsão,1.0,PENDING,,,,,
554905_over_35_2026-05-23,2026-05-23,554905,Mirassol,Fluminense,Brasileirão Série A,Over 3.5,over_35,3.57,0.259,-7.54,0.0,Previsão,1.0,PENDING,,,,,
554905_under_35_2026-05-23,2026-05-23,554905,Mirassol,Fluminense,Brasileirão Série A,Under 3.5,under_35,1.25,0.741,-7.37,0.0,Previsão,1.0,PENDING,,,,,
554903_home_2026-05-23,2026-05-23,554903,Flamengo,Palmeiras,Brasileirão Série A,1X2 — Vitória Casa,home,1.56,0.5955,-7.1,0.0,Previsão,1.0,PENDING,,,,,
554903_draw_2026-05-23,2026-05-23,554903,Flamengo,Palmeiras,Brasileirão Série A,1X2 — Empate,draw,3.98,0.2389,-4.92,0.0,Previsão,1.0,PENDING,,,,,
554903_away_2026-05-23,2026-05-23,554903,Flamengo,Palmeiras,Brasileirão Série A,1X2 — Vitória Fora,away,5.3,0.1656,-12.23,0.0,Previsão,1.0,PENDING,,,,,
554903_over_15_2026-05-23,2026-05-23,554903,Flamengo,Palmeiras,Brasileirão Série A,Over 1.5,over_15,1.27,0.7257,-7.84,0.0,Previsão,1.0,PENDING,,,,,
554903_over_25_2026-05-23,2026-05-23,554903,Flamengo,Palmeiras,Brasileirão Série A,Over 2.5,over_25,1.94,0.4753,-7.79,0.0,Previsão,1.0,PENDING,,,,,
554903_under_25_2026-05-23,2026-05-23,554903,Flamengo,Palmeiras,Brasileirão Série A,Under 2.5,under_25,1.77,0.5247,-7.13,0.0,Previsão,1.0,PENDING,,,,,
554903_over_35_2026-05-23,2026-05-23,554903,Flamengo,Palmeiras,Brasileirão Série A,Over 3.5,over_35,3.57,0.2564,-8.47,0.0,Previsão,1.0,PENDING,,,,,
554903_under_35_2026-05-23,2026-05-23,554903,Flamengo,Palmeiras,Brasileirão Série A,Under 3.5,under_35,1.25,0.7436,-7.05,0.0,Previsão,1.0,PENDING,,,,,
557983_home_2026-05-23,2026-05-23,557983,Hull City,Southampton,Championship,1X2 — Vitória Casa,home,1.67,0.549,-8.32,0.0,Previsão,1.0,PENDING,,,,,
557983_draw_2026-05-23,2026-05-23,557983,Hull City,Southampton,Championship,1X2 — Empate,draw,4.08,0.225,-8.2,0.0,Previsão,1.0,PENDING,,,,,
557983_away_2026-05-23,2026-05-23,557983,Hull City,Southampton,Championship,1X2 — Vitória Fora,away,4.23,0.226,-4.4,0.0,Previsão,1.0,PENDING,,,,,
557983_over_15_2026-05-23,2026-05-23,557983,Hull City,Southampton,Championship,Over 1.5,over_15,1.17,0.7863,-8.0,0.0,Previsão,1.0,PENDING,,,,,
557983_over_25_2026-05-23,2026-05-23,557983,Hull City,Southampton,Championship,Over 2.5,over_25,1.65,0.5594,-7.7,0.0,Previsão,1.0,PENDING,,,,,
557983_under_25_2026-05-23,2026-05-23,557983,Hull City,Southampton,Championship,Under 2.5,under_25,2.11,0.4406,-7.03,0.0,Previsão,1.0,PENDING,,,,,
557983_over_35_2026-05-23,2026-05-23,557983,Hull City,Southampton,Championship,Over 3.5,over_35,2.75,0.3353,-7.79,0.0,Previsão,1.0,PENDING,,,,,
557983_under_35_2026-05-23,2026-05-23,557983,Hull City,Southampton,Championship,Under 3.5,under_35,1.4,0.6647,-6.94,0.0,Previsão,1.0,PENDING,,,,,
538155_home_2026-05-24,2026-05-24,538155,Sunderland,Chelsea,Premier League,1X2 — Vitória Casa,home,1.65,0.5678,-6.31,0.0,Previsão,1.0,PENDING,,,,,
538155_draw_2026-05-24,2026-05-24,538155,Sunderland,Chelsea,Premier League,1X2 — Empate,draw,4.25,0.2147,-8.75,0.0,Previsão,1.0,PENDING,,,,,
538155_away_2026-05-24,2026-05-24,538155,Sunderland,Chelsea,Premier League,1X2 — Vitória Fora,away,4.22,0.2175,-8.22,0.0,Previsão,1.0,PENDING,,,,,
538155_over_15_2026-05-24,2026-05-24,538155,Sunderland,Chelsea,Premier League,Over 1.5,over_15,1.13,0.8144,-7.97,0.0,Previsão,1.0,PENDING,,,,,
538155_over_25_2026-05-24,2026-05-24,538155,Sunderland,Chelsea,Premier League,Over 2.5,over_25,1.54,0.6011,-7.43,0.0,Previsão,1.0,PENDING,,,,,
538155_under_25_2026-05-24,2026-05-24,538155,Sunderland,Chelsea,Premier League,Under 2.5,under_25,2.32,0.3989,-7.46,0.0,Previsão,1.0,PENDING,,,,,
538155_over_35_2026-05-24,2026-05-24,538155,Sunderland,Chelsea,Premier League,Over 3.5,over_35,2.45,0.3828,-6.21,0.0,Previsão,1.0,PENDING,,,,,
538155_under_35_2026-05-24,2026-05-24,538155,Sunderland,Chelsea,Premier League,Under 3.5,under_35,1.49,0.6172,-8.04,0.0,Previsão,1.0,PENDING,,,,,
538156_home_2026-05-24,2026-05-24,538156,Brighton Hove,Man United,Premier League,1X2 — Vitória Casa,home,1.65,0.5608,-7.47,0.0,Previsão,1.0,PENDING,,,,,
538156_draw_2026-05-24,2026-05-24,538156,Brighton Hove,Man United,Premier League,1X2 — Empate,draw,4.25,0.2138,-9.14,0.0,Previsão,1.0,PENDING,,,,,
538156_away_2026-05-24,2026-05-24,538156,Brighton Hove,Man United,Premier League,1X2 — Vitória Fora,away,4.22,0.2254,-4.88,0.0,Previsão,1.0,PENDING,,,,,
538156_over_15_2026-05-24,2026-05-24,538156,Brighton Hove,Man United,Premier League,Over 1.5,over_15,1.13,0.8195,-7.4,0.0,Previsão,1.0,PENDING,,,,,
538156_over_25_2026-05-24,2026-05-24,538156,Brighton Hove,Man United,Premier League,Over 2.5,over_25,1.54,0.606,-6.68,0.0,Previsão,1.0,PENDING,,,,,
538156_under_25_2026-05-24,2026-05-24,538156,Brighton Hove,Man United,Premier League,Under 2.5,under_25,2.32,0.394,-8.59,0.0,Previsão,1.0,PENDING,,,,,
538156_over_35_2026-05-24,2026-05-24,538156,Brighton Hove,Man United,Premier League,Over 3.5,over_35,2.45,0.3775,-7.51,0.0,Previsão,1.0,PENDING,,,,,
538156_under_35_2026-05-24,2026-05-24,538156,Brighton Hove,Man United,Premier League,Under 3.5,under_35,1.49,0.6225,-7.25,0.0,Previsão,1.0,PENDING,,,,,
538157_home_2026-05-24,2026-05-24,538157,Crystal Palace,Arsenal,Premier League,1X2 — Vitória Casa,home,1.65,0.5642,-6.91,0.0,Previsão,1.0,PENDING,,,,,
538157_draw_2026-05-24,2026-05-24,538157,Crystal Palace,Arsenal,Premier League,1X2 — Empate,draw,4.25,0.2161,-8.16,0.0,Previsão,1.0,PENDING,,,,,
538157_away_2026-05-24,2026-05-24,538157,Crystal Palace,Arsenal,Premier League,1X2 — Vitória Fora,away,4.22,0.2197,-7.29,0.0,Previsão,1.0,PENDING,,,,,
538157_over_15_2026-05-24,2026-05-24,538157,Crystal Palace,Arsenal,Premier League,Over 1.5,over_15,1.13,0.8148,-7.93,0.0,Previsão,1.0,PENDING,,,,,
538157_over_25_2026-05-24,2026-05-24,538157,Crystal Palace,Arsenal,Premier League,Over 2.5,over_25,1.54,0.6002,-7.57,0.0,Previsão,1.0,PENDING,,,,,
538157_under_25_2026-05-24,2026-05-24,538157,Crystal Palace,Arsenal,Premier League,Under 2.5,under_25,2.32,0.3998,-7.25,0.0,Previsão,1.0,PENDING,,,,,
538157_over_35_2026-05-24,2026-05-24,538157,Crystal Palace,Arsenal,Premier League,Over 3.5,over_35,2.45,0.3862,-5.38,0.0,Previsão,1.0,PENDING,,,,,
538157_under_35_2026-05-24,2026-05-24,538157,Crystal Palace,Arsenal,Premier League,Under 3.5,under_35,1.49,0.6138,-8.54,0.0,Previsão,1.0,PENDING,,,,,
538158_home_2026-05-24,2026-05-24,538158,Burnley,Wolverhampton,Premier League,1X2 — Vitória Casa,home,1.65,0.5643,-6.89,0.0,Previsão,1.0,PENDING,,,,,
538158_draw_2026-05-24,2026-05-24,538158,Burnley,Wolverhampton,Premier League,1X2 — Empate,draw,4.25,0.2193,-6.8,0.0,Previsão,1.0,PENDING,,,,,
538158_away_2026-05-24,2026-05-24,538158,Burnley,Wolverhampton,Premier League,1X2 — Vitória Fora,away,4.22,0.2164,-8.68,0.0,Previsão,1.0,PENDING,,,,,
538158_over_15_2026-05-24,2026-05-24,538158,Burnley,Wolverhampton,Premier League,Over 1.5,over_15,1.13,0.8209,-7.24,0.0,Previsão,1.0,PENDING,,,,,
538158_over_25_2026-05-24,2026-05-24,538158,Burnley,Wolverhampton,Premier League,Over 2.5,over_25,1.54,0.5993,-7.71,0.0,Previsão,1.0,PENDING,,,,,
538158_under_25_2026-05-24,2026-05-24,538158,Burnley,Wolverhampton,Premier League,Under 2.5,under_25,2.32,0.4007,-7.04,0.0,Previsão,1.0,PENDING,,,,,
538158_over_35_2026-05-24,2026-05-24,538158,Burnley,Wolverhampton,Premier League,Over 3.5,over_35,2.45,0.3744,-8.27,0.0,Previsão,1.0,PENDING,,,,,
538158_under_35_2026-05-24,2026-05-24,538158,Burnley,Wolverhampton,Premier League,Under 3.5,under_35,1.49,0.6256,-6.79,0.0,Previsão,1.0,PENDING,,,,,
538159_home_2026-05-24,2026-05-24,538159,Fulham,Newcastle,Premier League,1X2 — Vitória Casa,home,1.65,0.5637,-6.99,0.0,Previsão,1.0,PENDING,,,,,
538159_draw_2026-05-24,2026-05-24,538159,Fulham,Newcastle,Premier League,1X2 — Empate,draw,4.25,0.2155,-8.41,0.0,Previsão,1.0,PENDING,,,,,
538159_away_2026-05-24,2026-05-24,538159,Fulham,Newcastle,Premier League,1X2 — Vitória Fora,away,4.22,0.2208,-6.82,0.0,Previsão,1.0,PENDING,,,,,
538159_over_15_2026-05-24,2026-05-24,538159,Fulham,Newcastle,Premier League,Over 1.5,over_15,1.13,0.8141,-8.01,0.0,Previsão,1.0,PENDING,,,,,
538159_over_25_2026-05-24,2026-05-24,538159,Fulham,Newcastle,Premier League,Over 2.5,over_25,1.54,0.6037,-7.03,0.0,Previsão,1.0,PENDING,,,,,
538159_under_25_2026-05-24,2026-05-24,538159,Fulham,Newcastle,Premier League,Under 2.5,under_25,2.32,0.3963,-8.06,0.0,Previsão,1.0,PENDING,,,,,
538159_over_35_2026-05-24,2026-05-24,538159,Fulham,Newcastle,Premier League,Over 3.5,over_35,2.45,0.3855,-5.55,0.0,Previsão,1.0,PENDING,,,,,
538159_under_35_2026-05-24,2026-05-24,538159,Fulham,Newcastle,Premier League,Under 3.5,under_35,1.49,0.6145,-8.44,0.0,Previsão,1.0,PENDING,,,,,
538160_home_2026-05-24,2026-05-24,538160,Liverpool,Brentford,Premier League,1X2 — Vitória Casa,home,1.65,0.5631,-7.09,0.0,Previsão,1.0,PENDING,,,,,
538160_draw_2026-05-24,2026-05-24,538160,Liverpool,Brentford,Premier League,1X2 — Empate,draw,4.25,0.2163,-8.07,0.0,Previsão,1.0,PENDING,,,,,
538160_away_2026-05-24,2026-05-24,538160,Liverpool,Brentford,Premier League,1X2 — Vitória Fora,away,4.22,0.2206,-6.91,0.0,Previsão,1.0,PENDING,,,,,
538160_over_15_2026-05-24,2026-05-24,538160,Liverpool,Brentford,Premier League,Over 1.5,over_15,1.13,0.8102,-8.45,0.0,Previsão,1.0,PENDING,,,,,
538160_over_25_2026-05-24,2026-05-24,538160,Liverpool,Brentford,Premier League,Over 2.5,over_25,1.54,0.5987,-7.8,0.0,Previsão,1.0,PENDING,,,,,
538160_under_25_2026-05-24,2026-05-24,538160,Liverpool,Brentford,Premier League,Under 2.5,under_25,2.32,0.4013,-6.9,0.0,Previsão,1.0,PENDING,,,,,
538160_over_35_2026-05-24,2026-05-24,538160,Liverpool,Brentford,Premier League,Over 3.5,over_35,2.45,0.3755,-8.0,0.0,Previsão,1.0,PENDING,,,,,
538160_under_35_2026-05-24,2026-05-24,538160,Liverpool,Brentford,Premier League,Under 3.5,under_35,1.49,0.6245,-6.95,0.0,Previsão,1.0,PENDING,,,,,
538161_home_2026-05-24,2026-05-24,538161,Man City,Aston Villa,Premier League,1X2 — Vitória Casa,home,1.65,0.5666,-6.51,0.0,Previsão,1.0,PENDING,,,,,
538161_draw_2026-05-24,2026-05-24,538161,Man City,Aston Villa,Premier League,1X2 — Empate,draw,4.25,0.2173,-7.65,0.0,Previsão,1.0,PENDING,,,,,
538161_away_2026-05-24,2026-05-24,538161,Man City,Aston Villa,Premier League,1X2 — Vitória Fora,away,4.22,0.2161,-8.81,0.0,Previsão,1.0,PENDING,,,,,
538161_over_15_2026-05-24,2026-05-24,538161,Man City,Aston Villa,Premier League,Over 1.5,over_15,1.13,0.8171,-7.67,0.0,Previsão,1.0,PENDING,,,,,
538161_over_25_2026-05-24,2026-05-24,538161,Man City,Aston Villa,Premier League,Over 2.5,over_25,1.54,0.5986,-7.82,0.0,Previsão,1.0,PENDING,,,,,
538161_under_25_2026-05-24,2026-05-24,538161,Man City,Aston Villa,Premier League,Under 2.5,under_25,2.32,0.4014,-6.88,0.0,Previsão,1.0,PENDING,,,,,
538161_over_35_2026-05-24,2026-05-24,538161,Man City,Aston Villa,Premier League,Over 3.5,over_35,2.45,0.3808,-6.7,0.0,Previsão,1.0,PENDING,,,,,
538161_under_35_2026-05-24,2026-05-24,538161,Man City,Aston Villa,Premier League,Under 3.5,under_35,1.49,0.6192,-7.74,0.0,Previsão,1.0,PENDING,,,,,
538162_home_2026-05-24,2026-05-24,538162,Nottingham,Bournemouth,Premier League,1X2 — Vitória Casa,home,1.65,0.5647,-6.82,0.0,Previsão,1.0,PENDING,,,,,
538162_draw_2026-05-24,2026-05-24,538162,Nottingham,Bournemouth,Premier League,1X2 — Empate,draw,4.25,0.2211,-6.03,0.0,Previsão,1.0,PENDING,,,,,
538162_away_2026-05-24,2026-05-24,538162,Nottingham,Bournemouth,Premier League,1X2 — Vitória Fora,away,4.22,0.2142,-9.61,0.0,Previsão,1.0,PENDING,,,,,
538162_over_15_2026-05-24,2026-05-24,538162,Nottingham,Bournemouth,Premier League,Over 1.5,over_15,1.13,0.8182,-7.54,0.0,Previsão,1.0,PENDING,,,,,
538162_over_25_2026-05-24,2026-05-24,538162,Nottingham,Bournemouth,Premier League,Over 2.5,over_25,1.54,0.6055,-6.75,0.0,Previsão,1.0,PENDING,,,,,
538162_under_25_2026-05-24,2026-05-24,538162,Nottingham,Bournemouth,Premier League,Under 2.5,under_25,2.32,0.3945,-8.48,0.0,Previsão,1.0,PENDING,,,,,
538162_over_35_2026-05-24,2026-05-24,538162,Nottingham,Bournemouth,Premier League,Over 3.5,over_35,2.45,0.3879,-4.96,0.0,Previsão,1.0,PENDING,,,,,
538162_under_35_2026-05-24,2026-05-24,538162,Nottingham,Bournemouth,Premier League,Under 3.5,under_35,1.49,0.6121,-8.8,0.0,Previsão,1.0,PENDING,,,,,
538163_home_2026-05-24,2026-05-24,538163,Tottenham,Everton,Premier League,1X2 — Vitória Casa,home,1.65,0.5578,-7.96,0.0,Previsão,1.0,PENDING,,,,,
538163_draw_2026-05-24,2026-05-24,538163,Tottenham,Everton,Premier League,1X2 — Empate,draw,4.25,0.2134,-9.3,0.0,Previsão,1.0,PENDING,,,,,
538163_away_2026-05-24,2026-05-24,538163,Tottenham,Everton,Premier League,1X2 — Vitória Fora,away,4.22,0.2288,-3.45,0.0,Previsão,1.0,PENDING,,,,,
538163_over_15_2026-05-24,2026-05-24,538163,Tottenham,Everton,Premier League,Over 1.5,over_15,1.13,0.8203,-7.31,0.0,Previsão,1.0,PENDING,,,,,
538163_over_25_2026-05-24,2026-05-24,538163,Tottenham,Everton,Premier League,Over 2.5,over_25,1.54,0.6064,-6.61,0.0,Previsão,1.0,PENDING,,,,,
538163_under_25_2026-05-24,2026-05-24,538163,Tottenham,Everton,Premier League,Under 2.5,under_25,2.32,0.3936,-8.68,0.0,Previsão,1.0,PENDING,,,,,
538163_over_35_2026-05-24,2026-05-24,538163,Tottenham,Everton,Premier League,Over 3.5,over_35,2.45,0.3785,-7.27,0.0,Previsão,1.0,PENDING,,,,,
538163_under_35_2026-05-24,2026-05-24,538163,Tottenham,Everton,Premier League,Under 3.5,under_35,1.49,0.6215,-7.4,0.0,Previsão,1.0,PENDING,,,,,
538164_home_2026-05-24,2026-05-24,538164,West Ham,Leeds United,Premier League,1X2 — Vitória Casa,home,1.65,0.556,-8.26,0.0,Previsão,1.0,PENDING,,,,,
538164_draw_2026-05-24,2026-05-24,538164,West Ham,Leeds United,Premier League,1X2 — Empate,draw,4.25,0.2174,-7.6,0.0,Previsão,1.0,PENDING,,,,,
538164_away_2026-05-24,2026-05-24,538164,West Ham,Leeds United,Premier League,1X2 — Vitória Fora,away,4.22,0.2266,-4.37,0.0,Previsão,1.0,PENDING,,,,,
538164_over_15_2026-05-24,2026-05-24,538164,West Ham,Leeds United,Premier League,Over 1.5,over_15,1.13,0.8193,-7.42,0.0,Previsão,1.0,PENDING,,,,,
538164_over_25_2026-05-24,2026-05-24,538164,West Ham,Leeds United,Premier League,Over 2.5,over_25,1.54,0.6056,-6.74,0.0,Previsão,1.0,PENDING,,,,,
538164_under_25_2026-05-24,2026-05-24,538164,West Ham,Leeds United,Premier League,Under 2.5,under_25,2.32,0.3944,-8.5,0.0,Previsão,1.0,PENDING,,,,,
538164_over_35_2026-05-24,2026-05-24,538164,West Ham,Leeds United,Premier League,Over 3.5,over_35,2.45,0.3771,-7.61,0.0,Previsão,1.0,PENDING,,,,,
538164_under_35_2026-05-24,2026-05-24,538164,West Ham,Leeds United,Premier League,Under 3.5,under_35,1.49,0.6229,-7.19,0.0,Previsão,1.0,PENDING,,,,,
544588_home_2026-05-24,2026-05-24,544588,Villarreal,Atleti,La Liga,1X2 — Vitória Casa,home,1.61,0.5642,-9.16,0.0,Previsão,1.0,PENDING,,,,,
544588_draw_2026-05-24,2026-05-24,544588,Villarreal,Atleti,La Liga,1X2 — Empate,draw,4.13,0.2335,-3.56,0.0,Previsão,1.0,PENDING,,,,,
544588_away_2026-05-24,2026-05-24,544588,Villarreal,Atleti,La Liga,1X2 — Vitória Fora,away,4.65,0.2023,-5.93,0.0,Previsão,1.0,PENDING,,,,,
544588_over_15_2026-05-24,2026-05-24,544588,Villarreal,Atleti,La Liga,Over 1.5,over_15,1.19,0.7791,-7.29,0.0,Previsão,1.0,PENDING,,,,,
544588_over_25_2026-05-24,2026-05-24,544588,Villarreal,Atleti,La Liga,Over 2.5,over_25,1.7,0.5358,-8.91,0.0,Previsão,1.0,PENDING,,,,,
544588_under_25_2026-05-24,2026-05-24,544588,Villarreal,Atleti,La Liga,Under 2.5,under_25,2.03,0.4642,-5.77,0.0,Previsão,1.0,PENDING,,,,,
544588_over_35_2026-05-24,2026-05-24,544588,Villarreal,Atleti,La Liga,Over 3.5,over_35,2.88,0.3185,-8.27,0.0,Previsão,1.0,PENDING,,,,,
544588_under_35_2026-05-24,2026-05-24,544588,Villarreal,Atleti,La Liga,Under 3.5,under_35,1.36,0.6815,-7.32,0.0,Previsão,1.0,PENDING,,,,,
537191_home_2026-05-24,2026-05-24,537191,Parma,Sassuolo,Serie A,1X2 — Vitória Casa,home,1.61,0.5795,-6.7,0.0,Previsão,1.0,PENDING,,,,,
537191_draw_2026-05-24,2026-05-24,537191,Parma,Sassuolo,Serie A,1X2 — Empate,draw,4.06,0.2258,-8.33,0.0,Previsão,1.0,PENDING,,,,,
537191_away_2026-05-24,2026-05-24,537191,Parma,Sassuolo,Serie A,1X2 — Vitória Fora,away,4.73,0.1947,-7.91,0.0,Previsão,1.0,PENDING,,,,,
537191_over_15_2026-05-24,2026-05-24,537191,Parma,Sassuolo,Serie A,Over 1.5,over_15,1.21,0.7625,-7.74,0.0,Previsão,1.0,PENDING,,,,,
537191_over_25_2026-05-24,2026-05-24,537191,Parma,Sassuolo,Serie A,Over 2.5,over_25,1.76,0.52,-8.48,0.0,Previsão,1.0,PENDING,,,,,
537191_under_25_2026-05-24,2026-05-24,537191,Parma,Sassuolo,Serie A,Under 2.5,under_25,1.95,0.48,-6.4,0.0,Previsão,1.0,PENDING,,,,,
537191_over_35_2026-05-24,2026-05-24,537191,Parma,Sassuolo,Serie A,Over 3.5,over_35,3.05,0.3004,-8.38,0.0,Previsão,1.0,PENDING,,,,,
537191_under_35_2026-05-24,2026-05-24,537191,Parma,Sassuolo,Serie A,Under 3.5,under_35,1.33,0.6996,-6.95,0.0,Previsão,1.0,PENDING,,,,,
537192_home_2026-05-24,2026-05-24,537192,Napoli,Udinese,Serie A,1X2 — Vitória Casa,home,1.61,0.5929,-4.54,0.0,Previsão,1.0,PENDING,,,,,
537192_draw_2026-05-24,2026-05-24,537192,Napoli,Udinese,Serie A,1X2 — Empate,draw,4.06,0.2195,-10.88,0.0,Previsão,1.0,PENDING,,,,,
537192_away_2026-05-24,2026-05-24,537192,Napoli,Udinese,Serie A,1X2 — Vitória Fora,away,4.73,0.1876,-11.27,0.0,Previsão,1.0,PENDING,,,,,
537192_over_15_2026-05-24,2026-05-24,537192,Napoli,Udinese,Serie A,Over 1.5,over_15,1.21,0.7705,-6.77,0.0,Previsão,1.0,PENDING,,,,,
537192_over_25_2026-05-24,2026-05-24,537192,Napoli,Udinese,Serie A,Over 2.5,over_25,1.76,0.5391,-5.12,0.0,Previsão,1.0,PENDING,,,,,
537192_under_25_2026-05-24,2026-05-24,537192,Napoli,Udinese,Serie A,Under 2.5,under_25,1.95,0.4609,-10.12,0.0,Previsão,1.0,PENDING,,,,,
537192_over_35_2026-05-24,2026-05-24,537192,Napoli,Udinese,Serie A,Over 3.5,over_35,3.05,0.3096,-5.57,0.0,Previsão,1.0,PENDING,,,,,
537192_under_35_2026-05-24,2026-05-24,537192,Napoli,Udinese,Serie A,Under 3.5,under_35,1.33,0.6904,-8.18,0.0,Previsão,1.0,PENDING,,,,,
537186_home_2026-05-24,2026-05-24,537186,Milan,Cagliari,Serie A,1X2 — Vitória Casa,home,1.61,0.5711,-8.05,0.0,Previsão,1.0,PENDING,,,,,
537186_draw_2026-05-24,2026-05-24,537186,Milan,Cagliari,Serie A,1X2 — Empate,draw,4.06,0.2319,-5.85,0.0,Previsão,1.0,PENDING,,,,,
537186_away_2026-05-24,2026-05-24,537186,Milan,Cagliari,Serie A,1X2 — Vitória Fora,away,4.73,0.197,-6.82,0.0,Previsão,1.0,PENDING,,,,,
537186_over_15_2026-05-24,2026-05-24,537186,Milan,Cagliari,Serie A,Over 1.5,over_15,1.21,0.774,-6.35,0.0,Previsão,1.0,PENDING,,,,,
537186_over_25_2026-05-24,2026-05-24,537186,Milan,Cagliari,Serie A,Over 2.5,over_25,1.76,0.5331,-6.17,0.0,Previsão,1.0,PENDING,,,,,
537186_under_25_2026-05-24,2026-05-24,537186,Milan,Cagliari,Serie A,Under 2.5,under_25,1.95,0.4669,-8.95,0.0,Previsão,1.0,PENDING,,,,,
537186_over_35_2026-05-24,2026-05-24,537186,Milan,Cagliari,Serie A,Over 3.5,over_35,3.05,0.3094,-5.63,0.0,Previsão,1.0,PENDING,,,,,
537186_under_35_2026-05-24,2026-05-24,537186,Milan,Cagliari,Serie A,Under 3.5,under_35,1.33,0.6906,-8.15,0.0,Previsão,1.0,PENDING,,,,,
537188_home_2026-05-24,2026-05-24,537188,Torino,Juventus,Serie A,1X2 — Vitória Casa,home,1.61,0.574,-7.59,0.0,Previsão,1.0,PENDING,,,,,
537188_draw_2026-05-24,2026-05-24,537188,Torino,Juventus,Serie A,1X2 — Empate,draw,4.06,0.232,-5.81,0.0,Previsão,1.0,PENDING,,,,,
537188_away_2026-05-24,2026-05-24,537188,Torino,Juventus,Serie A,1X2 — Vitória Fora,away,4.73,0.194,-8.24,0.0,Previsão,1.0,PENDING,,,,,
537188_over_15_2026-05-24,2026-05-24,537188,Torino,Juventus,Serie A,Over 1.5,over_15,1.21,0.7599,-8.05,0.0,Previsão,1.0,PENDING,,,,,
537188_over_25_2026-05-24,2026-05-24,537188,Torino,Juventus,Serie A,Over 2.5,over_25,1.76,0.5243,-7.72,0.0,Previsão,1.0,PENDING,,,,,
537188_under_25_2026-05-24,2026-05-24,537188,Torino,Juventus,Serie A,Under 2.5,under_25,1.95,0.4757,-7.24,0.0,Previsão,1.0,PENDING,,,,,
537188_over_35_2026-05-24,2026-05-24,537188,Torino,Juventus,Serie A,Over 3.5,over_35,3.05,0.3074,-6.24,0.0,Previsão,1.0,PENDING,,,,,
537188_under_35_2026-05-24,2026-05-24,537188,Torino,Juventus,Serie A,Under 3.5,under_35,1.33,0.6926,-7.88,0.0,Previsão,1.0,PENDING,,,,,
537189_home_2026-05-24,2026-05-24,537189,Verona,Roma,Serie A,1X2 — Vitória Casa,home,1.61,0.5764,-7.2,0.0,Previsão,1.0,PENDING,,,,,
537189_draw_2026-05-24,2026-05-24,537189,Verona,Roma,Serie A,1X2 — Empate,draw,4.06,0.231,-6.21,0.0,Previsão,1.0,PENDING,,,,,
537189_away_2026-05-24,2026-05-24,537189,Verona,Roma,Serie A,1X2 — Vitória Fora,away,4.73,0.1926,-8.9,0.0,Previsão,1.0,PENDING,,,,,
537189_over_15_2026-05-24,2026-05-24,537189,Verona,Roma,Serie A,Over 1.5,over_15,1.21,0.7685,-7.01,0.0,Previsão,1.0,PENDING,,,,,
537189_over_25_2026-05-24,2026-05-24,537189,Verona,Roma,Serie A,Over 2.5,over_25,1.76,0.5298,-6.76,0.0,Previsão,1.0,PENDING,,,,,
537189_under_25_2026-05-24,2026-05-24,537189,Verona,Roma,Serie A,Under 2.5,under_25,1.95,0.4702,-8.31,0.0,Previsão,1.0,PENDING,,,,,
537189_over_35_2026-05-24,2026-05-24,537189,Verona,Roma,Serie A,Over 3.5,over_35,3.05,0.3082,-6.0,0.0,Previsão,1.0,PENDING,,,,,
537189_under_35_2026-05-24,2026-05-24,537189,Verona,Roma,Serie A,Under 3.5,under_35,1.33,0.6918,-7.99,0.0,Previsão,1.0,PENDING,,,,,
537193_home_2026-05-24,2026-05-24,537193,Cremonese,Como 1907,Serie A,1X2 — Vitória Casa,home,1.61,0.5751,-7.41,0.0,Previsão,1.0,PENDING,,,,,
537193_draw_2026-05-24,2026-05-24,537193,Cremonese,Como 1907,Serie A,1X2 — Empate,draw,4.06,0.2343,-4.87,0.0,Previsão,1.0,PENDING,,,,,
537193_away_2026-05-24,2026-05-24,537193,Cremonese,Como 1907,Serie A,1X2 — Vitória Fora,away,4.73,0.1906,-9.85,0.0,Previsão,1.0,PENDING,,,,,
537193_over_15_2026-05-24,2026-05-24,537193,Cremonese,Como 1907,Serie A,Over 1.5,over_15,1.21,0.7662,-7.29,0.0,Previsão,1.0,PENDING,,,,,
537193_over_25_2026-05-24,2026-05-24,537193,Cremonese,Como 1907,Serie A,Over 2.5,over_25,1.76,0.5255,-7.51,0.0,Previsão,1.0,PENDING,,,,,
537193_under_25_2026-05-24,2026-05-24,537193,Cremonese,Como 1907,Serie A,Under 2.5,under_25,1.95,0.4745,-7.47,0.0,Previsão,1.0,PENDING,,,,,
537193_over_35_2026-05-24,2026-05-24,537193,Cremonese,Como 1907,Serie A,Over 3.5,over_35,3.05,0.3058,-6.73,0.0,Previsão,1.0,PENDING,,,,,
537193_under_35_2026-05-24,2026-05-24,537193,Cremonese,Como 1907,Serie A,Under 3.5,under_35,1.33,0.6942,-7.67,0.0,Previsão,1.0,PENDING,,,,,
537194_home_2026-05-24,2026-05-24,537194,Lecce,Genoa,Serie A,1X2 — Vitória Casa,home,1.61,0.5786,-6.85,0.0,Previsão,1.0,PENDING,,,,,
537194_draw_2026-05-24,2026-05-24,537194,Lecce,Genoa,Serie A,1X2 — Empate,draw,4.06,0.2223,-9.75,0.0,Previsão,1.0,PENDING,,,,,
537194_away_2026-05-24,2026-05-24,537194,Lecce,Genoa,Serie A,1X2 — Vitória Fora,away,4.73,0.1991,-5.83,0.0,Previsão,1.0,PENDING,,,,,
537194_over_15_2026-05-24,2026-05-24,537194,Lecce,Genoa,Serie A,Over 1.5,over_15,1.21,0.7635,-7.62,0.0,Previsão,1.0,PENDING,,,,,
537194_over_25_2026-05-24,2026-05-24,537194,Lecce,Genoa,Serie A,Over 2.5,over_25,1.76,0.5294,-6.83,0.0,Previsão,1.0,PENDING,,,,,
537194_under_25_2026-05-24,2026-05-24,537194,Lecce,Genoa,Serie A,Under 2.5,under_25,1.95,0.4706,-8.23,0.0,Previsão,1.0,PENDING,,,,,
537194_over_35_2026-05-24,2026-05-24,537194,Lecce,Genoa,Serie A,Over 3.5,over_35,3.05,0.3041,-7.25,0.0,Previsão,1.0,PENDING,,,,,
537194_under_35_2026-05-24,2026-05-24,537194,Lecce,Genoa,Serie A,Under 3.5,under_35,1.33,0.6959,-7.45,0.0,Previsão,1.0,PENDING,,,,,
554902_home_2026-05-24,2026-05-24,554902,Cruzeiro,Chapecoense,Brasileirão Série A,1X2 — Vitória Casa,home,1.56,0.5929,-7.51,0.0,Previsão,1.0,PENDING,,,,,
554902_draw_2026-05-24,2026-05-24,554902,Cruzeiro,Chapecoense,Brasileirão Série A,1X2 — Empate,draw,3.98,0.2332,-7.19,0.0,Previsão,1.0,PENDING,,,,,
554902_away_2026-05-24,2026-05-24,554902,Cruzeiro,Chapecoense,Brasileirão Série A,1X2 — Vitória Fora,away,5.3,0.1739,-7.83,0.0,Previsão,1.0,PENDING,,,,,
554902_over_15_2026-05-24,2026-05-24,554902,Cruzeiro,Chapecoense,Brasileirão Série A,Over 1.5,over_15,1.27,0.7252,-7.9,0.0,Previsão,1.0,PENDING,,,,,
554902_over_25_2026-05-24,2026-05-24,554902,Cruzeiro,Chapecoense,Brasileirão Série A,Over 2.5,over_25,1.94,0.4775,-7.37,0.0,Previsão,1.0,PENDING,,,,,
554902_under_25_2026-05-24,2026-05-24,554902,Cruzeiro,Chapecoense,Brasileirão Série A,Under 2.5,under_25,1.77,0.5225,-7.52,0.0,Previsão,1.0,PENDING,,,,,
554902_over_35_2026-05-24,2026-05-24,554902,Cruzeiro,Chapecoense,Brasileirão Série A,Over 3.5,over_35,3.57,0.2686,-4.11,0.0,Previsão,1.0,PENDING,,,,,
554902_under_35_2026-05-24,2026-05-24,554902,Cruzeiro,Chapecoense,Brasileirão Série A,Under 3.5,under_35,1.25,0.7314,-8.57,0.0,Previsão,1.0,PENDING,,,,,
554906_home_2026-05-24,2026-05-24,554906,Clube do Remo,Paranaense,Brasileirão Série A,1X2 — Vitória Casa,home,1.56,0.5867,-8.47,0.0,Previsão,1.0,PENDING,,,,,
554906_draw_2026-05-24,2026-05-24,554906,Clube do Remo,Paranaense,Brasileirão Série A,1X2 — Empate,draw,3.98,0.2388,-4.96,0.0,Previsão,1.0,PENDING,,,,,
554906_away_2026-05-24,2026-05-24,554906,Clube do Remo,Paranaense,Brasileirão Série A,1X2 — Vitória Fora,away,5.3,0.1745,-7.52,0.0,Previsão,1.0,PENDING,,,,,
554906_over_15_2026-05-24,2026-05-24,554906,Clube do Remo,Paranaense,Brasileirão Série A,Over 1.5,over_15,1.27,0.7334,-6.86,0.0,Previsão,1.0,PENDING,,,,,
554906_over_25_2026-05-24,2026-05-24,554906,Clube do Remo,Paranaense,Brasileirão Série A,Over 2.5,over_25,1.94,0.4829,-6.32,0.0,Previsão,1.0,PENDING,,,,,
554906_under_25_2026-05-24,2026-05-24,554906,Clube do Remo,Paranaense,Brasileirão Série A,Under 2.5,under_25,1.77,0.5171,-8.47,0.0,Previsão,1.0,PENDING,,,,,
554906_over_35_2026-05-24,2026-05-24,554906,Clube do Remo,Paranaense,Brasileirão Série A,Over 3.5,over_35,3.57,0.2559,-8.64,0.0,Previsão,1.0,PENDING,,,,,
554906_under_35_2026-05-24,2026-05-24,554906,Clube do Remo,Paranaense,Brasileirão Série A,Under 3.5,under_35,1.25,0.7441,-6.99,0.0,Previsão,1.0,PENDING,,,,,
554900_home_2026-05-24,2026-05-24,554900,Corinthians,Mineiro,Brasileirão Série A,1X2 — Vitória Casa,home,1.56,0.5958,-7.06,0.0,Previsão,1.0,PENDING,,,,,
554900_draw_2026-05-24,2026-05-24,554900,Corinthians,Mineiro,Brasileirão Série A,1X2 — Empate,draw,3.98,0.2307,-8.18,0.0,Previsão,1.0,PENDING,,,,,
554900_away_2026-05-24,2026-05-24,554900,Corinthians,Mineiro,Brasileirão Série A,1X2 — Vitória Fora,away,5.3,0.1735,-8.05,0.0,Previsão,1.0,PENDING,,,,,
554900_over_15_2026-05-24,2026-05-24,554900,Corinthians,Mineiro,Brasileirão Série A,Over 1.5,over_15,1.27,0.7261,-7.79,0.0,Previsão,1.0,PENDING,,,,,
554900_over_25_2026-05-24,2026-05-24,554900,Corinthians,Mineiro,Brasileirão Série A,Over 2.5,over_25,1.94,0.4769,-7.48,0.0,Previsão,1.0,PENDING,,,,,
554900_under_25_2026-05-24,2026-05-24,554900,Corinthians,Mineiro,Brasileirão Série A,Under 2.5,under_25,1.77,0.5231,-7.41,0.0,Previsão,1.0,PENDING,,,,,
554900_over_35_2026-05-24,2026-05-24,554900,Corinthians,Mineiro,Brasileirão Série A,Over 3.5,over_35,3.57,0.2593,-7.43,0.0,Previsão,1.0,PENDING,,,,,
554900_under_35_2026-05-24,2026-05-24,554900,Corinthians,Mineiro,Brasileirão Série A,Under 3.5,under_35,1.25,0.7407,-7.41,0.0,Previsão,1.0,PENDING,,,,,
554908_home_2026-05-24,2026-05-24,554908,Vasco da Gama,Bragantino,Brasileirão Série A,1X2 — Vitória Casa,home,1.56,0.5958,-7.06,0.0,Previsão,1.0,PENDING,,,,,
554908_draw_2026-05-24,2026-05-24,554908,Vasco da Gama,Bragantino,Brasileirão Série A,1X2 — Empate,draw,3.98,0.2298,-8.54,0.0,Previsão,1.0,PENDING,,,,,
554908_away_2026-05-24,2026-05-24,554908,Vasco da Gama,Bragantino,Brasileirão Série A,1X2 — Vitória Fora,away,5.3,0.1744,-7.57,0.0,Previsão,1.0,PENDING,,,,,
554908_over_15_2026-05-24,2026-05-24,554908,Vasco da Gama,Bragantino,Brasileirão Série A,Over 1.5,over_15,1.27,0.7307,-7.2,0.0,Previsão,1.0,PENDING,,,,,
554908_over_25_2026-05-24,2026-05-24,554908,Vasco da Gama,Bragantino,Brasileirão Série A,Over 2.5,over_25,1.94,0.4765,-7.56,0.0,Previsão,1.0,PENDING,,,,,
554908_under_25_2026-05-24,2026-05-24,554908,Vasco da Gama,Bragantino,Brasileirão Série A,Under 2.5,under_25,1.77,0.5235,-7.34,0.0,Previsão,1.0,PENDING,,,,,
554908_over_35_2026-05-24,2026-05-24,554908,Vasco da Gama,Bragantino,Brasileirão Série A,Over 3.5,over_35,3.57,0.2542,-9.25,0.0,Previsão,1.0,PENDING,,,,,
554908_under_35_2026-05-24,2026-05-24,554908,Vasco da Gama,Bragantino,Brasileirão Série A,Under 3.5,under_35,1.25,0.7458,-6.77,0.0,Previsão,1.0,PENDING,,,,,
554901_home_2026-05-25,2026-05-25,554901,Coritiba,Bahia,Brasileirão Série A,1X2 — Vitória Casa,home,1.56,0.5817,-9.25,0.0,Previsão,1.0,PENDING,,,,,
554901_draw_2026-05-25,2026-05-25,554901,Coritiba,Bahia,Brasileirão Série A,1X2 — Empate,draw,3.98,0.2319,-7.7,0.0,Previsão,1.0,PENDING,,,,,
554901_away_2026-05-25,2026-05-25,554901,Coritiba,Bahia,Brasileirão Série A,1X2 — Vitória Fora,away,5.3,0.1864,-1.21,0.0,Previsão,1.0,PENDING,,,,,
554901_over_15_2026-05-25,2026-05-25,554901,Coritiba,Bahia,Brasileirão Série A,Over 1.5,over_15,1.27,0.7318,-7.06,0.0,Previsão,1.0,PENDING,,,,,
554901_over_25_2026-05-25,2026-05-25,554901,Coritiba,Bahia,Brasileirão Série A,Over 2.5,over_25,1.94,0.4758,-7.69,0.0,Previsão,1.0,PENDING,,,,,
554901_under_25_2026-05-25,2026-05-25,554901,Coritiba,Bahia,Brasileirão Série A,Under 2.5,under_25,1.77,0.5242,-7.22,0.0,Previsão,1.0,PENDING,,,,,
554901_over_35_2026-05-25,2026-05-25,554901,Coritiba,Bahia,Brasileirão Série A,Over 3.5,over_35,3.57,0.2621,-6.43,0.0,Previsão,1.0,PENDING,,,,,
554901_under_35_2026-05-25,2026-05-25,554901,Coritiba,Bahia,Brasileirão Série A,Under 3.5,under_35,1.25,0.7379,-7.76,0.0,Previsão,1.0,PENDING,,,,,
552096_home_2026-05-30,2026-05-30,552096,PSG,Arsenal,Champions League,1X2 — Vitória Casa,home,1.47,0.6314,-7.18,0.0,Previsão,1.0,PENDING,,,,,
552096_draw_2026-05-30,2026-05-30,552096,PSG,Arsenal,Champions League,1X2 — Empate,draw,4.52,0.206,-6.89,0.0,Previsão,1.0,PENDING,,,,,
552096_away_2026-05-30,2026-05-30,552096,PSG,Arsenal,Champions League,1X2 — Vitória Fora,away,5.54,0.1626,-9.92,0.0,Previsão,1.0,PENDING,,,,,
552096_over_15_2026-05-30,2026-05-30,552096,PSG,Arsenal,Champions League,Over 1.5,over_15,1.15,0.8042,-7.52,0.0,Previsão,1.0,PENDING,,,,,
552096_over_25_2026-05-30,2026-05-30,552096,PSG,Arsenal,Champions League,Over 2.5,over_25,1.59,0.5821,-7.45,0.0,Previsão,1.0,PENDING,,,,,
552096_under_25_2026-05-30,2026-05-30,552096,PSG,Arsenal,Champions League,Under 2.5,under_25,2.21,0.4179,-7.64,0.0,Previsão,1.0,PENDING,,,,,
552096_over_35_2026-05-30,2026-05-30,552096,PSG,Arsenal,Champions League,Over 3.5,over_35,2.59,0.3578,-7.33,0.0,Previsão,1.0,PENDING,,,,,
552096_under_35_2026-05-30,2026-05-30,552096,PSG,Arsenal,Champions League,Under 3.5,under_35,1.44,0.6422,-7.52,0.0,Previsão,1.0,PENDING,,,,,
554910_home_2026-05-30,2026-05-30,554910,Paranaense,Mirassol,Brasileirão Série A,1X2 — Vitória Casa,home,1.56,0.5982,-6.68,0.0,Previsão,1.0,PENDING,,,,,
554910_draw_2026-05-30,2026-05-30,554910,Paranaense,Mirassol,Brasileirão Série A,1X2 — Empate,draw,3.98,0.2252,-10.37,0.0,Previsão,1.0,PENDING,,,,,
554910_away_2026-05-30,2026-05-30,554910,Paranaense,Mirassol,Brasileirão Série A,1X2 — Vitória Fora,away,5.3,0.1766,-6.4,0.0,Previsão,1.0,PENDING,,,,,
554910_over_15_2026-05-30,2026-05-30,554910,Paranaense,Mirassol,Brasileirão Série A,Over 1.5,over_15,1.27,0.7285,-7.48,0.0,Previsão,1.0,PENDING,,,,,
554910_over_25_2026-05-30,2026-05-30,554910,Paranaense,Mirassol,Brasileirão Série A,Over 2.5,over_25,1.94,0.4751,-7.83,0.0,Previsão,1.0,PENDING,,,,,
554910_under_25_2026-05-30,2026-05-30,554910,Paranaense,Mirassol,Brasileirão Série A,Under 2.5,under_25,1.77,0.5249,-7.09,0.0,Previsão,1.0,PENDING,,,,,
554910_over_35_2026-05-30,2026-05-30,554910,Paranaense,Mirassol,Brasileirão Série A,Over 3.5,over_35,3.57,0.2574,-8.11,0.0,Previsão,1.0,PENDING,,,,,
554910_under_35_2026-05-30,2026-05-30,554910,Paranaense,Mirassol,Brasileirão Série A,Under 3.5,under_35,1.25,0.7426,-7.18,0.0,Previsão,1.0,PENDING,,,,,
554914_home_2026-05-30,2026-05-30,554914,Flamengo,Coritiba,Brasileirão Série A,1X2 — Vitória Casa,home,1.56,0.6005,-6.32,0.0,Previsão,1.0,PENDING,,,,,
554914_draw_2026-05-30,2026-05-30,554914,Flamengo,Coritiba,Brasileirão Série A,1X2 — Empate,draw,3.98,0.231,-8.06,0.0,Previsão,1.0,PENDING,,,,,
554914_away_2026-05-30,2026-05-30,554914,Flamengo,Coritiba,Brasileirão Série A,1X2 — Vitória Fora,away,5.3,0.1685,-10.69,0.0,Previsão,1.0,PENDING,,,,,
554914_over_15_2026-05-30,2026-05-30,554914,Flamengo,Coritiba,Brasileirão Série A,Over 1.5,over_15,1.27,0.729,-7.42,0.0,Previsão,1.0,PENDING,,,,,
554914_over_25_2026-05-30,2026-05-30,554914,Flamengo,Coritiba,Brasileirão Série A,Over 2.5,over_25,1.94,0.4743,-7.99,0.0,Previsão,1.0,PENDING,,,,,
554914_under_25_2026-05-30,2026-05-30,554914,Flamengo,Coritiba,Brasileirão Série A,Under 2.5,under_25,1.77,0.5257,-6.95,0.0,Previsão,1.0,PENDING,,,,,
554914_over_35_2026-05-30,2026-05-30,554914,Flamengo,Coritiba,Brasileirão Série A,Over 3.5,over_35,3.57,0.2553,-8.86,0.0,Previsão,1.0,PENDING,,,,,
554914_under_35_2026-05-30,2026-05-30,554914,Flamengo,Coritiba,Brasileirão Série A,Under 3.5,under_35,1.25,0.7447,-6.91,0.0,Previsão,1.0,PENDING,,,,,
554911_home_2026-05-30,2026-05-30,554911,Bahia,Botafogo,Brasileirão Série A,1X2 — Vitória Casa,home,1.56,0.5861,-8.57,0.0,Previsão,1.0,PENDING,,,,,
554911_draw_2026-05-30,2026-05-30,554911,Bahia,Botafogo,Brasileirão Série A,1X2 — Empate,draw,3.98,0.2368,-5.75,0.0,Previsão,1.0,PENDING,,,,,
554911_away_2026-05-30,2026-05-30,554911,Bahia,Botafogo,Brasileirão Série A,1X2 — Vitória Fora,away,5.3,0.1771,-6.14,0.0,Previsão,1.0,PENDING,,,,,
554911_over_15_2026-05-30,2026-05-30,554911,Bahia,Botafogo,Brasileirão Série A,Over 1.5,over_15,1.27,0.7315,-7.1,0.0,Previsão,1.0,PENDING,,,,,
554911_over_25_2026-05-30,2026-05-30,554911,Bahia,Botafogo,Brasileirão Série A,Over 2.5,over_25,1.94,0.4762,-7.62,0.0,Previsão,1.0,PENDING,,,,,
554911_under_25_2026-05-30,2026-05-30,554911,Bahia,Botafogo,Brasileirão Série A,Under 2.5,under_25,1.77,0.5238,-7.29,0.0,Previsão,1.0,PENDING,,,,,
554911_over_35_2026-05-30,2026-05-30,554911,Bahia,Botafogo,Brasileirão Série A,Over 3.5,over_35,3.57,0.2675,-4.5,0.0,Previsão,1.0,PENDING,,,,,
554911_under_35_2026-05-30,2026-05-30,554911,Bahia,Botafogo,Brasileirão Série A,Under 3.5,under_35,1.25,0.7325,-8.44,0.0,Previsão,1.0,PENDING,,,,,
554915_home_2026-05-30,2026-05-30,554915,Grêmio,Corinthians,Brasileirão Série A,1X2 — Vitória Casa,home,1.56,0.5947,-7.23,0.0,Previsão,1.0,PENDING,,,,,
554915_draw_2026-05-30,2026-05-30,554915,Grêmio,Corinthians,Brasileirão Série A,1X2 — Empate,draw,3.98,0.2287,-8.98,0.0,Previsão,1.0,PENDING,,,,,
554915_away_2026-05-30,2026-05-30,554915,Grêmio,Corinthians,Brasileirão Série A,1X2 — Vitória Fora,away,5.3,0.1766,-6.4,0.0,Previsão,1.0,PENDING,,,,,
554915_over_15_2026-05-30,2026-05-30,554915,Grêmio,Corinthians,Brasileirão Série A,Over 1.5,over_15,1.27,0.723,-8.18,0.0,Previsão,1.0,PENDING,,,,,
554915_over_25_2026-05-30,2026-05-30,554915,Grêmio,Corinthians,Brasileirão Série A,Over 2.5,over_25,1.94,0.4663,-9.54,0.0,Previsão,1.0,PENDING,,,,,
554915_under_25_2026-05-30,2026-05-30,554915,Grêmio,Corinthians,Brasileirão Série A,Under 2.5,under_25,1.77,0.5337,-5.54,0.0,Previsão,1.0,PENDING,,,,,
554915_over_35_2026-05-30,2026-05-30,554915,Grêmio,Corinthians,Brasileirão Série A,Over 3.5,over_35,3.57,0.2509,-10.43,0.0,Previsão,1.0,PENDING,,,,,
554915_under_35_2026-05-30,2026-05-30,554915,Grêmio,Corinthians,Brasileirão Série A,Under 3.5,under_35,1.25,0.7491,-6.36,0.0,Previsão,1.0,PENDING,,,,,
554918_home_2026-05-30,2026-05-30,554918,Santos,Vitória,Brasileirão Série A,1X2 — Vitória Casa,home,1.56,0.5886,-8.18,0.0,Previsão,1.0,PENDING,,,,,
554918_draw_2026-05-30,2026-05-30,554918,Santos,Vitória,Brasileirão Série A,1X2 — Empate,draw,3.98,0.2349,-6.51,0.0,Previsão,1.0,PENDING,,,,,
554918_away_2026-05-30,2026-05-30,554918,Santos,Vitória,Brasileirão Série A,1X2 — Vitória Fora,away,5.3,0.1765,-6.46,0.0,Previsão,1.0,PENDING,,,,,
554918_over_15_2026-05-30,2026-05-30,554918,Santos,Vitória,Brasileirão Série A,Over 1.5,over_15,1.27,0.7322,-7.01,0.0,Previsão,1.0,PENDING,,,,,
554918_over_25_2026-05-30,2026-05-30,554918,Santos,Vitória,Brasileirão Série A,Over 2.5,over_25,1.94,0.4822,-6.45,0.0,Previsão,1.0,PENDING,,,,,
554918_under_25_2026-05-30,2026-05-30,554918,Santos,Vitória,Brasileirão Série A,Under 2.5,under_25,1.77,0.5178,-8.35,0.0,Previsão,1.0,PENDING,,,,,
554918_over_35_2026-05-30,2026-05-30,554918,Santos,Vitória,Brasileirão Série A,Over 3.5,over_35,3.57,0.2615,-6.64,0.0,Previsão,1.0,PENDING,,,,,
554918_under_35_2026-05-30,2026-05-30,554918,Santos,Vitória,Brasileirão Série A,Under 3.5,under_35,1.25,0.7385,-7.69,0.0,Previsão,1.0,PENDING,,,,,
554912_home_2026-05-31,2026-05-31,554912,Bragantino,Internacional,Brasileirão Série A,1X2 — Vitória Casa,home,1.56,0.5918,-7.68,0.0,Previsão,1.0,PENDING,,,,,
554912_draw_2026-05-31,2026-05-31,554912,Bragantino,Internacional,Brasileirão Série A,1X2 — Empate,draw,3.98,0.232,-7.66,0.0,Previsão,1.0,PENDING,,,,,
554912_away_2026-05-31,2026-05-31,554912,Bragantino,Internacional,Brasileirão Série A,1X2 — Vitória Fora,away,5.3,0.1762,-6.61,0.0,Previsão,1.0,PENDING,,,,,
554912_over_15_2026-05-31,2026-05-31,554912,Bragantino,Internacional,Brasileirão Série A,Over 1.5,over_15,1.27,0.7244,-8.0,0.0,Previsão,1.0,PENDING,,,,,
554912_over_25_2026-05-31,2026-05-31,554912,Bragantino,Internacional,Brasileirão Série A,Over 2.5,over_25,1.94,0.4766,-7.54,0.0,Previsão,1.0,PENDING,,,,,
554912_under_25_2026-05-31,2026-05-31,554912,Bragantino,Internacional,Brasileirão Série A,Under 2.5,under_25,1.77,0.5234,-7.36,0.0,Previsão,1.0,PENDING,,,,,
554912_over_35_2026-05-31,2026-05-31,554912,Bragantino,Internacional,Brasileirão Série A,Over 3.5,over_35,3.57,0.2599,-7.22,0.0,Previsão,1.0,PENDING,,,,,
554912_under_35_2026-05-31,2026-05-31,554912,Bragantino,Internacional,Brasileirão Série A,Under 3.5,under_35,1.25,0.7401,-7.49,0.0,Previsão,1.0,PENDING,,,,,
554916_home_2026-05-31,2026-05-31,554916,Palmeiras,Chapecoense,Brasileirão Série A,1X2 — Vitória Casa,home,1.56,0.5993,-6.51,0.0,Previsão,1.0,PENDING,,,,,
554916_draw_2026-05-31,2026-05-31,554916,Palmeiras,Chapecoense,Brasileirão Série A,1X2 — Empate,draw,3.98,0.225,-10.45,0.0,Previsão,1.0,PENDING,,,,,
554916_away_2026-05-31,2026-05-31,554916,Palmeiras,Chapecoense,Brasileirão Série A,1X2 — Vitória Fora,away,5.3,0.1757,-6.88,0.0,Previsão,1.0,PENDING,,,,,
554916_over_15_2026-05-31,2026-05-31,554916,Palmeiras,Chapecoense,Brasileirão Série A,Over 1.5,over_15,1.27,0.7333,-6.87,0.0,Previsão,1.0,PENDING,,,,,
554916_over_25_2026-05-31,2026-05-31,554916,Palmeiras,Chapecoense,Brasileirão Série A,Over 2.5,over_25,1.94,0.4901,-4.92,0.0,Previsão,1.0,PENDING,,,,,
554916_under_25_2026-05-31,2026-05-31,554916,Palmeiras,Chapecoense,Brasileirão Série A,Under 2.5,under_25,1.77,0.5099,-9.75,0.0,Previsão,1.0,PENDING,,,,,
554916_over_35_2026-05-31,2026-05-31,554916,Palmeiras,Chapecoense,Brasileirão Série A,Over 3.5,over_35,3.57,0.2638,-5.82,0.0,Previsão,1.0,PENDING,,,,,
554916_under_35_2026-05-31,2026-05-31,554916,Palmeiras,Chapecoense,Brasileirão Série A,Under 3.5,under_35,1.25,0.7362,-7.97,0.0,Previsão,1.0,PENDING,,,,,
554919_home_2026-05-31,2026-05-31,554919,Vasco da Gama,Mineiro,Brasileirão Série A,1X2 — Vitória Casa,home,1.56,0.5842,-8.86,0.0,Previsão,1.0,PENDING,,,,,
554919_draw_2026-05-31,2026-05-31,554919,Vasco da Gama,Mineiro,Brasileirão Série A,1X2 — Empate,draw,3.98,0.2362,-5.99,0.0,Previsão,1.0,PENDING,,,,,
554919_away_2026-05-31,2026-05-31,554919,Vasco da Gama,Mineiro,Brasileirão Série A,1X2 — Vitória Fora,away,5.3,0.1796,-4.81,0.0,Previsão,1.0,PENDING,,,,,
554919_over_15_2026-05-31,2026-05-31,554919,Vasco da Gama,Mineiro,Brasileirão Série A,Over 1.5,over_15,1.27,0.7225,-8.24,0.0,Previsão,1.0,PENDING,,,,,
554919_over_25_2026-05-31,2026-05-31,554919,Vasco da Gama,Mineiro,Brasileirão Série A,Over 2.5,over_25,1.94,0.4739,-8.06,0.0,Previsão,1.0,PENDING,,,,,
554919_under_25_2026-05-31,2026-05-31,554919,Vasco da Gama,Mineiro,Brasileirão Série A,Under 2.5,under_25,1.77,0.5261,-6.88,0.0,Previsão,1.0,PENDING,,,,,
554919_over_35_2026-05-31,2026-05-31,554919,Vasco da Gama,Mineiro,Brasileirão Série A,Over 3.5,over_35,3.57,0.2602,-7.11,0.0,Previsão,1.0,PENDING,,,,,
554919_under_35_2026-05-31,2026-05-31,554919,Vasco da Gama,Mineiro,Brasileirão Série A,Under 3.5,under_35,1.25,0.7398,-7.53,0.0,Previsão,1.0,PENDING,,,,,
554913_home_2026-05-31,2026-05-31,554913,Cruzeiro,Fluminense,Brasileirão Série A,1X2 — Vitória Casa,home,1.56,0.5892,-8.08,0.0,Previsão,1.0,PENDING,,,,,
554913_draw_2026-05-31,2026-05-31,554913,Cruzeiro,Fluminense,Brasileirão Série A,1X2 — Empate,draw,3.98,0.2334,-7.11,0.0,Previsão,1.0,PENDING,,,,,
554913_away_2026-05-31,2026-05-31,554913,Cruzeiro,Fluminense,Brasileirão Série A,1X2 — Vitória Fora,away,5.3,0.1774,-5.98,0.0,Previsão,1.0,PENDING,,,,,
554913_over_15_2026-05-31,2026-05-31,554913,Cruzeiro,Fluminense,Brasileirão Série A,Over 1.5,over_15,1.27,0.7342,-6.76,0.0,Previsão,1.0,PENDING,,,,,
554913_over_25_2026-05-31,2026-05-31,554913,Cruzeiro,Fluminense,Brasileirão Série A,Over 2.5,over_25,1.94,0.4775,-7.37,0.0,Previsão,1.0,PENDING,,,,,
554913_under_25_2026-05-31,2026-05-31,554913,Cruzeiro,Fluminense,Brasileirão Série A,Under 2.5,under_25,1.77,0.5225,-7.52,0.0,Previsão,1.0,PENDING,,,,,
554913_over_35_2026-05-31,2026-05-31,554913,Cruzeiro,Fluminense,Brasileirão Série A,Over 3.5,over_35,3.57,0.2639,-5.79,0.0,Previsão,1.0,PENDING,,,,,
554913_under_35_2026-05-31,2026-05-31,554913,Cruzeiro,Fluminense,Brasileirão Série A,Under 3.5,under_35,1.25,0.7361,-7.99,0.0,Previsão,1.0,PENDING,,,,,
554917_home_2026-05-31,2026-05-31,554917,Clube do Remo,São Paulo,Brasileirão Série A,1X2 — Vitória Casa,home,1.56,0.5911,-7.79,0.0,Previsão,1.0,PENDING,,,,,
554917_draw_2026-05-31,2026-05-31,554917,Clube do Remo,São Paulo,Brasileirão Série A,1X2 — Empate,draw,3.98,0.2368,-5.75,0.0,Previsão,1.0,PENDING,,,,,
554917_away_2026-05-31,2026-05-31,554917,Clube do Remo,São Paulo,Brasileirão Série A,1X2 — Vitória Fora,away,5.3,0.1721,-8.79,0.0,Previsão,1.0,PENDING,,,,,
554917_over_15_2026-05-31,2026-05-31,554917,Clube do Remo,São Paulo,Brasileirão Série A,Over 1.5,over_15,1.27,0.7265,-7.73,0.0,Previsão,1.0,PENDING,,,,,
554917_over_25_2026-05-31,2026-05-31,554917,Clube do Remo,São Paulo,Brasileirão Série A,Over 2.5,over_25,1.94,0.4679,-9.23,0.0,Previsão,1.0,PENDING,,,,,
554917_under_25_2026-05-31,2026-05-31,554917,Clube do Remo,São Paulo,Brasileirão Série A,Under 2.5,under_25,1.77,0.5321,-5.82,0.0,Previsão,1.0,PENDING,,,,,
554917_over_35_2026-05-31,2026-05-31,554917,Clube do Remo,São Paulo,Brasileirão Série A,Over 3.5,over_35,3.57,0.2621,-6.43,0.0,Previsão,1.0,PENDING,,,,,
554917_under_35_2026-05-31,2026-05-31,554917,Clube do Remo,São Paulo,Brasileirão Série A,Under 3.5,under_35,1.25,0.7379,-7.76,0.0,Previsão,1.0,PENDING,,,,,
554921_home_2026-07-16,2026-07-16,554921,Botafogo,Santos,Brasileirão Série A,1X2 — Vitória Casa,home,1.56,0.5842,-8.86,0.0,Previsão,1.0,PENDING,,,,,
554921_draw_2026-07-16,2026-07-16,554921,Botafogo,Santos,Brasileirão Série A,1X2 — Empate,draw,3.98,0.2356,-6.23,0.0,Previsão,1.0,PENDING,,,,,
554921_away_2026-07-16,2026-07-16,554921,Botafogo,Santos,Brasileirão Série A,1X2 — Vitória Fora,away,5.3,0.1802,-4.49,0.0,Previsão,1.0,PENDING,,,,,
554921_over_15_2026-07-16,2026-07-16,554921,Botafogo,Santos,Brasileirão Série A,Over 1.5,over_15,1.27,0.7285,-7.48,0.0,Previsão,1.0,PENDING,,,,,
554921_over_25_2026-07-16,2026-07-16,554921,Botafogo,Santos,Brasileirão Série A,Over 2.5,over_25,1.94,0.4712,-8.59,0.0,Previsão,1.0,PENDING,,,,,
554921_under_25_2026-07-16,2026-07-16,554921,Botafogo,Santos,Brasileirão Série A,Under 2.5,under_25,1.77,0.5288,-6.4,0.0,Previsão,1.0,PENDING,,,,,
554921_over_35_2026-07-16,2026-07-16,554921,Botafogo,Santos,Brasileirão Série A,Over 3.5,over_35,3.57,0.2495,-10.93,0.0,Previsão,1.0,PENDING,,,,,
554921_under_35_2026-07-16,2026-07-16,554921,Botafogo,Santos,Brasileirão Série A,Under 3.5,under_35,1.25,0.7505,-6.19,0.0,Previsão,1.0,PENDING,,,,,
554929_home_2026-07-16,2026-07-16,554929,Vitória,Vasco da Gama,Brasileirão Série A,1X2 — Vitória Casa,home,1.56,0.5903,-7.91,0.0,Previsão,1.0,PENDING,,,,,
554929_draw_2026-07-16,2026-07-16,554929,Vitória,Vasco da Gama,Brasileirão Série A,1X2 — Empate,draw,3.98,0.2383,-5.16,0.0,Previsão,1.0,PENDING,,,,,
554929_away_2026-07-16,2026-07-16,554929,Vitória,Vasco da Gama,Brasileirão Série A,1X2 — Vitória Fora,away,5.3,0.1714,-9.16,0.0,Previsão,1.0,PENDING,,,,,
554929_over_15_2026-07-16,2026-07-16,554929,Vitória,Vasco da Gama,Brasileirão Série A,Over 1.5,over_15,1.27,0.7279,-7.56,0.0,Previsão,1.0,PENDING,,,,,
554929_over_25_2026-07-16,2026-07-16,554929,Vitória,Vasco da Gama,Brasileirão Série A,Over 2.5,over_25,1.94,0.4732,-8.2,0.0,Previsão,1.0,PENDING,,,,,
554929_under_25_2026-07-16,2026-07-16,554929,Vitória,Vasco da Gama,Brasileirão Série A,Under 2.5,under_25,1.77,0.5268,-6.76,0.0,Previsão,1.0,PENDING,,,,,
554929_over_35_2026-07-16,2026-07-16,554929,Vitória,Vasco da Gama,Brasileirão Série A,Over 3.5,over_35,3.57,0.2583,-7.79,0.0,Previsão,1.0,PENDING,,,,,
554929_under_35_2026-07-16,2026-07-16,554929,Vitória,Vasco da Gama,Brasileirão Série A,Under 3.5,under_35,1.25,0.7417,-7.29,0.0,Previsão,1.0,PENDING,,,,,
554770_home_2026-07-17,2026-07-17,554770,Bahia,Chapecoense,Brasileirão Série A,1X2 — Vitória Casa,home,1.56,0.5928,-7.52,0.0,Previsão,1.0,PENDING,,,,,
554770_draw_2026-07-17,2026-07-17,554770,Bahia,Chapecoense,Brasileirão Série A,1X2 — Empate,draw,3.98,0.237,-5.67,0.0,Previsão,1.0,PENDING,,,,,
554770_away_2026-07-17,2026-07-17,554770,Bahia,Chapecoense,Brasileirão Série A,1X2 — Vitória Fora,away,5.3,0.1702,-9.79,0.0,Previsão,1.0,PENDING,,,,,
554770_over_15_2026-07-17,2026-07-17,554770,Bahia,Chapecoense,Brasileirão Série A,Over 1.5,over_15,1.27,0.7334,-6.86,0.0,Previsão,1.0,PENDING,,,,,
554770_over_25_2026-07-17,2026-07-17,554770,Bahia,Chapecoense,Brasileirão Série A,Over 2.5,over_25,1.94,0.4786,-7.15,0.0,Previsão,1.0,PENDING,,,,,
554770_under_25_2026-07-17,2026-07-17,554770,Bahia,Chapecoense,Brasileirão Série A,Under 2.5,under_25,1.77,0.5214,-7.71,0.0,Previsão,1.0,PENDING,,,,,
554770_over_35_2026-07-17,2026-07-17,554770,Bahia,Chapecoense,Brasileirão Série A,Over 3.5,over_35,3.57,0.2649,-5.43,0.0,Previsão,1.0,PENDING,,,,,
554770_under_35_2026-07-17,2026-07-17,554770,Bahia,Chapecoense,Brasileirão Série A,Under 3.5,under_35,1.25,0.7351,-8.11,0.0,Previsão,1.0,PENDING,,,,,
554925_home_2026-07-17,2026-07-17,554925,Fluminense,Bragantino,Brasileirão Série A,1X2 — Vitória Casa,home,1.56,0.6036,-5.84,0.0,Previsão,1.0,PENDING,,,,,
554925_draw_2026-07-17,2026-07-17,554925,Fluminense,Bragantino,Brasileirão Série A,1X2 — Empate,draw,3.98,0.2262,-9.97,0.0,Previsão,1.0,PENDING,,,,,
554925_away_2026-07-17,2026-07-17,554925,Fluminense,Bragantino,Brasileirão Série A,1X2 — Vitória Fora,away,5.3,0.1702,-9.79,0.0,Previsão,1.0,PENDING,,,,,
554925_over_15_2026-07-17,2026-07-17,554925,Fluminense,Bragantino,Brasileirão Série A,Over 1.5,over_15,1.27,0.728,-7.54,0.0,Previsão,1.0,PENDING,,,,,
554925_over_25_2026-07-17,2026-07-17,554925,Fluminense,Bragantino,Brasileirão Série A,Over 2.5,over_25,1.94,0.4747,-7.91,0.0,Previsão,1.0,PENDING,,,,,
554925_under_25_2026-07-17,2026-07-17,554925,Fluminense,Bragantino,Brasileirão Série A,Under 2.5,under_25,1.77,0.5253,-7.02,0.0,Previsão,1.0,PENDING,,,,,
554925_over_35_2026-07-17,2026-07-17,554925,Fluminense,Bragantino,Brasileirão Série A,Over 3.5,over_35,3.57,0.2558,-8.68,0.0,Previsão,1.0,PENDING,,,,,
554925_under_35_2026-07-17,2026-07-17,554925,Fluminense,Bragantino,Brasileirão Série A,Under 3.5,under_35,1.25,0.7442,-6.97,0.0,Previsão,1.0,PENDING,,,,,
554927_home_2026-07-17,2026-07-17,554927,Mirassol,Grêmio,Brasileirão Série A,1X2 — Vitória Casa,home,1.56,0.5863,-8.54,0.0,Previsão,1.0,PENDING,,,,,
554927_draw_2026-07-17,2026-07-17,554927,Mirassol,Grêmio,Brasileirão Série A,1X2 — Empate,draw,3.98,0.2413,-3.96,0.0,Previsão,1.0,PENDING,,,,,
554927_away_2026-07-17,2026-07-17,554927,Mirassol,Grêmio,Brasileirão Série A,1X2 — Vitória Fora,away,5.3,0.1724,-8.63,0.0,Previsão,1.0,PENDING,,,,,
554927_over_15_2026-07-17,2026-07-17,554927,Mirassol,Grêmio,Brasileirão Série A,Over 1.5,over_15,1.27,0.7317,-7.07,0.0,Previsão,1.0,PENDING,,,,,
554927_over_25_2026-07-17,2026-07-17,554927,Mirassol,Grêmio,Brasileirão Série A,Over 2.5,over_25,1.94,0.4777,-7.33,0.0,Previsão,1.0,PENDING,,,,,
554927_under_25_2026-07-17,2026-07-17,554927,Mirassol,Grêmio,Brasileirão Série A,Under 2.5,under_25,1.77,0.5223,-7.55,0.0,Previsão,1.0,PENDING,,,,,
554927_over_35_2026-07-17,2026-07-17,554927,Mirassol,Grêmio,Brasileirão Série A,Over 3.5,over_35,3.57,0.2615,-6.64,0.0,Previsão,1.0,PENDING,,,,,
554927_under_35_2026-07-17,2026-07-17,554927,Mirassol,Grêmio,Brasileirão Série A,Under 3.5,under_35,1.25,0.7385,-7.69,0.0,Previsão,1.0,PENDING,,,,,
554920_home_2026-07-21,2026-07-21,554920,Mineiro,Bahia,Brasileirão Série A,1X2 — Vitória Casa,home,1.56,0.579,-9.68,0.0,Previsão,1.0,PENDING,,,,,
554920_draw_2026-07-21,2026-07-21,554920,Mineiro,Bahia,Brasileirão Série A,1X2 — Empate,draw,3.98,0.2411,-4.04,0.0,Previsão,1.0,PENDING,,,,,
554920_away_2026-07-21,2026-07-21,554920,Mineiro,Bahia,Brasileirão Série A,1X2 — Vitória Fora,away,5.3,0.1799,-4.65,0.0,Previsão,1.0,PENDING,,,,,
554920_over_15_2026-07-21,2026-07-21,554920,Mineiro,Bahia,Brasileirão Série A,Over 1.5,over_15,1.27,0.7321,-7.02,0.0,Previsão,1.0,PENDING,,,,,
554920_over_25_2026-07-21,2026-07-21,554920,Mineiro,Bahia,Brasileirão Série A,Over 2.5,over_25,1.94,0.4762,-7.62,0.0,Previsão,1.0,PENDING,,,,,
554920_under_25_2026-07-21,2026-07-21,554920,Mineiro,Bahia,Brasileirão Série A,Under 2.5,under_25,1.77,0.5238,-7.29,0.0,Previsão,1.0,PENDING,,,,,
554920_over_35_2026-07-21,2026-07-21,554920,Mineiro,Bahia,Brasileirão Série A,Over 3.5,over_35,3.57,0.2608,-6.89,0.0,Previsão,1.0,PENDING,,,,,
554920_under_35_2026-07-21,2026-07-21,554920,Mineiro,Bahia,Brasileirão Série A,Under 3.5,under_35,1.25,0.7392,-7.6,0.0,Previsão,1.0,PENDING,,,,,
554924_home_2026-07-22,2026-07-22,554924,Coritiba,Palmeiras,Brasileirão Série A,1X2 — Vitória Casa,home,1.56,0.5954,-7.12,0.0,Previsão,1.0,PENDING,,,,,
554924_draw_2026-07-22,2026-07-22,554924,Coritiba,Palmeiras,Brasileirão Série A,1X2 — Empate,draw,3.98,0.2353,-6.35,0.0,Previsão,1.0,PENDING,,,,,
554924_away_2026-07-22,2026-07-22,554924,Coritiba,Palmeiras,Brasileirão Série A,1X2 — Vitória Fora,away,5.3,0.1693,-10.27,0.0,Previsão,1.0,PENDING,,,,,
554924_over_15_2026-07-22,2026-07-22,554924,Coritiba,Palmeiras,Brasileirão Série A,Over 1.5,over_15,1.27,0.7242,-8.03,0.0,Previsão,1.0,PENDING,,,,,
554924_over_25_2026-07-22,2026-07-22,554924,Coritiba,Palmeiras,Brasileirão Série A,Over 2.5,over_25,1.94,0.4739,-8.06,0.0,Previsão,1.0,PENDING,,,,,
554924_under_25_2026-07-22,2026-07-22,554924,Coritiba,Palmeiras,Brasileirão Série A,Under 2.5,under_25,1.77,0.5261,-6.88,0.0,Previsão,1.0,PENDING,,,,,
554924_over_35_2026-07-22,2026-07-22,554924,Coritiba,Palmeiras,Brasileirão Série A,Over 3.5,over_35,3.57,0.2527,-9.79,0.0,Previsão,1.0,PENDING,,,,,
554924_under_35_2026-07-22,2026-07-22,554924,Coritiba,Palmeiras,Brasileirão Série A,Under 3.5,under_35,1.25,0.7473,-6.59,0.0,Previsão,1.0,PENDING,,,,,
554771_home_2026-07-23,2026-07-23,554771,Botafogo,Vitória,Brasileirão Série A,1X2 — Vitória Casa,home,1.56,0.5924,-7.59,0.0,Previsão,1.0,PENDING,,,,,
554771_draw_2026-07-23,2026-07-23,554771,Botafogo,Vitória,Brasileirão Série A,1X2 — Empate,draw,3.98,0.2338,-6.95,0.0,Previsão,1.0,PENDING,,,,,
554771_away_2026-07-23,2026-07-23,554771,Botafogo,Vitória,Brasileirão Série A,1X2 — Vitória Fora,away,5.3,0.1738,-7.89,0.0,Previsão,1.0,PENDING,,,,,
554771_over_15_2026-07-23,2026-07-23,554771,Botafogo,Vitória,Brasileirão Série A,Over 1.5,over_15,1.27,0.7236,-8.1,0.0,Previsão,1.0,PENDING,,,,,
554771_over_25_2026-07-23,2026-07-23,554771,Botafogo,Vitória,Brasileirão Série A,Over 2.5,over_25,1.94,0.4752,-7.81,0.0,Previsão,1.0,PENDING,,,,,
554771_under_25_2026-07-23,2026-07-23,554771,Botafogo,Vitória,Brasileirão Série A,Under 2.5,under_25,1.77,0.5248,-7.11,0.0,Previsão,1.0,PENDING,,,,,
554771_over_35_2026-07-23,2026-07-23,554771,Botafogo,Vitória,Brasileirão Série A,Over 3.5,over_35,3.57,0.2584,-7.75,0.0,Previsão,1.0,PENDING,,,,,
554771_under_35_2026-07-23,2026-07-23,554771,Botafogo,Vitória,Brasileirão Série A,Under 3.5,under_35,1.25,0.7416,-7.3,0.0,Previsão,1.0,PENDING,,,,,
554923_home_2026-07-23,2026-07-23,554923,Corinthians,Clube do Remo,Brasileirão Série A,1X2 — Vitória Casa,home,1.56,0.5874,-8.37,0.0,Previsão,1.0,PENDING,,,,,
554923_draw_2026-07-23,2026-07-23,554923,Corinthians,Clube do Remo,Brasileirão Série A,1X2 — Empate,draw,3.98,0.2309,-8.1,0.0,Previsão,1.0,PENDING,,,,,
554923_away_2026-07-23,2026-07-23,554923,Corinthians,Clube do Remo,Brasileirão Série A,1X2 — Vitória Fora,away,5.3,0.1817,-3.7,0.0,Previsão,1.0,PENDING,,,,,
554923_over_15_2026-07-23,2026-07-23,554923,Corinthians,Clube do Remo,Brasileirão Série A,Over 1.5,over_15,1.27,0.7288,-7.44,0.0,Previsão,1.0,PENDING,,,,,
554923_over_25_2026-07-23,2026-07-23,554923,Corinthians,Clube do Remo,Brasileirão Série A,Over 2.5,over_25,1.94,0.4811,-6.67,0.0,Previsão,1.0,PENDING,,,,,
554923_under_25_2026-07-23,2026-07-23,554923,Corinthians,Clube do Remo,Brasileirão Série A,Under 2.5,under_25,1.77,0.5189,-8.15,0.0,Previsão,1.0,PENDING,,,,,
554923_over_35_2026-07-23,2026-07-23,554923,Corinthians,Clube do Remo,Brasileirão Série A,Over 3.5,over_35,3.57,0.2534,-9.54,0.0,Previsão,1.0,PENDING,,,,,
554923_under_35_2026-07-23,2026-07-23,554923,Corinthians,Clube do Remo,Brasileirão Série A,Under 3.5,under_35,1.25,0.7466,-6.68,0.0,Previsão,1.0,PENDING,,,,,
554930_home_2026-07-25,2026-07-25,554930,Paranaense,Internacional,Brasileirão Série A,1X2 — Vitória Casa,home,1.56,0.5928,-7.52,0.0,Previsão,1.0,PENDING,,,,,
554930_draw_2026-07-25,2026-07-25,554930,Paranaense,Internacional,Brasileirão Série A,1X2 — Empate,draw,3.98,0.2375,-5.48,0.0,Previsão,1.0,PENDING,,,,,
554930_away_2026-07-25,2026-07-25,554930,Paranaense,Internacional,Brasileirão Série A,1X2 — Vitória Fora,away,5.3,0.1697,-10.06,0.0,Previsão,1.0,PENDING,,,,,
554930_over_15_2026-07-25,2026-07-25,554930,Paranaense,Internacional,Brasileirão Série A,Over 1.5,over_15,1.27,0.7262,-7.77,0.0,Previsão,1.0,PENDING,,,,,
554930_over_25_2026-07-25,2026-07-25,554930,Paranaense,Internacional,Brasileirão Série A,Over 2.5,over_25,1.94,0.4741,-8.02,0.0,Previsão,1.0,PENDING,,,,,
554930_under_25_2026-07-25,2026-07-25,554930,Paranaense,Internacional,Brasileirão Série A,Under 2.5,under_25,1.77,0.5259,-6.92,0.0,Previsão,1.0,PENDING,,,,,
554930_over_35_2026-07-25,2026-07-25,554930,Paranaense,Internacional,Brasileirão Série A,Over 3.5,over_35,3.57,0.2611,-6.79,0.0,Previsão,1.0,PENDING,,,,,
554930_under_35_2026-07-25,2026-07-25,554930,Paranaense,Internacional,Brasileirão Série A,Under 3.5,under_35,1.25,0.7389,-7.64,0.0,Previsão,1.0,PENDING,,,,,
554938_home_2026-07-25,2026-07-25,554938,Santos,Chapecoense,Brasileirão Série A,1X2 — Vitória Casa,home,1.56,0.5892,-8.08,0.0,Previsão,1.0,PENDING,,,,,
554938_draw_2026-07-25,2026-07-25,554938,Santos,Chapecoense,Brasileirão Série A,1X2 — Empate,draw,3.98,0.2373,-5.55,0.0,Previsão,1.0,PENDING,,,,,
554938_away_2026-07-25,2026-07-25,554938,Santos,Chapecoense,Brasileirão Série A,1X2 — Vitória Fora,away,5.3,0.1735,-8.05,0.0,Previsão,1.0,PENDING,,,,,
554938_over_15_2026-07-25,2026-07-25,554938,Santos,Chapecoense,Brasileirão Série A,Over 1.5,over_15,1.27,0.7292,-7.39,0.0,Previsão,1.0,PENDING,,,,,
554938_over_25_2026-07-25,2026-07-25,554938,Santos,Chapecoense,Brasileirão Série A,Over 2.5,over_25,1.94,0.475,-7.85,0.0,Previsão,1.0,PENDING,,,,,
554938_under_25_2026-07-25,2026-07-25,554938,Santos,Chapecoense,Brasileirão Série A,Under 2.5,under_25,1.77,0.525,-7.07,0.0,Previsão,1.0,PENDING,,,,,
554938_over_35_2026-07-25,2026-07-25,554938,Santos,Chapecoense,Brasileirão Série A,Over 3.5,over_35,3.57,0.2567,-8.36,0.0,Previsão,1.0,PENDING,,,,,
554938_under_35_2026-07-25,2026-07-25,554938,Santos,Chapecoense,Brasileirão Série A,Under 3.5,under_35,1.25,0.7433,-7.09,0.0,Previsão,1.0,PENDING,,,,,
554939_home_2026-07-25,2026-07-25,554939,Vasco da Gama,Mirassol,Brasileirão Série A,1X2 — Vitória Casa,home,1.56,0.5877,-8.32,0.0,Previsão,1.0,PENDING,,,,,
554939_draw_2026-07-25,2026-07-25,554939,Vasco da Gama,Mirassol,Brasileirão Série A,1X2 — Empate,draw,3.98,0.2365,-5.87,0.0,Previsão,1.0,PENDING,,,,,
554939_away_2026-07-25,2026-07-25,554939,Vasco da Gama,Mirassol,Brasileirão Série A,1X2 — Vitória Fora,away,5.3,0.1758,-6.83,0.0,Previsão,1.0,PENDING,,,,,
554939_over_15_2026-07-25,2026-07-25,554939,Vasco da Gama,Mirassol,Brasileirão Série A,Over 1.5,over_15,1.27,0.7222,-8.28,0.0,Previsão,1.0,PENDING,,,,,
554939_over_25_2026-07-25,2026-07-25,554939,Vasco da Gama,Mirassol,Brasileirão Série A,Over 2.5,over_25,1.94,0.4761,-7.64,0.0,Previsão,1.0,PENDING,,,,,
554939_under_25_2026-07-25,2026-07-25,554939,Vasco da Gama,Mirassol,Brasileirão Série A,Under 2.5,under_25,1.77,0.5239,-7.27,0.0,Previsão,1.0,PENDING,,,,,
554939_over_35_2026-07-25,2026-07-25,554939,Vasco da Gama,Mirassol,Brasileirão Série A,Over 3.5,over_35,3.57,0.262,-6.47,0.0,Previsão,1.0,PENDING,,,,,
554939_under_35_2026-07-25,2026-07-25,554939,Vasco da Gama,Mirassol,Brasileirão Série A,Under 3.5,under_35,1.25,0.738,-7.75,0.0,Previsão,1.0,PENDING,,,,,
554931_home_2026-07-26,2026-07-26,554931,Bahia,Corinthians,Brasileirão Série A,1X2 — Vitória Casa,home,1.56,0.5865,-8.51,0.0,Previsão,1.0,PENDING,,,,,
554931_draw_2026-07-26,2026-07-26,554931,Bahia,Corinthians,Brasileirão Série A,1X2 — Empate,draw,3.98,0.2302,-8.38,0.0,Previsão,1.0,PENDING,,,,,
554931_away_2026-07-26,2026-07-26,554931,Bahia,Corinthians,Brasileirão Série A,1X2 — Vitória Fora,away,5.3,0.1833,-2.85,0.0,Previsão,1.0,PENDING,,,,,
554931_over_15_2026-07-26,2026-07-26,554931,Bahia,Corinthians,Brasileirão Série A,Over 1.5,over_15,1.27,0.7291,-7.4,0.0,Previsão,1.0,PENDING,,,,,
554931_over_25_2026-07-26,2026-07-26,554931,Bahia,Corinthians,Brasileirão Série A,Over 2.5,over_25,1.94,0.4809,-6.71,0.0,Previsão,1.0,PENDING,,,,,
554931_under_25_2026-07-26,2026-07-26,554931,Bahia,Corinthians,Brasileirão Série A,Under 2.5,under_25,1.77,0.5191,-8.12,0.0,Previsão,1.0,PENDING,,,,,
554931_over_35_2026-07-26,2026-07-26,554931,Bahia,Corinthians,Brasileirão Série A,Over 3.5,over_35,3.57,0.2637,-5.86,0.0,Previsão,1.0,PENDING,,,,,
554931_under_35_2026-07-26,2026-07-26,554931,Bahia,Corinthians,Brasileirão Série A,Under 3.5,under_35,1.25,0.7363,-7.96,0.0,Previsão,1.0,PENDING,,,,,
554933_home_2026-07-26,2026-07-26,554933,Cruzeiro,Botafogo,Brasileirão Série A,1X2 — Vitória Casa,home,1.56,0.5839,-8.91,0.0,Previsão,1.0,PENDING,,,,,
554933_draw_2026-07-26,2026-07-26,554933,Cruzeiro,Botafogo,Brasileirão Série A,1X2 — Empate,draw,3.98,0.239,-4.88,0.0,Previsão,1.0,PENDING,,,,,
554933_away_2026-07-26,2026-07-26,554933,Cruzeiro,Botafogo,Brasileirão Série A,1X2 — Vitória Fora,away,5.3,0.1771,-6.14,0.0,Previsão,1.0,PENDING,,,,,
554933_over_15_2026-07-26,2026-07-26,554933,Cruzeiro,Botafogo,Brasileirão Série A,Over 1.5,over_15,1.27,0.7258,-7.82,0.0,Previsão,1.0,PENDING,,,,,
554933_over_25_2026-07-26,2026-07-26,554933,Cruzeiro,Botafogo,Brasileirão Série A,Over 2.5,over_25,1.94,0.4668,-9.44,0.0,Previsão,1.0,PENDING,,,,,
554933_under_25_2026-07-26,2026-07-26,554933,Cruzeiro,Botafogo,Brasileirão Série A,Under 2.5,under_25,1.77,0.5332,-5.62,0.0,Previsão,1.0,PENDING,,,,,
554933_over_35_2026-07-26,2026-07-26,554933,Cruzeiro,Botafogo,Brasileirão Série A,Over 3.5,over_35,3.57,0.2522,-9.96,0.0,Previsão,1.0,PENDING,,,,,
554933_under_35_2026-07-26,2026-07-26,554933,Cruzeiro,Botafogo,Brasileirão Série A,Under 3.5,under_35,1.25,0.7478,-6.53,0.0,Previsão,1.0,PENDING,,,,,
554932_home_2026-07-26,2026-07-26,554932,Bragantino,Coritiba,Brasileirão Série A,1X2 — Vitória Casa,home,1.56,0.5976,-6.77,0.0,Previsão,1.0,PENDING,,,,,
554932_draw_2026-07-26,2026-07-26,554932,Bragantino,Coritiba,Brasileirão Série A,1X2 — Empate,draw,3.98,0.2292,-8.78,0.0,Previsão,1.0,PENDING,,,,,
554932_away_2026-07-26,2026-07-26,554932,Bragantino,Coritiba,Brasileirão Série A,1X2 — Vitória Fora,away,5.3,0.1732,-8.2,0.0,Previsão,1.0,PENDING,,,,,
554932_over_15_2026-07-26,2026-07-26,554932,Bragantino,Coritiba,Brasileirão Série A,Over 1.5,over_15,1.27,0.7268,-7.7,0.0,Previsão,1.0,PENDING,,,,,
554932_over_25_2026-07-26,2026-07-26,554932,Bragantino,Coritiba,Brasileirão Série A,Over 2.5,over_25,1.94,0.477,-7.46,0.0,Previsão,1.0,PENDING,,,,,
554932_under_25_2026-07-26,2026-07-26,554932,Bragantino,Coritiba,Brasileirão Série A,Under 2.5,under_25,1.77,0.523,-7.43,0.0,Previsão,1.0,PENDING,,,,,
554932_over_35_2026-07-26,2026-07-26,554932,Bragantino,Coritiba,Brasileirão Série A,Over 3.5,over_35,3.57,0.2563,-8.5,0.0,Previsão,1.0,PENDING,,,,,
554932_under_35_2026-07-26,2026-07-26,554932,Bragantino,Coritiba,Brasileirão Série A,Under 3.5,under_35,1.25,0.7437,-7.04,0.0,Previsão,1.0,PENDING,,,,,
554934_home_2026-07-26,2026-07-26,554934,Flamengo,São Paulo,Brasileirão Série A,1X2 — Vitória Casa,home,1.56,0.5974,-6.81,0.0,Previsão,1.0,PENDING,,,,,
554934_draw_2026-07-26,2026-07-26,554934,Flamengo,São Paulo,Brasileirão Série A,1X2 — Empate,draw,3.98,0.2301,-8.42,0.0,Previsão,1.0,PENDING,,,,,
554934_away_2026-07-26,2026-07-26,554934,Flamengo,São Paulo,Brasileirão Série A,1X2 — Vitória Fora,away,5.3,0.1725,-8.58,0.0,Previsão,1.0,PENDING,,,,,
554934_over_15_2026-07-26,2026-07-26,554934,Flamengo,São Paulo,Brasileirão Série A,Over 1.5,over_15,1.27,0.723,-8.18,0.0,Previsão,1.0,PENDING,,,,,
554934_over_25_2026-07-26,2026-07-26,554934,Flamengo,São Paulo,Brasileirão Série A,Over 2.5,over_25,1.94,0.4739,-8.06,0.0,Previsão,1.0,PENDING,,,,,
554934_under_25_2026-07-26,2026-07-26,554934,Flamengo,São Paulo,Brasileirão Série A,Under 2.5,under_25,1.77,0.5261,-6.88,0.0,Previsão,1.0,PENDING,,,,,
554934_over_35_2026-07-26,2026-07-26,554934,Flamengo,São Paulo,Brasileirão Série A,Over 3.5,over_35,3.57,0.2587,-7.64,0.0,Previsão,1.0,PENDING,,,,,
554934_under_35_2026-07-26,2026-07-26,554934,Flamengo,São Paulo,Brasileirão Série A,Under 3.5,under_35,1.25,0.7413,-7.34,0.0,Previsão,1.0,PENDING,,,,,
554935_home_2026-07-26,2026-07-26,554935,Grêmio,Fluminense,Brasileirão Série A,1X2 — Vitória Casa,home,1.56,0.59,-7.96,0.0,Previsão,1.0,PENDING,,,,,
554935_draw_2026-07-26,2026-07-26,554935,Grêmio,Fluminense,Brasileirão Série A,1X2 — Empate,draw,3.98,0.2281,-9.22,0.0,Previsão,1.0,PENDING,,,,,
554935_away_2026-07-26,2026-07-26,554935,Grêmio,Fluminense,Brasileirão Série A,1X2 — Vitória Fora,away,5.3,0.1819,-3.59,0.0,Previsão,1.0,PENDING,,,,,
554935_over_15_2026-07-26,2026-07-26,554935,Grêmio,Fluminense,Brasileirão Série A,Over 1.5,over_15,1.27,0.7322,-7.01,0.0,Previsão,1.0,PENDING,,,,,
554935_over_25_2026-07-26,2026-07-26,554935,Grêmio,Fluminense,Brasileirão Série A,Over 2.5,over_25,1.94,0.4831,-6.28,0.0,Previsão,1.0,PENDING,,,,,
554935_under_25_2026-07-26,2026-07-26,554935,Grêmio,Fluminense,Brasileirão Série A,Under 2.5,under_25,1.77,0.5169,-8.51,0.0,Previsão,1.0,PENDING,,,,,
554935_over_35_2026-07-26,2026-07-26,554935,Grêmio,Fluminense,Brasileirão Série A,Over 3.5,over_35,3.57,0.261,-6.82,0.0,Previsão,1.0,PENDING,,,,,
554935_under_35_2026-07-26,2026-07-26,554935,Grêmio,Fluminense,Brasileirão Série A,Under 3.5,under_35,1.25,0.739,-7.63,0.0,Previsão,1.0,PENDING,,,,,
554936_home_2026-07-26,2026-07-26,554936,Palmeiras,Mineiro,Brasileirão Série A,1X2 — Vitória Casa,home,1.56,0.6036,-5.84,0.0,Previsão,1.0,PENDING,,,,,
554936_draw_2026-07-26,2026-07-26,554936,Palmeiras,Mineiro,Brasileirão Série A,1X2 — Empate,draw,3.98,0.2256,-10.21,0.0,Previsão,1.0,PENDING,,,,,
554936_away_2026-07-26,2026-07-26,554936,Palmeiras,Mineiro,Brasileirão Série A,1X2 — Vitória Fora,away,5.3,0.1708,-9.48,0.0,Previsão,1.0,PENDING,,,,,
554936_over_15_2026-07-26,2026-07-26,554936,Palmeiras,Mineiro,Brasileirão Série A,Over 1.5,over_15,1.27,0.7327,-6.95,0.0,Previsão,1.0,PENDING,,,,,
554936_over_25_2026-07-26,2026-07-26,554936,Palmeiras,Mineiro,Brasileirão Série A,Over 2.5,over_25,1.94,0.4849,-5.93,0.0,Previsão,1.0,PENDING,,,,,
554936_under_25_2026-07-26,2026-07-26,554936,Palmeiras,Mineiro,Brasileirão Série A,Under 2.5,under_25,1.77,0.5151,-8.83,0.0,Previsão,1.0,PENDING,,,,,
554936_over_35_2026-07-26,2026-07-26,554936,Palmeiras,Mineiro,Brasileirão Série A,Over 3.5,over_35,3.57,0.2699,-3.65,0.0,Previsão,1.0,PENDING,,,,,
554936_under_35_2026-07-26,2026-07-26,554936,Palmeiras,Mineiro,Brasileirão Série A,Under 3.5,under_35,1.25,0.7301,-8.74,0.0,Previsão,1.0,PENDING,,,,,
554937_home_2026-07-26,2026-07-26,554937,Clube do Remo,Vitória,Brasileirão Série A,1X2 — Vitória Casa,home,1.56,0.5846,-8.8,0.0,Previsão,1.0,PENDING,,,,,
554937_draw_2026-07-26,2026-07-26,554937,Clube do Remo,Vitória,Brasileirão Série A,1X2 — Empate,draw,3.98,0.2343,-6.75,0.0,Previsão,1.0,PENDING,,,,,
554937_away_2026-07-26,2026-07-26,554937,Clube do Remo,Vitória,Brasileirão Série A,1X2 — Vitória Fora,away,5.3,0.1811,-4.02,0.0,Previsão,1.0,PENDING,,,,,
554937_over_15_2026-07-26,2026-07-26,554937,Clube do Remo,Vitória,Brasileirão Série A,Over 1.5,over_15,1.27,0.7283,-7.51,0.0,Previsão,1.0,PENDING,,,,,
554937_over_25_2026-07-26,2026-07-26,554937,Clube do Remo,Vitória,Brasileirão Série A,Over 2.5,over_25,1.94,0.4706,-8.7,0.0,Previsão,1.0,PENDING,,,,,
554937_under_25_2026-07-26,2026-07-26,554937,Clube do Remo,Vitória,Brasileirão Série A,Under 2.5,under_25,1.77,0.5294,-6.3,0.0,Previsão,1.0,PENDING,,,,,
554937_over_35_2026-07-26,2026-07-26,554937,Clube do Remo,Vitória,Brasileirão Série A,Over 3.5,over_35,3.57,0.2554,-8.82,0.0,Previsão,1.0,PENDING,,,,,
554937_under_35_2026-07-26,2026-07-26,554937,Clube do Remo,Vitória,Brasileirão Série A,Under 3.5,under_35,1.25,0.7446,-6.93,0.0,Previsão,1.0,PENDING,,,,,
554946_home_2026-07-29,2026-07-29,554946,Internacional,Flamengo,Brasileirão Série A,1X2 — Vitória Casa,home,1.56,0.5909,-7.82,0.0,Previsão,1.0,PENDING,,,,,
554946_draw_2026-07-29,2026-07-29,554946,Internacional,Flamengo,Brasileirão Série A,1X2 — Empate,draw,3.98,0.2341,-6.83,0.0,Previsão,1.0,PENDING,,,,,
554946_away_2026-07-29,2026-07-29,554946,Internacional,Flamengo,Brasileirão Série A,1X2 — Vitória Fora,away,5.3,0.175,-7.25,0.0,Previsão,1.0,PENDING,,,,,
554946_over_15_2026-07-29,2026-07-29,554946,Internacional,Flamengo,Brasileirão Série A,Over 1.5,over_15,1.27,0.7247,-7.96,0.0,Previsão,1.0,PENDING,,,,,
554946_over_25_2026-07-29,2026-07-29,554946,Internacional,Flamengo,Brasileirão Série A,Over 2.5,over_25,1.94,0.4755,-7.75,0.0,Previsão,1.0,PENDING,,,,,
554946_under_25_2026-07-29,2026-07-29,554946,Internacional,Flamengo,Brasileirão Série A,Under 2.5,under_25,1.77,0.5245,-7.16,0.0,Previsão,1.0,PENDING,,,,,
554946_over_35_2026-07-29,2026-07-29,554946,Internacional,Flamengo,Brasileirão Série A,Over 3.5,over_35,3.57,0.2572,-8.18,0.0,Previsão,1.0,PENDING,,,,,
554946_under_35_2026-07-29,2026-07-29,554946,Internacional,Flamengo,Brasileirão Série A,Under 3.5,under_35,1.25,0.7428,-7.15,0.0,Previsão,1.0,PENDING,,,,,
554947_home_2026-07-29,2026-07-29,554947,Mirassol,Clube do Remo,Brasileirão Série A,1X2 — Vitória Casa,home,1.56,0.6002,-6.37,0.0,Previsão,1.0,PENDING,,,,,
554947_draw_2026-07-29,2026-07-29,554947,Mirassol,Clube do Remo,Brasileirão Série A,1X2 — Empate,draw,3.98,0.2266,-9.81,0.0,Previsão,1.0,PENDING,,,,,
554947_away_2026-07-29,2026-07-29,554947,Mirassol,Clube do Remo,Brasileirão Série A,1X2 — Vitória Fora,away,5.3,0.1732,-8.2,0.0,Previsão,1.0,PENDING,,,,,
554947_over_15_2026-07-29,2026-07-29,554947,Mirassol,Clube do Remo,Brasileirão Série A,Over 1.5,over_15,1.27,0.7319,-7.05,0.0,Previsão,1.0,PENDING,,,,,
554947_over_25_2026-07-29,2026-07-29,554947,Mirassol,Clube do Remo,Brasileirão Série A,Over 2.5,over_25,1.94,0.4772,-7.42,0.0,Previsão,1.0,PENDING,,,,,
554947_under_25_2026-07-29,2026-07-29,554947,Mirassol,Clube do Remo,Brasileirão Série A,Under 2.5,under_25,1.77,0.5228,-7.46,0.0,Previsão,1.0,PENDING,,,,,
554947_over_35_2026-07-29,2026-07-29,554947,Mirassol,Clube do Remo,Brasileirão Série A,Over 3.5,over_35,3.57,0.2613,-6.72,0.0,Previsão,1.0,PENDING,,,,,
554947_under_35_2026-07-29,2026-07-29,554947,Mirassol,Clube do Remo,Brasileirão Série A,Under 3.5,under_35,1.25,0.7387,-7.66,0.0,Previsão,1.0,PENDING,,,,,
554943_home_2026-07-30,2026-07-30,554943,Corinthians,Paranaense,Brasileirão Série A,1X2 — Vitória Casa,home,1.56,0.5929,-7.51,0.0,Previsão,1.0,PENDING,,,,,
554943_draw_2026-07-30,2026-07-30,554943,Corinthians,Paranaense,Brasileirão Série A,1X2 — Empate,draw,3.98,0.2283,-9.14,0.0,Previsão,1.0,PENDING,,,,,
554943_away_2026-07-30,2026-07-30,554943,Corinthians,Paranaense,Brasileirão Série A,1X2 — Vitória Fora,away,5.3,0.1788,-5.24,0.0,Previsão,1.0,PENDING,,,,,
554943_over_15_2026-07-30,2026-07-30,554943,Corinthians,Paranaense,Brasileirão Série A,Over 1.5,over_15,1.27,0.7314,-7.11,0.0,Previsão,1.0,PENDING,,,,,
554943_over_25_2026-07-30,2026-07-30,554943,Corinthians,Paranaense,Brasileirão Série A,Over 2.5,over_25,1.94,0.486,-5.72,0.0,Previsão,1.0,PENDING,,,,,
554943_under_25_2026-07-30,2026-07-30,554943,Corinthians,Paranaense,Brasileirão Série A,Under 2.5,under_25,1.77,0.514,-9.02,0.0,Previsão,1.0,PENDING,,,,,
554943_over_35_2026-07-30,2026-07-30,554943,Corinthians,Paranaense,Brasileirão Série A,Over 3.5,over_35,3.57,0.2661,-5.0,0.0,Previsão,1.0,PENDING,,,,,
554943_under_35_2026-07-30,2026-07-30,554943,Corinthians,Paranaense,Brasileirão Série A,Under 3.5,under_35,1.25,0.7339,-8.26,0.0,Previsão,1.0,PENDING,,,,,
567264_home_2026-08-07,2026-08-07,567264,Estoril Praia,Famalicão,Primeira Liga,1X2 — Vitória Casa,home,1.56,0.5932,-7.46,0.0,Previsão,1.0,PENDING,,,,,
567264_draw_2026-08-07,2026-08-07,567264,Estoril Praia,Famalicão,Primeira Liga,1X2 — Empate,draw,4.16,0.2228,-7.32,0.0,Previsão,1.0,PENDING,,,,,
567264_away_2026-08-07,2026-08-07,567264,Estoril Praia,Famalicão,Primeira Liga,1X2 — Vitória Fora,away,4.98,0.184,-8.37,0.0,Previsão,1.0,PENDING,,,,,
567264_over_15_2026-08-07,2026-08-07,567264,Estoril Praia,Famalicão,Primeira Liga,Over 1.5,over_15,1.2,0.7724,-7.31,0.0,Previsão,1.0,PENDING,,,,,
567264_over_25_2026-08-07,2026-08-07,567264,Estoril Praia,Famalicão,Primeira Liga,Over 2.5,over_25,1.73,0.5378,-6.96,0.0,Previsão,1.0,PENDING,,,,,
567264_under_25_2026-08-07,2026-08-07,567264,Estoril Praia,Famalicão,Primeira Liga,Under 2.5,under_25,1.99,0.4622,-8.02,0.0,Previsão,1.0,PENDING,,,,,
567264_over_35_2026-08-07,2026-08-07,567264,Estoril Praia,Famalicão,Primeira Liga,Over 3.5,over_35,2.97,0.3174,-5.73,0.0,Previsão,1.0,PENDING,,,,,
567264_under_35_2026-08-07,2026-08-07,567264,Estoril Praia,Famalicão,Primeira Liga,Under 3.5,under_35,1.35,0.6826,-7.85,0.0,Previsão,1.0,PENDING,,,,,
558214_home_2026-08-07,2026-08-07,558214,Cambuur,Excelsior,Eredivisie,1X2 — Vitória Casa,home,1.48,0.6289,-6.92,0.0,Previsão,1.0,PENDING,,,,,
558214_draw_2026-08-07,2026-08-07,558214,Cambuur,Excelsior,Eredivisie,1X2 — Empate,draw,4.73,0.1952,-7.67,0.0,Previsão,1.0,PENDING,,,,,
558214_away_2026-08-07,2026-08-07,558214,Cambuur,Excelsior,Eredivisie,1X2 — Vitória Fora,away,5.18,0.1759,-8.88,0.0,Previsão,1.0,PENDING,,,,,
558214_over_15_2026-08-07,2026-08-07,558214,Cambuur,Excelsior,Eredivisie,Over 1.5,over_15,1.1,0.8398,-7.62,0.0,Previsão,1.0,PENDING,,,,,
558214_over_25_2026-08-07,2026-08-07,558214,Cambuur,Excelsior,Eredivisie,Over 2.5,over_25,1.44,0.6377,-8.17,0.0,Previsão,1.0,PENDING,,,,,
558214_under_25_2026-08-07,2026-08-07,558214,Cambuur,Excelsior,Eredivisie,Under 2.5,under_25,2.61,0.3623,-5.44,0.0,Previsão,1.0,PENDING,,,,,
558214_over_35_2026-08-07,2026-08-07,558214,Cambuur,Excelsior,Eredivisie,Over 3.5,over_35,2.18,0.4158,-9.36,0.0,Previsão,1.0,PENDING,,,,,
558214_under_35_2026-08-07,2026-08-07,558214,Cambuur,Excelsior,Eredivisie,Under 3.5,under_35,1.61,0.5842,-5.94,0.0,Previsão,1.0,PENDING,,,,,
567258_home_2026-08-08,2026-08-08,567258,Vitória SC,Arouca,Primeira Liga,1X2 — Vitória Casa,home,1.56,0.5869,-8.44,0.0,Previsão,1.0,PENDING,,,,,
567258_draw_2026-08-08,2026-08-08,567258,Vitória SC,Arouca,Primeira Liga,1X2 — Empate,draw,4.16,0.2213,-7.94,0.0,Previsão,1.0,PENDING,,,,,
567258_away_2026-08-08,2026-08-08,567258,Vitória SC,Arouca,Primeira Liga,1X2 — Vitória Fora,away,4.98,0.1918,-4.48,0.0,Previsão,1.0,PENDING,,,,,
567258_over_15_2026-08-08,2026-08-08,567258,Vitória SC,Arouca,Primeira Liga,Over 1.5,over_15,1.2,0.7687,-7.76,0.0,Previsão,1.0,PENDING,,,,,
567258_over_25_2026-08-08,2026-08-08,567258,Vitória SC,Arouca,Primeira Liga,Over 2.5,over_25,1.73,0.5297,-8.36,0.0,Previsão,1.0,PENDING,,,,,
567258_under_25_2026-08-08,2026-08-08,567258,Vitória SC,Arouca,Primeira Liga,Under 2.5,under_25,1.99,0.4703,-6.41,0.0,Previsão,1.0,PENDING,,,,,
567258_over_35_2026-08-08,2026-08-08,567258,Vitória SC,Arouca,Primeira Liga,Over 3.5,over_35,2.97,0.3079,-8.55,0.0,Previsão,1.0,PENDING,,,,,
567258_under_35_2026-08-08,2026-08-08,567258,Vitória SC,Arouca,Primeira Liga,Under 3.5,under_35,1.35,0.6921,-6.57,0.0,Previsão,1.0,PENDING,,,,,
567260_home_2026-08-08,2026-08-08,567260,Amadora,Sporting CP,Primeira Liga,1X2 — Vitória Casa,home,1.56,0.5892,-8.08,0.0,Previsão,1.0,PENDING,,,,,
567260_draw_2026-08-08,2026-08-08,567260,Amadora,Sporting CP,Primeira Liga,1X2 — Empate,draw,4.16,0.2282,-5.07,0.0,Previsão,1.0,PENDING,,,,,
567260_away_2026-08-08,2026-08-08,567260,Amadora,Sporting CP,Primeira Liga,1X2 — Vitória Fora,away,4.98,0.1826,-9.07,0.0,Previsão,1.0,PENDING,,,,,
567260_over_15_2026-08-08,2026-08-08,567260,Amadora,Sporting CP,Primeira Liga,Over 1.5,over_15,1.2,0.7781,-6.63,0.0,Previsão,1.0,PENDING,,,,,
567260_over_25_2026-08-08,2026-08-08,567260,Amadora,Sporting CP,Primeira Liga,Over 2.5,over_25,1.73,0.5373,-7.05,0.0,Previsão,1.0,PENDING,,,,,
567260_under_25_2026-08-08,2026-08-08,567260,Amadora,Sporting CP,Primeira Liga,Under 2.5,under_25,1.99,0.4627,-7.92,0.0,Previsão,1.0,PENDING,,,,,
567260_over_35_2026-08-08,2026-08-08,567260,Amadora,Sporting CP,Primeira Liga,Over 3.5,over_35,2.97,0.3186,-5.38,0.0,Previsão,1.0,PENDING,,,,,
567260_under_35_2026-08-08,2026-08-08,567260,Amadora,Sporting CP,Primeira Liga,Under 3.5,under_35,1.35,0.6814,-8.01,0.0,Previsão,1.0,PENDING,,,,,
558215_home_2026-08-08,2026-08-08,558215,NEC,Telstar,Eredivisie,1X2 — Vitória Casa,home,1.48,0.6247,-7.54,0.0,Previsão,1.0,PENDING,,,,,
558215_draw_2026-08-08,2026-08-08,558215,NEC,Telstar,Eredivisie,1X2 — Empate,draw,4.73,0.1949,-7.81,0.0,Previsão,1.0,PENDING,,,,,
558215_away_2026-08-08,2026-08-08,558215,NEC,Telstar,Eredivisie,1X2 — Vitória Fora,away,5.18,0.1804,-6.55,0.0,Previsão,1.0,PENDING,,,,,
558215_over_15_2026-08-08,2026-08-08,558215,NEC,Telstar,Eredivisie,Over 1.5,over_15,1.1,0.8545,-6.0,0.0,Previsão,1.0,PENDING,,,,,
558215_over_25_2026-08-08,2026-08-08,558215,NEC,Telstar,Eredivisie,Over 2.5,over_25,1.44,0.6531,-5.95,0.0,Previsão,1.0,PENDING,,,,,
558215_under_25_2026-08-08,2026-08-08,558215,NEC,Telstar,Eredivisie,Under 2.5,under_25,2.61,0.3469,-9.46,0.0,Previsão,1.0,PENDING,,,,,
558215_over_35_2026-08-08,2026-08-08,558215,NEC,Telstar,Eredivisie,Over 3.5,over_35,2.18,0.4253,-7.28,0.0,Previsão,1.0,PENDING,,,,,
558215_under_35_2026-08-08,2026-08-08,558215,NEC,Telstar,Eredivisie,Under 3.5,under_35,1.61,0.5747,-7.47,0.0,Previsão,1.0,PENDING,,,,,
558216_home_2026-08-08,2026-08-08,558216,Go Ahead,Willem II,Eredivisie,1X2 — Vitória Casa,home,1.48,0.6159,-8.85,0.0,Previsão,1.0,PENDING,,,,,
558216_draw_2026-08-08,2026-08-08,558216,Go Ahead,Willem II,Eredivisie,1X2 — Empate,draw,4.73,0.2015,-4.69,0.0,Previsão,1.0,PENDING,,,,,
558216_away_2026-08-08,2026-08-08,558216,Go Ahead,Willem II,Eredivisie,1X2 — Vitória Fora,away,5.18,0.1826,-5.41,0.0,Previsão,1.0,PENDING,,,,,
558216_over_15_2026-08-08,2026-08-08,558216,Go Ahead,Willem II,Eredivisie,Over 1.5,over_15,1.1,0.8367,-7.96,0.0,Previsão,1.0,PENDING,,,,,
558216_over_25_2026-08-08,2026-08-08,558216,Go Ahead,Willem II,Eredivisie,Over 2.5,over_25,1.44,0.6343,-8.66,0.0,Previsão,1.0,PENDING,,,,,
558216_under_25_2026-08-08,2026-08-08,558216,Go Ahead,Willem II,Eredivisie,Under 2.5,under_25,2.61,0.3657,-4.55,0.0,Previsão,1.0,PENDING,,,,,
558216_over_35_2026-08-08,2026-08-08,558216,Go Ahead,Willem II,Eredivisie,Over 3.5,over_35,2.18,0.4188,-8.7,0.0,Previsão,1.0,PENDING,,,,,
558216_under_35_2026-08-08,2026-08-08,558216,Go Ahead,Willem II,Eredivisie,Under 3.5,under_35,1.61,0.5812,-6.43,0.0,Previsão,1.0,PENDING,,,,,
558217_home_2026-08-08,2026-08-08,558217,PSV,Sittard,Eredivisie,1X2 — Vitória Casa,home,1.48,0.6287,-6.95,0.0,Previsão,1.0,PENDING,,,,,
558217_draw_2026-08-08,2026-08-08,558217,PSV,Sittard,Eredivisie,1X2 — Empate,draw,4.73,0.1912,-9.56,0.0,Previsão,1.0,PENDING,,,,,
558217_away_2026-08-08,2026-08-08,558217,PSV,Sittard,Eredivisie,1X2 — Vitória Fora,away,5.18,0.1801,-6.71,0.0,Previsão,1.0,PENDING,,,,,
558217_over_15_2026-08-08,2026-08-08,558217,PSV,Sittard,Eredivisie,Over 1.5,over_15,1.1,0.8447,-7.08,0.0,Previsão,1.0,PENDING,,,,,
558217_over_25_2026-08-08,2026-08-08,558217,PSV,Sittard,Eredivisie,Over 2.5,over_25,1.44,0.6494,-6.49,0.0,Previsão,1.0,PENDING,,,,,
558217_under_25_2026-08-08,2026-08-08,558217,PSV,Sittard,Eredivisie,Under 2.5,under_25,2.61,0.3506,-8.49,0.0,Previsão,1.0,PENDING,,,,,
558217_over_35_2026-08-08,2026-08-08,558217,PSV,Sittard,Eredivisie,Over 3.5,over_35,2.18,0.4217,-8.07,0.0,Previsão,1.0,PENDING,,,,,
558217_under_35_2026-08-08,2026-08-08,558217,PSV,Sittard,Eredivisie,Under 3.5,under_35,1.61,0.5783,-6.89,0.0,Previsão,1.0,PENDING,,,,,
558218_home_2026-08-08,2026-08-08,558218,AZ,Den Haag,Eredivisie,1X2 — Vitória Casa,home,1.48,0.6286,-6.97,0.0,Previsão,1.0,PENDING,,,,,
558218_draw_2026-08-08,2026-08-08,558218,AZ,Den Haag,Eredivisie,1X2 — Empate,draw,4.73,0.1906,-9.85,0.0,Previsão,1.0,PENDING,,,,,
558218_away_2026-08-08,2026-08-08,558218,AZ,Den Haag,Eredivisie,1X2 — Vitória Fora,away,5.18,0.1808,-6.35,0.0,Previsão,1.0,PENDING,,,,,
558218_over_15_2026-08-08,2026-08-08,558218,AZ,Den Haag,Eredivisie,Over 1.5,over_15,1.1,0.8435,-7.21,0.0,Previsão,1.0,PENDING,,,,,
558218_over_25_2026-08-08,2026-08-08,558218,AZ,Den Haag,Eredivisie,Over 2.5,over_25,1.44,0.6478,-6.72,0.0,Previsão,1.0,PENDING,,,,,
558218_under_25_2026-08-08,2026-08-08,558218,AZ,Den Haag,Eredivisie,Under 2.5,under_25,2.61,0.3522,-8.08,0.0,Previsão,1.0,PENDING,,,,,
558218_over_35_2026-08-08,2026-08-08,558218,AZ,Den Haag,Eredivisie,Over 3.5,over_35,2.18,0.4284,-6.61,0.0,Previsão,1.0,PENDING,,,,,
558218_under_35_2026-08-08,2026-08-08,558218,AZ,Den Haag,Eredivisie,Under 3.5,under_35,1.61,0.5716,-7.97,0.0,Previsão,1.0,PENDING,,,,,
554956_home_2026-08-08,2026-08-08,554956,Grêmio,São Paulo,Brasileirão Série A,1X2 — Vitória Casa,home,1.56,0.5886,-8.18,0.0,Previsão,1.0,PENDING,,,,,
554956_draw_2026-08-08,2026-08-08,554956,Grêmio,São Paulo,Brasileirão Série A,1X2 — Empate,draw,3.98,0.232,-7.66,0.0,Previsão,1.0,PENDING,,,,,
554956_away_2026-08-08,2026-08-08,554956,Grêmio,São Paulo,Brasileirão Série A,1X2 — Vitória Fora,away,5.3,0.1794,-4.92,0.0,Previsão,1.0,PENDING,,,,,
554956_over_15_2026-08-08,2026-08-08,554956,Grêmio,São Paulo,Brasileirão Série A,Over 1.5,over_15,1.27,0.7311,-7.15,0.0,Previsão,1.0,PENDING,,,,,
554956_over_25_2026-08-08,2026-08-08,554956,Grêmio,São Paulo,Brasileirão Série A,Over 2.5,over_25,1.94,0.481,-6.69,0.0,Previsão,1.0,PENDING,,,,,
554956_under_25_2026-08-08,2026-08-08,554956,Grêmio,São Paulo,Brasileirão Série A,Under 2.5,under_25,1.77,0.519,-8.14,0.0,Previsão,1.0,PENDING,,,,,
554956_over_35_2026-08-08,2026-08-08,554956,Grêmio,São Paulo,Brasileirão Série A,Over 3.5,over_35,3.57,0.2603,-7.07,0.0,Previsão,1.0,PENDING,,,,,
554956_under_35_2026-08-08,2026-08-08,554956,Grêmio,São Paulo,Brasileirão Série A,Under 3.5,under_35,1.25,0.7397,-7.54,0.0,Previsão,1.0,PENDING,,,,,
554958_home_2026-08-08,2026-08-08,554958,Clube do Remo,Mineiro,Brasileirão Série A,1X2 — Vitória Casa,home,1.56,0.5864,-8.52,0.0,Previsão,1.0,PENDING,,,,,
554958_draw_2026-08-08,2026-08-08,554958,Clube do Remo,Mineiro,Brasileirão Série A,1X2 — Empate,draw,3.98,0.2358,-6.15,0.0,Previsão,1.0,PENDING,,,,,
554958_away_2026-08-08,2026-08-08,554958,Clube do Remo,Mineiro,Brasileirão Série A,1X2 — Vitória Fora,away,5.3,0.1778,-5.77,0.0,Previsão,1.0,PENDING,,,,,
554958_over_15_2026-08-08,2026-08-08,554958,Clube do Remo,Mineiro,Brasileirão Série A,Over 1.5,over_15,1.27,0.7205,-8.5,0.0,Previsão,1.0,PENDING,,,,,
554958_over_25_2026-08-08,2026-08-08,554958,Clube do Remo,Mineiro,Brasileirão Série A,Over 2.5,over_25,1.94,0.4756,-7.73,0.0,Previsão,1.0,PENDING,,,,,
554958_under_25_2026-08-08,2026-08-08,554958,Clube do Remo,Mineiro,Brasileirão Série A,Under 2.5,under_25,1.77,0.5244,-7.18,0.0,Previsão,1.0,PENDING,,,,,
554958_over_35_2026-08-08,2026-08-08,554958,Clube do Remo,Mineiro,Brasileirão Série A,Over 3.5,over_35,3.57,0.2612,-6.75,0.0,Previsão,1.0,PENDING,,,,,
554958_under_35_2026-08-08,2026-08-08,554958,Clube do Remo,Mineiro,Brasileirão Série A,Under 3.5,under_35,1.25,0.7388,-7.65,0.0,Previsão,1.0,PENDING,,,,,
554953_home_2026-08-08,2026-08-08,554953,Coritiba,Chapecoense,Brasileirão Série A,1X2 — Vitória Casa,home,1.56,0.5914,-7.74,0.0,Previsão,1.0,PENDING,,,,,
554953_draw_2026-08-08,2026-08-08,554953,Coritiba,Chapecoense,Brasileirão Série A,1X2 — Empate,draw,3.98,0.2315,-7.86,0.0,Previsão,1.0,PENDING,,,,,
554953_away_2026-08-08,2026-08-08,554953,Coritiba,Chapecoense,Brasileirão Série A,1X2 — Vitória Fora,away,5.3,0.1771,-6.14,0.0,Previsão,1.0,PENDING,,,,,
554953_over_15_2026-08-08,2026-08-08,554953,Coritiba,Chapecoense,Brasileirão Série A,Over 1.5,over_15,1.27,0.7292,-7.39,0.0,Previsão,1.0,PENDING,,,,,
554953_over_25_2026-08-08,2026-08-08,554953,Coritiba,Chapecoense,Brasileirão Série A,Over 2.5,over_25,1.94,0.4755,-7.75,0.0,Previsão,1.0,PENDING,,,,,
554953_under_25_2026-08-08,2026-08-08,554953,Coritiba,Chapecoense,Brasileirão Série A,Under 2.5,under_25,1.77,0.5245,-7.16,0.0,Previsão,1.0,PENDING,,,,,
554953_over_35_2026-08-08,2026-08-08,554953,Coritiba,Chapecoense,Brasileirão Série A,Over 3.5,over_35,3.57,0.2585,-7.72,0.0,Previsão,1.0,PENDING,,,,,
554953_under_35_2026-08-08,2026-08-08,554953,Coritiba,Chapecoense,Brasileirão Série A,Under 3.5,under_35,1.25,0.7415,-7.31,0.0,Previsão,1.0,PENDING,,,,,
554951_home_2026-08-08,2026-08-08,554951,Botafogo,Fluminense,Brasileirão Série A,1X2 — Vitória Casa,home,1.56,0.5943,-7.29,0.0,Previsão,1.0,PENDING,,,,,
554951_draw_2026-08-08,2026-08-08,554951,Botafogo,Fluminense,Brasileirão Série A,1X2 — Empate,draw,3.98,0.2308,-8.14,0.0,Previsão,1.0,PENDING,,,,,
554951_away_2026-08-08,2026-08-08,554951,Botafogo,Fluminense,Brasileirão Série A,1X2 — Vitória Fora,away,5.3,0.1749,-7.3,0.0,Previsão,1.0,PENDING,,,,,
554951_over_15_2026-08-08,2026-08-08,554951,Botafogo,Fluminense,Brasileirão Série A,Over 1.5,over_15,1.27,0.737,-6.4,0.0,Previsão,1.0,PENDING,,,,,
554951_over_25_2026-08-08,2026-08-08,554951,Botafogo,Fluminense,Brasileirão Série A,Over 2.5,over_25,1.94,0.4797,-6.94,0.0,Previsão,1.0,PENDING,,,,,
554951_under_25_2026-08-08,2026-08-08,554951,Botafogo,Fluminense,Brasileirão Série A,Under 2.5,under_25,1.77,0.5203,-7.91,0.0,Previsão,1.0,PENDING,,,,,
554951_over_35_2026-08-08,2026-08-08,554951,Botafogo,Fluminense,Brasileirão Série A,Over 3.5,over_35,3.57,0.2623,-6.36,0.0,Previsão,1.0,PENDING,,,,,
554951_under_35_2026-08-08,2026-08-08,554951,Botafogo,Fluminense,Brasileirão Série A,Under 3.5,under_35,1.25,0.7377,-7.79,0.0,Previsão,1.0,PENDING,,,,,
567265_home_2026-08-09,2026-08-09,567265,Porto,Alverca,Primeira Liga,1X2 — Vitória Casa,home,1.56,0.5927,-7.54,0.0,Previsão,1.0,PENDING,,,,,
567265_draw_2026-08-09,2026-08-09,567265,Porto,Alverca,Primeira Liga,1X2 — Empate,draw,4.16,0.216,-10.14,0.0,Previsão,1.0,PENDING,,,,,
567265_away_2026-08-09,2026-08-09,567265,Porto,Alverca,Primeira Liga,1X2 — Vitória Fora,away,4.98,0.1913,-4.73,0.0,Previsão,1.0,PENDING,,,,,
567265_over_15_2026-08-09,2026-08-09,567265,Porto,Alverca,Primeira Liga,Over 1.5,over_15,1.2,0.7702,-7.58,0.0,Previsão,1.0,PENDING,,,,,
567265_over_25_2026-08-09,2026-08-09,567265,Porto,Alverca,Primeira Liga,Over 2.5,over_25,1.73,0.5374,-7.03,0.0,Previsão,1.0,PENDING,,,,,
567265_under_25_2026-08-09,2026-08-09,567265,Porto,Alverca,Primeira Liga,Under 2.5,under_25,1.99,0.4626,-7.94,0.0,Previsão,1.0,PENDING,,,,,
567265_over_35_2026-08-09,2026-08-09,567265,Porto,Alverca,Primeira Liga,Over 3.5,over_35,2.97,0.3158,-6.21,0.0,Previsão,1.0,PENDING,,,,,
567265_under_35_2026-08-09,2026-08-09,567265,Porto,Alverca,Primeira Liga,Under 3.5,under_35,1.35,0.6842,-7.63,0.0,Previsão,1.0,PENDING,,,,,
567259_home_2026-08-09,2026-08-09,567259,Moreirense,Braga,Primeira Liga,1X2 — Vitória Casa,home,1.56,0.5861,-8.57,0.0,Previsão,1.0,PENDING,,,,,
567259_draw_2026-08-09,2026-08-09,567259,Moreirense,Braga,Primeira Liga,1X2 — Empate,draw,4.16,0.2264,-5.82,0.0,Previsão,1.0,PENDING,,,,,
567259_away_2026-08-09,2026-08-09,567259,Moreirense,Braga,Primeira Liga,1X2 — Vitória Fora,away,4.98,0.1875,-6.62,0.0,Previsão,1.0,PENDING,,,,,
567259_over_15_2026-08-09,2026-08-09,567259,Moreirense,Braga,Primeira Liga,Over 1.5,over_15,1.2,0.7698,-7.62,0.0,Previsão,1.0,PENDING,,,,,
567259_over_25_2026-08-09,2026-08-09,567259,Moreirense,Braga,Primeira Liga,Over 2.5,over_25,1.73,0.5382,-6.89,0.0,Previsão,1.0,PENDING,,,,,
567259_under_25_2026-08-09,2026-08-09,567259,Moreirense,Braga,Primeira Liga,Under 2.5,under_25,1.99,0.4618,-8.1,0.0,Previsão,1.0,PENDING,,,,,
567259_over_35_2026-08-09,2026-08-09,567259,Moreirense,Braga,Primeira Liga,Over 3.5,over_35,2.97,0.3124,-7.22,0.0,Previsão,1.0,PENDING,,,,,
567259_under_35_2026-08-09,2026-08-09,567259,Moreirense,Braga,Primeira Liga,Under 3.5,under_35,1.35,0.6876,-7.17,0.0,Previsão,1.0,PENDING,,,,,
567261_home_2026-08-09,2026-08-09,567261,Gil Vicente,Rio Ave,Primeira Liga,1X2 — Vitória Casa,home,1.56,0.6006,-6.31,0.0,Previsão,1.0,PENDING,,,,,
567261_draw_2026-08-09,2026-08-09,567261,Gil Vicente,Rio Ave,Primeira Liga,1X2 — Empate,draw,4.16,0.2144,-10.81,0.0,Previsão,1.0,PENDING,,,,,
567261_away_2026-08-09,2026-08-09,567261,Gil Vicente,Rio Ave,Primeira Liga,1X2 — Vitória Fora,away,4.98,0.185,-7.87,0.0,Previsão,1.0,PENDING,,,,,
567261_over_15_2026-08-09,2026-08-09,567261,Gil Vicente,Rio Ave,Primeira Liga,Over 1.5,over_15,1.2,0.7675,-7.9,0.0,Previsão,1.0,PENDING,,,,,
567261_over_25_2026-08-09,2026-08-09,567261,Gil Vicente,Rio Ave,Primeira Liga,Over 2.5,over_25,1.73,0.5375,-7.01,0.0,Previsão,1.0,PENDING,,,,,
567261_under_25_2026-08-09,2026-08-09,567261,Gil Vicente,Rio Ave,Primeira Liga,Under 2.5,under_25,1.99,0.4625,-7.96,0.0,Previsão,1.0,PENDING,,,,,
567261_over_35_2026-08-09,2026-08-09,567261,Gil Vicente,Rio Ave,Primeira Liga,Over 3.5,over_35,2.97,0.3139,-6.77,0.0,Previsão,1.0,PENDING,,,,,
567261_under_35_2026-08-09,2026-08-09,567261,Gil Vicente,Rio Ave,Primeira Liga,Under 3.5,under_35,1.35,0.6861,-7.38,0.0,Previsão,1.0,PENDING,,,,,
567262_home_2026-08-09,2026-08-09,567262,SL Benfica,Acad. Viseu,Primeira Liga,1X2 — Vitória Casa,home,1.56,0.5906,-7.87,0.0,Previsão,1.0,PENDING,,,,,
567262_draw_2026-08-09,2026-08-09,567262,SL Benfica,Acad. Viseu,Primeira Liga,1X2 — Empate,draw,4.16,0.2192,-8.81,0.0,Previsão,1.0,PENDING,,,,,
567262_away_2026-08-09,2026-08-09,567262,SL Benfica,Acad. Viseu,Primeira Liga,1X2 — Vitória Fora,away,4.98,0.1902,-5.28,0.0,Previsão,1.0,PENDING,,,,,
567262_over_15_2026-08-09,2026-08-09,567262,SL Benfica,Acad. Viseu,Primeira Liga,Over 1.5,over_15,1.2,0.7742,-7.1,0.0,Previsão,1.0,PENDING,,,,,
567262_over_25_2026-08-09,2026-08-09,567262,SL Benfica,Acad. Viseu,Primeira Liga,Over 2.5,over_25,1.73,0.5361,-7.25,0.0,Previsão,1.0,PENDING,,,,,
567262_under_25_2026-08-09,2026-08-09,567262,SL Benfica,Acad. Viseu,Primeira Liga,Under 2.5,under_25,1.99,0.4639,-7.68,0.0,Previsão,1.0,PENDING,,,,,
567262_over_35_2026-08-09,2026-08-09,567262,SL Benfica,Acad. Viseu,Primeira Liga,Over 3.5,over_35,2.97,0.3146,-6.56,0.0,Previsão,1.0,PENDING,,,,,
567262_under_35_2026-08-09,2026-08-09,567262,SL Benfica,Acad. Viseu,Primeira Liga,Under 3.5,under_35,1.35,0.6854,-7.47,0.0,Previsão,1.0,PENDING,,,,,
558220_home_2026-08-09,2026-08-09,558220,Groningen,Utrecht,Eredivisie,1X2 — Vitória Casa,home,1.48,0.6234,-7.74,0.0,Previsão,1.0,PENDING,,,,,
558220_draw_2026-08-09,2026-08-09,558220,Groningen,Utrecht,Eredivisie,1X2 — Empate,draw,4.73,0.199,-5.87,0.0,Previsão,1.0,PENDING,,,,,
558220_away_2026-08-09,2026-08-09,558220,Groningen,Utrecht,Eredivisie,1X2 — Vitória Fora,away,5.18,0.1776,-8.0,0.0,Previsão,1.0,PENDING,,,,,
558220_over_15_2026-08-09,2026-08-09,558220,Groningen,Utrecht,Eredivisie,Over 1.5,over_15,1.1,0.8468,-6.85,0.0,Previsão,1.0,PENDING,,,,,
558220_over_25_2026-08-09,2026-08-09,558220,Groningen,Utrecht,Eredivisie,Over 2.5,over_25,1.44,0.6455,-7.05,0.0,Previsão,1.0,PENDING,,,,,
558220_under_25_2026-08-09,2026-08-09,558220,Groningen,Utrecht,Eredivisie,Under 2.5,under_25,2.61,0.3545,-7.48,0.0,Previsão,1.0,PENDING,,,,,
558220_over_35_2026-08-09,2026-08-09,558220,Groningen,Utrecht,Eredivisie,Over 3.5,over_35,2.18,0.4289,-6.5,0.0,Previsão,1.0,PENDING,,,,,
558220_under_35_2026-08-09,2026-08-09,558220,Groningen,Utrecht,Eredivisie,Under 3.5,under_35,1.61,0.5711,-8.05,0.0,Previsão,1.0,PENDING,,,,,
558221_home_2026-08-09,2026-08-09,558221,Zwolle,Ajax,Eredivisie,1X2 — Vitória Casa,home,1.48,0.6205,-8.17,0.0,Previsão,1.0,PENDING,,,,,
558221_draw_2026-08-09,2026-08-09,558221,Zwolle,Ajax,Eredivisie,1X2 — Empate,draw,4.73,0.2032,-3.89,0.0,Previsão,1.0,PENDING,,,,,
558221_away_2026-08-09,2026-08-09,558221,Zwolle,Ajax,Eredivisie,1X2 — Vitória Fora,away,5.18,0.1763,-8.68,0.0,Previsão,1.0,PENDING,,,,,
558221_over_15_2026-08-09,2026-08-09,558221,Zwolle,Ajax,Eredivisie,Over 1.5,over_15,1.1,0.8513,-6.36,0.0,Previsão,1.0,PENDING,,,,,
558221_over_25_2026-08-09,2026-08-09,558221,Zwolle,Ajax,Eredivisie,Over 2.5,over_25,1.44,0.6513,-6.21,0.0,Previsão,1.0,PENDING,,,,,
558221_under_25_2026-08-09,2026-08-09,558221,Zwolle,Ajax,Eredivisie,Under 2.5,under_25,2.61,0.3487,-8.99,0.0,Previsão,1.0,PENDING,,,,,
558221_over_35_2026-08-09,2026-08-09,558221,Zwolle,Ajax,Eredivisie,Over 3.5,over_35,2.18,0.434,-5.39,0.0,Previsão,1.0,PENDING,,,,,
558221_under_35_2026-08-09,2026-08-09,558221,Zwolle,Ajax,Eredivisie,Under 3.5,under_35,1.61,0.566,-8.87,0.0,Previsão,1.0,PENDING,,,,,
558222_home_2026-08-09,2026-08-09,558222,Heerenveen,Twente,Eredivisie,1X2 — Vitória Casa,home,1.48,0.6319,-6.48,0.0,Previsão,1.0,PENDING,,,,,
558222_draw_2026-08-09,2026-08-09,558222,Heerenveen,Twente,Eredivisie,1X2 — Empate,draw,4.73,0.1977,-6.49,0.0,Previsão,1.0,PENDING,,,,,
558222_away_2026-08-09,2026-08-09,558222,Heerenveen,Twente,Eredivisie,1X2 — Vitória Fora,away,5.18,0.1704,-11.73,0.0,Previsão,1.0,PENDING,,,,,
558222_over_15_2026-08-09,2026-08-09,558222,Heerenveen,Twente,Eredivisie,Over 1.5,over_15,1.1,0.8473,-6.8,0.0,Previsão,1.0,PENDING,,,,,
558222_over_25_2026-08-09,2026-08-09,558222,Heerenveen,Twente,Eredivisie,Over 2.5,over_25,1.44,0.6393,-7.94,0.0,Previsão,1.0,PENDING,,,,,
558222_under_25_2026-08-09,2026-08-09,558222,Heerenveen,Twente,Eredivisie,Under 2.5,under_25,2.61,0.3607,-5.86,0.0,Previsão,1.0,PENDING,,,,,
558222_over_35_2026-08-09,2026-08-09,558222,Heerenveen,Twente,Eredivisie,Over 3.5,over_35,2.18,0.4218,-8.05,0.0,Previsão,1.0,PENDING,,,,,
558222_under_35_2026-08-09,2026-08-09,558222,Heerenveen,Twente,Eredivisie,Under 3.5,under_35,1.61,0.5782,-6.91,0.0,Previsão,1.0,PENDING,,,,,
554954_home_2026-08-09,2026-08-09,554954,Cruzeiro,Mirassol,Brasileirão Série A,1X2 — Vitória Casa,home,1.56,0.5983,-6.67,0.0,Previsão,1.0,PENDING,,,,,
554954_draw_2026-08-09,2026-08-09,554954,Cruzeiro,Mirassol,Brasileirão Série A,1X2 — Empate,draw,3.98,0.2256,-10.21,0.0,Previsão,1.0,PENDING,,,,,
554954_away_2026-08-09,2026-08-09,554954,Cruzeiro,Mirassol,Brasileirão Série A,1X2 — Vitória Fora,away,5.3,0.1761,-6.67,0.0,Previsão,1.0,PENDING,,,,,
554954_over_15_2026-08-09,2026-08-09,554954,Cruzeiro,Mirassol,Brasileirão Série A,Over 1.5,over_15,1.27,0.7236,-8.1,0.0,Previsão,1.0,PENDING,,,,,
554954_over_25_2026-08-09,2026-08-09,554954,Cruzeiro,Mirassol,Brasileirão Série A,Over 2.5,over_25,1.94,0.4758,-7.69,0.0,Previsão,1.0,PENDING,,,,,
554954_under_25_2026-08-09,2026-08-09,554954,Cruzeiro,Mirassol,Brasileirão Série A,Under 2.5,under_25,1.77,0.5242,-7.22,0.0,Previsão,1.0,PENDING,,,,,
554954_over_35_2026-08-09,2026-08-09,554954,Cruzeiro,Mirassol,Brasileirão Série A,Over 3.5,over_35,3.57,0.2532,-9.61,0.0,Previsão,1.0,PENDING,,,,,
554954_under_35_2026-08-09,2026-08-09,554954,Cruzeiro,Mirassol,Brasileirão Série A,Under 3.5,under_35,1.25,0.7468,-6.65,0.0,Previsão,1.0,PENDING,,,,,
554950_home_2026-08-09,2026-08-09,554950,Bahia,Vasco da Gama,Brasileirão Série A,1X2 — Vitória Casa,home,1.56,0.594,-7.34,0.0,Previsão,1.0,PENDING,,,,,
554950_draw_2026-08-09,2026-08-09,554950,Bahia,Vasco da Gama,Brasileirão Série A,1X2 — Empate,draw,3.98,0.2309,-8.1,0.0,Previsão,1.0,PENDING,,,,,
554950_away_2026-08-09,2026-08-09,554950,Bahia,Vasco da Gama,Brasileirão Série A,1X2 — Vitória Fora,away,5.3,0.1751,-7.2,0.0,Previsão,1.0,PENDING,,,,,
554950_over_15_2026-08-09,2026-08-09,554950,Bahia,Vasco da Gama,Brasileirão Série A,Over 1.5,over_15,1.27,0.7283,-7.51,0.0,Previsão,1.0,PENDING,,,,,
554950_over_25_2026-08-09,2026-08-09,554950,Bahia,Vasco da Gama,Brasileirão Série A,Over 2.5,over_25,1.94,0.4764,-7.58,0.0,Previsão,1.0,PENDING,,,,,
554950_under_25_2026-08-09,2026-08-09,554950,Bahia,Vasco da Gama,Brasileirão Série A,Under 2.5,under_25,1.77,0.5236,-7.32,0.0,Previsão,1.0,PENDING,,,,,
554950_over_35_2026-08-09,2026-08-09,554950,Bahia,Vasco da Gama,Brasileirão Série A,Over 3.5,over_35,3.57,0.2613,-6.72,0.0,Previsão,1.0,PENDING,,,,,
554950_under_35_2026-08-09,2026-08-09,554950,Bahia,Vasco da Gama,Brasileirão Série A,Under 3.5,under_35,1.25,0.7387,-7.66,0.0,Previsão,1.0,PENDING,,,,,
554957_home_2026-08-09,2026-08-09,554957,Palmeiras,Internacional,Brasileirão Série A,1X2 — Vitória Casa,home,1.56,0.589,-8.12,0.0,Previsão,1.0,PENDING,,,,,
554957_draw_2026-08-09,2026-08-09,554957,Palmeiras,Internacional,Brasileirão Série A,1X2 — Empate,draw,3.98,0.2289,-8.9,0.0,Previsão,1.0,PENDING,,,,,
554957_away_2026-08-09,2026-08-09,554957,Palmeiras,Internacional,Brasileirão Série A,1X2 — Vitória Fora,away,5.3,0.1821,-3.49,0.0,Previsão,1.0,PENDING,,,,,
554957_over_15_2026-08-09,2026-08-09,554957,Palmeiras,Internacional,Brasileirão Série A,Over 1.5,over_15,1.27,0.7278,-7.57,0.0,Previsão,1.0,PENDING,,,,,
554957_over_25_2026-08-09,2026-08-09,554957,Palmeiras,Internacional,Brasileirão Série A,Over 2.5,over_25,1.94,0.4757,-7.71,0.0,Previsão,1.0,PENDING,,,,,
554957_under_25_2026-08-09,2026-08-09,554957,Palmeiras,Internacional,Brasileirão Série A,Under 2.5,under_25,1.77,0.5243,-7.2,0.0,Previsão,1.0,PENDING,,,,,
554957_over_35_2026-08-09,2026-08-09,554957,Palmeiras,Internacional,Brasileirão Série A,Over 3.5,over_35,3.57,0.2609,-6.86,0.0,Previsão,1.0,PENDING,,,,,
554957_under_35_2026-08-09,2026-08-09,554957,Palmeiras,Internacional,Brasileirão Série A,Under 3.5,under_35,1.25,0.7391,-7.61,0.0,Previsão,1.0,PENDING,,,,,
554952_home_2026-08-09,2026-08-09,554952,Bragantino,Corinthians,Brasileirão Série A,1X2 — Vitória Casa,home,1.56,0.5926,-7.55,0.0,Previsão,1.0,PENDING,,,,,
554952_draw_2026-08-09,2026-08-09,554952,Bragantino,Corinthians,Brasileirão Série A,1X2 — Empate,draw,3.98,0.2312,-7.98,0.0,Previsão,1.0,PENDING,,,,,
554952_away_2026-08-09,2026-08-09,554952,Bragantino,Corinthians,Brasileirão Série A,1X2 — Vitória Fora,away,5.3,0.1762,-6.61,0.0,Previsão,1.0,PENDING,,,,,
554952_over_15_2026-08-09,2026-08-09,554952,Bragantino,Corinthians,Brasileirão Série A,Over 1.5,over_15,1.27,0.7261,-7.79,0.0,Previsão,1.0,PENDING,,,,,
554952_over_25_2026-08-09,2026-08-09,554952,Bragantino,Corinthians,Brasileirão Série A,Over 2.5,over_25,1.94,0.4754,-7.77,0.0,Previsão,1.0,PENDING,,,,,
554952_under_25_2026-08-09,2026-08-09,554952,Bragantino,Corinthians,Brasileirão Série A,Under 2.5,under_25,1.77,0.5246,-7.15,0.0,Previsão,1.0,PENDING,,,,,
554952_over_35_2026-08-09,2026-08-09,554952,Bragantino,Corinthians,Brasileirão Série A,Over 3.5,over_35,3.57,0.2641,-5.72,0.0,Previsão,1.0,PENDING,,,,,
554952_under_35_2026-08-09,2026-08-09,554952,Bragantino,Corinthians,Brasileirão Série A,Under 3.5,under_35,1.25,0.7359,-8.01,0.0,Previsão,1.0,PENDING,,,,,
554959_home_2026-08-09,2026-08-09,554959,Santos,Paranaense,Brasileirão Série A,1X2 — Vitória Casa,home,1.56,0.5889,-8.13,0.0,Previsão,1.0,PENDING,,,,,
554959_draw_2026-08-09,2026-08-09,554959,Santos,Paranaense,Brasileirão Série A,1X2 — Empate,draw,3.98,0.2321,-7.62,0.0,Previsão,1.0,PENDING,,,,,
554959_away_2026-08-09,2026-08-09,554959,Santos,Paranaense,Brasileirão Série A,1X2 — Vitória Fora,away,5.3,0.179,-5.13,0.0,Previsão,1.0,PENDING,,,,,
554959_over_15_2026-08-09,2026-08-09,554959,Santos,Paranaense,Brasileirão Série A,Over 1.5,over_15,1.27,0.7287,-7.46,0.0,Previsão,1.0,PENDING,,,,,
554959_over_25_2026-08-09,2026-08-09,554959,Santos,Paranaense,Brasileirão Série A,Over 2.5,over_25,1.94,0.4715,-8.53,0.0,Previsão,1.0,PENDING,,,,,
554959_under_25_2026-08-09,2026-08-09,554959,Santos,Paranaense,Brasileirão Série A,Under 2.5,under_25,1.77,0.5285,-6.46,0.0,Previsão,1.0,PENDING,,,,,
554959_over_35_2026-08-09,2026-08-09,554959,Santos,Paranaense,Brasileirão Série A,Over 3.5,over_35,3.57,0.2618,-6.54,0.0,Previsão,1.0,PENDING,,,,,
554959_under_35_2026-08-09,2026-08-09,554959,Santos,Paranaense,Brasileirão Série A,Under 3.5,under_35,1.25,0.7382,-7.73,0.0,Previsão,1.0,PENDING,,,,,
554955_home_2026-08-09,2026-08-09,554955,Flamengo,Vitória,Brasileirão Série A,1X2 — Vitória Casa,home,1.56,0.5899,-7.98,0.0,Previsão,1.0,PENDING,,,,,
554955_draw_2026-08-09,2026-08-09,554955,Flamengo,Vitória,Brasileirão Série A,1X2 — Empate,draw,3.98,0.2324,-7.5,0.0,Previsão,1.0,PENDING,,,,,
554955_away_2026-08-09,2026-08-09,554955,Flamengo,Vitória,Brasileirão Série A,1X2 — Vitória Fora,away,5.3,0.1777,-5.82,0.0,Previsão,1.0,PENDING,,,,,
554955_over_15_2026-08-09,2026-08-09,554955,Flamengo,Vitória,Brasileirão Série A,Over 1.5,over_15,1.27,0.7297,-7.33,0.0,Previsão,1.0,PENDING,,,,,
554955_over_25_2026-08-09,2026-08-09,554955,Flamengo,Vitória,Brasileirão Série A,Over 2.5,over_25,1.94,0.4757,-7.71,0.0,Previsão,1.0,PENDING,,,,,
554955_under_25_2026-08-09,2026-08-09,554955,Flamengo,Vitória,Brasileirão Série A,Under 2.5,under_25,1.77,0.5243,-7.2,0.0,Previsão,1.0,PENDING,,,,,
554955_over_35_2026-08-09,2026-08-09,554955,Flamengo,Vitória,Brasileirão Série A,Over 3.5,over_35,3.57,0.2593,-7.43,0.0,Previsão,1.0,PENDING,,,,,
554955_under_35_2026-08-09,2026-08-09,554955,Flamengo,Vitória,Brasileirão Série A,Under 3.5,under_35,1.25,0.7407,-7.41,0.0,Previsão,1.0,PENDING,,,,,
567257_home_2026-08-10,2026-08-10,567257,Santa Clara,CD Nacional,Primeira Liga,1X2 — Vitória Casa,home,1.56,0.5947,-7.23,0.0,Previsão,1.0,PENDING,,,,,
567257_draw_2026-08-10,2026-08-10,567257,Santa Clara,CD Nacional,Primeira Liga,1X2 — Empate,draw,4.16,0.221,-8.06,0.0,Previsão,1.0,PENDING,,,,,
567257_away_2026-08-10,2026-08-10,567257,Santa Clara,CD Nacional,Primeira Liga,1X2 — Vitória Fora,away,4.98,0.1843,-8.22,0.0,Previsão,1.0,PENDING,,,,,
567257_over_15_2026-08-10,2026-08-10,567257,Santa Clara,CD Nacional,Primeira Liga,Over 1.5,over_15,1.2,0.7691,-7.71,0.0,Previsão,1.0,PENDING,,,,,
567257_over_25_2026-08-10,2026-08-10,567257,Santa Clara,CD Nacional,Primeira Liga,Over 2.5,over_25,1.73,0.532,-7.96,0.0,Previsão,1.0,PENDING,,,,,
567257_under_25_2026-08-10,2026-08-10,567257,Santa Clara,CD Nacional,Primeira Liga,Under 2.5,under_25,1.99,0.468,-6.87,0.0,Previsão,1.0,PENDING,,,,,
567257_over_35_2026-08-10,2026-08-10,567257,Santa Clara,CD Nacional,Primeira Liga,Over 3.5,over_35,2.97,0.3132,-6.98,0.0,Previsão,1.0,PENDING,,,,,
567257_under_35_2026-08-10,2026-08-10,567257,Santa Clara,CD Nacional,Primeira Liga,Under 3.5,under_35,1.35,0.6868,-7.28,0.0,Previsão,1.0,PENDING,,,,,
567268_home_2026-08-14,2026-08-14,567268,Sporting CP,Vitória SC,Primeira Liga,1X2 — Vitória Casa,home,1.56,0.5955,-7.1,0.0,Previsão,1.0,PENDING,,,,,
567268_draw_2026-08-14,2026-08-14,567268,Sporting CP,Vitória SC,Primeira Liga,1X2 — Empate,draw,4.16,0.2221,-7.61,0.0,Previsão,1.0,PENDING,,,,,
567268_away_2026-08-14,2026-08-14,567268,Sporting CP,Vitória SC,Primeira Liga,1X2 — Vitória Fora,away,4.98,0.1824,-9.16,0.0,Previsão,1.0,PENDING,,,,,
567268_over_15_2026-08-14,2026-08-14,567268,Sporting CP,Vitória SC,Primeira Liga,Over 1.5,over_15,1.2,0.7768,-6.78,0.0,Previsão,1.0,PENDING,,,,,
567268_over_25_2026-08-14,2026-08-14,567268,Sporting CP,Vitória SC,Primeira Liga,Over 2.5,over_25,1.73,0.5362,-7.24,0.0,Previsão,1.0,PENDING,,,,,
567268_under_25_2026-08-14,2026-08-14,567268,Sporting CP,Vitória SC,Primeira Liga,Under 2.5,under_25,1.99,0.4638,-7.7,0.0,Previsão,1.0,PENDING,,,,,
567268_over_35_2026-08-14,2026-08-14,567268,Sporting CP,Vitória SC,Primeira Liga,Over 3.5,over_35,2.97,0.3089,-8.26,0.0,Previsão,1.0,PENDING,,,,,
567268_under_35_2026-08-14,2026-08-14,567268,Sporting CP,Vitória SC,Primeira Liga,Under 3.5,under_35,1.35,0.6911,-6.7,0.0,Previsão,1.0,PENDING,,,,,
558223_home_2026-08-14,2026-08-14,558223,Telstar,Sparta,Eredivisie,1X2 — Vitória Casa,home,1.48,0.632,-6.46,0.0,Previsão,1.0,PENDING,,,,,
558223_draw_2026-08-14,2026-08-14,558223,Telstar,Sparta,Eredivisie,1X2 — Empate,draw,4.73,0.1944,-8.05,0.0,Previsão,1.0,PENDING,,,,,
558223_away_2026-08-14,2026-08-14,558223,Telstar,Sparta,Eredivisie,1X2 — Vitória Fora,away,5.18,0.1736,-10.08,0.0,Previsão,1.0,PENDING,,,,,
558223_over_15_2026-08-14,2026-08-14,558223,Telstar,Sparta,Eredivisie,Over 1.5,over_15,1.1,0.8443,-7.13,0.0,Previsão,1.0,PENDING,,,,,
558223_over_25_2026-08-14,2026-08-14,558223,Telstar,Sparta,Eredivisie,Over 2.5,over_25,1.44,0.6486,-6.6,0.0,Previsão,1.0,PENDING,,,,,
558223_under_25_2026-08-14,2026-08-14,558223,Telstar,Sparta,Eredivisie,Under 2.5,under_25,2.61,0.3514,-8.28,0.0,Previsão,1.0,PENDING,,,,,
558223_over_35_2026-08-14,2026-08-14,558223,Telstar,Sparta,Eredivisie,Over 3.5,over_35,2.18,0.4265,-7.02,0.0,Previsão,1.0,PENDING,,,,,
558223_under_35_2026-08-14,2026-08-14,558223,Telstar,Sparta,Eredivisie,Under 3.5,under_35,1.61,0.5735,-7.67,0.0,Previsão,1.0,PENDING,,,,,
561761_home_2026-08-14,2026-08-14,561761,Wolverhampton,Blackburn,Championship,1X2 — Vitória Casa,home,1.67,0.5514,-7.92,0.0,Previsão,1.0,PENDING,,,,,
561761_draw_2026-08-14,2026-08-14,561761,Wolverhampton,Blackburn,Championship,1X2 — Empate,draw,4.08,0.2305,-5.96,0.0,Previsão,1.0,PENDING,,,,,
561761_away_2026-08-14,2026-08-14,561761,Wolverhampton,Blackburn,Championship,1X2 — Vitória Fora,away,4.23,0.2181,-7.74,0.0,Previsão,1.0,PENDING,,,,,
561761_over_15_2026-08-14,2026-08-14,561761,Wolverhampton,Blackburn,Championship,Over 1.5,over_15,1.17,0.7991,-6.51,0.0,Previsão,1.0,PENDING,,,,,
561761_over_25_2026-08-14,2026-08-14,561761,Wolverhampton,Blackburn,Championship,Over 2.5,over_25,1.65,0.5711,-5.77,0.0,Previsão,1.0,PENDING,,,,,
561761_under_25_2026-08-14,2026-08-14,561761,Wolverhampton,Blackburn,Championship,Under 2.5,under_25,2.11,0.4289,-9.5,0.0,Previsão,1.0,PENDING,,,,,
561761_over_35_2026-08-14,2026-08-14,561761,Wolverhampton,Blackburn,Championship,Over 3.5,over_35,2.75,0.342,-5.95,0.0,Previsão,1.0,PENDING,,,,,
561761_under_35_2026-08-14,2026-08-14,561761,Wolverhampton,Blackburn,Championship,Under 3.5,under_35,1.4,0.658,-7.88,0.0,Previsão,1.0,PENDING,,,,,
564634_home_2026-08-15,2026-08-15,564634,Alavés,Getafe,La Liga,1X2 — Vitória Casa,home,1.61,0.5786,-6.85,0.0,Previsão,1.0,PENDING,,,,,
564634_draw_2026-08-15,2026-08-15,564634,Alavés,Getafe,La Liga,1X2 — Empate,draw,4.13,0.221,-8.73,0.0,Previsão,1.0,PENDING,,,,,
564634_away_2026-08-15,2026-08-15,564634,Alavés,Getafe,La Liga,1X2 — Vitória Fora,away,4.65,0.2004,-6.81,0.0,Previsão,1.0,PENDING,,,,,
564634_over_15_2026-08-15,2026-08-15,564634,Alavés,Getafe,La Liga,Over 1.5,over_15,1.19,0.7804,-7.13,0.0,Previsão,1.0,PENDING,,,,,
564634_over_25_2026-08-15,2026-08-15,564634,Alavés,Getafe,La Liga,Over 2.5,over_25,1.7,0.548,-6.84,0.0,Previsão,1.0,PENDING,,,,,
564634_under_25_2026-08-15,2026-08-15,564634,Alavés,Getafe,La Liga,Under 2.5,under_25,2.03,0.452,-8.24,0.0,Previsão,1.0,PENDING,,,,,
564634_over_35_2026-08-15,2026-08-15,564634,Alavés,Getafe,La Liga,Over 3.5,over_35,2.88,0.3227,-7.06,0.0,Previsão,1.0,PENDING,,,,,
564634_under_35_2026-08-15,2026-08-15,564634,Alavés,Getafe,La Liga,Under 3.5,under_35,1.36,0.6773,-7.89,0.0,Previsão,1.0,PENDING,,,,,
564633_home_2026-08-15,2026-08-15,564633,Sevilla FC,Rayo Vallecano,La Liga,1X2 — Vitória Casa,home,1.61,0.5709,-8.09,0.0,Previsão,1.0,PENDING,,,,,
564633_draw_2026-08-15,2026-08-15,564633,Sevilla FC,Rayo Vallecano,La Liga,1X2 — Empate,draw,4.13,0.2238,-7.57,0.0,Previsão,1.0,PENDING,,,,,
564633_away_2026-08-15,2026-08-15,564633,Sevilla FC,Rayo Vallecano,La Liga,1X2 — Vitória Fora,away,4.65,0.2053,-4.54,0.0,Previsão,1.0,PENDING,,,,,
564633_over_15_2026-08-15,2026-08-15,564633,Sevilla FC,Rayo Vallecano,La Liga,Over 1.5,over_15,1.19,0.7759,-7.67,0.0,Previsão,1.0,PENDING,,,,,
564633_over_25_2026-08-15,2026-08-15,564633,Sevilla FC,Rayo Vallecano,La Liga,Over 2.5,over_25,1.7,0.5438,-7.55,0.0,Previsão,1.0,PENDING,,,,,
564633_under_25_2026-08-15,2026-08-15,564633,Sevilla FC,Rayo Vallecano,La Liga,Under 2.5,under_25,2.03,0.4562,-7.39,0.0,Previsão,1.0,PENDING,,,,,
564633_over_35_2026-08-15,2026-08-15,564633,Sevilla FC,Rayo Vallecano,La Liga,Over 3.5,over_35,2.88,0.3213,-7.47,0.0,Previsão,1.0,PENDING,,,,,
564633_under_35_2026-08-15,2026-08-15,564633,Sevilla FC,Rayo Vallecano,La Liga,Under 3.5,under_35,1.36,0.6787,-7.7,0.0,Previsão,1.0,PENDING,,,,,
567266_home_2026-08-15,2026-08-15,567266,Alverca,Amadora,Primeira Liga,1X2 — Vitória Casa,home,1.56,0.5932,-7.46,0.0,Previsão,1.0,PENDING,,,,,
567266_draw_2026-08-15,2026-08-15,567266,Alverca,Amadora,Primeira Liga,1X2 — Empate,draw,4.16,0.2277,-5.28,0.0,Previsão,1.0,PENDING,,,,,
567266_away_2026-08-15,2026-08-15,567266,Alverca,Amadora,Primeira Liga,1X2 — Vitória Fora,away,4.98,0.1791,-10.81,0.0,Previsão,1.0,PENDING,,,,,
567266_over_15_2026-08-15,2026-08-15,567266,Alverca,Amadora,Primeira Liga,Over 1.5,over_15,1.2,0.7736,-7.17,0.0,Previsão,1.0,PENDING,,,,,
567266_over_25_2026-08-15,2026-08-15,567266,Alverca,Amadora,Primeira Liga,Over 2.5,over_25,1.73,0.543,-6.06,0.0,Previsão,1.0,PENDING,,,,,
567266_under_25_2026-08-15,2026-08-15,567266,Alverca,Amadora,Primeira Liga,Under 2.5,under_25,1.99,0.457,-9.06,0.0,Previsão,1.0,PENDING,,,,,
567266_over_35_2026-08-15,2026-08-15,567266,Alverca,Amadora,Primeira Liga,Over 3.5,over_35,2.97,0.3176,-5.67,0.0,Previsão,1.0,PENDING,,,,,
567266_under_35_2026-08-15,2026-08-15,567266,Alverca,Amadora,Primeira Liga,Under 3.5,under_35,1.35,0.6824,-7.88,0.0,Previsão,1.0,PENDING,,,,,
567273_home_2026-08-15,2026-08-15,567273,Acad. Viseu,Santa Clara,Primeira Liga,1X2 — Vitória Casa,home,1.56,0.5846,-8.8,0.0,Previsão,1.0,PENDING,,,,,
567273_draw_2026-08-15,2026-08-15,567273,Acad. Viseu,Santa Clara,Primeira Liga,1X2 — Empate,draw,4.16,0.2303,-4.2,0.0,Previsão,1.0,PENDING,,,,,
567273_away_2026-08-15,2026-08-15,567273,Acad. Viseu,Santa Clara,Primeira Liga,1X2 — Vitória Fora,away,4.98,0.1851,-7.82,0.0,Previsão,1.0,PENDING,,,,,
567273_over_15_2026-08-15,2026-08-15,567273,Acad. Viseu,Santa Clara,Primeira Liga,Over 1.5,over_15,1.2,0.7805,-6.34,0.0,Previsão,1.0,PENDING,,,,,
567273_over_25_2026-08-15,2026-08-15,567273,Acad. Viseu,Santa Clara,Primeira Liga,Over 2.5,over_25,1.73,0.5274,-8.76,0.0,Previsão,1.0,PENDING,,,,,
567273_under_25_2026-08-15,2026-08-15,567273,Acad. Viseu,Santa Clara,Primeira Liga,Under 2.5,under_25,1.99,0.4726,-5.95,0.0,Previsão,1.0,PENDING,,,,,
567273_over_35_2026-08-15,2026-08-15,567273,Acad. Viseu,Santa Clara,Primeira Liga,Over 3.5,over_35,2.97,0.3162,-6.09,0.0,Previsão,1.0,PENDING,,,,,
567273_under_35_2026-08-15,2026-08-15,567273,Acad. Viseu,Santa Clara,Primeira Liga,Under 3.5,under_35,1.35,0.6838,-7.69,0.0,Previsão,1.0,PENDING,,,,,
567274_home_2026-08-15,2026-08-15,567274,Rio Ave,Porto,Primeira Liga,1X2 — Vitória Casa,home,1.56,0.5931,-7.48,0.0,Previsão,1.0,PENDING,,,,,
567274_draw_2026-08-15,2026-08-15,567274,Rio Ave,Porto,Primeira Liga,1X2 — Empate,draw,4.16,0.2199,-8.52,0.0,Previsão,1.0,PENDING,,,,,
567274_away_2026-08-15,2026-08-15,567274,Rio Ave,Porto,Primeira Liga,1X2 — Vitória Fora,away,4.98,0.187,-6.87,0.0,Previsão,1.0,PENDING,,,,,
567274_over_15_2026-08-15,2026-08-15,567274,Rio Ave,Porto,Primeira Liga,Over 1.5,over_15,1.2,0.765,-8.2,0.0,Previsão,1.0,PENDING,,,,,
567274_over_25_2026-08-15,2026-08-15,567274,Rio Ave,Porto,Primeira Liga,Over 2.5,over_25,1.73,0.5364,-7.2,0.0,Previsão,1.0,PENDING,,,,,
567274_under_25_2026-08-15,2026-08-15,567274,Rio Ave,Porto,Primeira Liga,Under 2.5,under_25,1.99,0.4636,-7.74,0.0,Previsão,1.0,PENDING,,,,,
567274_over_35_2026-08-15,2026-08-15,567274,Rio Ave,Porto,Primeira Liga,Over 3.5,over_35,2.97,0.3107,-7.72,0.0,Previsão,1.0,PENDING,,,,,
567274_under_35_2026-08-15,2026-08-15,567274,Rio Ave,Porto,Primeira Liga,Under 3.5,under_35,1.35,0.6893,-6.94,0.0,Previsão,1.0,PENDING,,,,,
558224_home_2026-08-15,2026-08-15,558224,Willem II,NEC,Eredivisie,1X2 — Vitória Casa,home,1.48,0.6278,-7.09,0.0,Previsão,1.0,PENDING,,,,,
558224_draw_2026-08-15,2026-08-15,558224,Willem II,NEC,Eredivisie,1X2 — Empate,draw,4.73,0.1935,-8.47,0.0,Previsão,1.0,PENDING,,,,,
558224_away_2026-08-15,2026-08-15,558224,Willem II,NEC,Eredivisie,1X2 — Vitória Fora,away,5.18,0.1787,-7.43,0.0,Previsão,1.0,PENDING,,,,,
558224_over_15_2026-08-15,2026-08-15,558224,Willem II,NEC,Eredivisie,Over 1.5,over_15,1.1,0.8439,-7.17,0.0,Previsão,1.0,PENDING,,,,,
558224_over_25_2026-08-15,2026-08-15,558224,Willem II,NEC,Eredivisie,Over 2.5,over_25,1.44,0.6454,-7.06,0.0,Previsão,1.0,PENDING,,,,,
558224_under_25_2026-08-15,2026-08-15,558224,Willem II,NEC,Eredivisie,Under 2.5,under_25,2.61,0.3546,-7.45,0.0,Previsão,1.0,PENDING,,,,,
558224_over_35_2026-08-15,2026-08-15,558224,Willem II,NEC,Eredivisie,Over 3.5,over_35,2.18,0.4238,-7.61,0.0,Previsão,1.0,PENDING,,,,,
558224_under_35_2026-08-15,2026-08-15,558224,Willem II,NEC,Eredivisie,Under 3.5,under_35,1.61,0.5762,-7.23,0.0,Previsão,1.0,PENDING,,,,,
558225_home_2026-08-15,2026-08-15,558225,Utrecht,AZ,Eredivisie,1X2 — Vitória Casa,home,1.48,0.6234,-7.74,0.0,Previsão,1.0,PENDING,,,,,
558225_draw_2026-08-15,2026-08-15,558225,Utrecht,AZ,Eredivisie,1X2 — Empate,draw,4.73,0.1972,-6.72,0.0,Previsão,1.0,PENDING,,,,,
558225_away_2026-08-15,2026-08-15,558225,Utrecht,AZ,Eredivisie,1X2 — Vitória Fora,away,5.18,0.1794,-7.07,0.0,Previsão,1.0,PENDING,,,,,
558225_over_15_2026-08-15,2026-08-15,558225,Utrecht,AZ,Eredivisie,Over 1.5,over_15,1.1,0.8459,-6.95,0.0,Previsão,1.0,PENDING,,,,,
558225_over_25_2026-08-15,2026-08-15,558225,Utrecht,AZ,Eredivisie,Over 2.5,over_25,1.44,0.6406,-7.75,0.0,Previsão,1.0,PENDING,,,,,
558225_under_25_2026-08-15,2026-08-15,558225,Utrecht,AZ,Eredivisie,Under 2.5,under_25,2.61,0.3594,-6.2,0.0,Previsão,1.0,PENDING,,,,,
558225_over_35_2026-08-15,2026-08-15,558225,Utrecht,AZ,Eredivisie,Over 3.5,over_35,2.18,0.4193,-8.59,0.0,Previsão,1.0,PENDING,,,,,
558225_under_35_2026-08-15,2026-08-15,558225,Utrecht,AZ,Eredivisie,Under 3.5,under_35,1.61,0.5807,-6.51,0.0,Previsão,1.0,PENDING,,,,,
558226_home_2026-08-15,2026-08-15,558226,Excelsior,PSV,Eredivisie,1X2 — Vitória Casa,home,1.48,0.6198,-8.27,0.0,Previsão,1.0,PENDING,,,,,
558226_draw_2026-08-15,2026-08-15,558226,Excelsior,PSV,Eredivisie,1X2 — Empate,draw,4.73,0.1955,-7.53,0.0,Previsão,1.0,PENDING,,,,,
558226_away_2026-08-15,2026-08-15,558226,Excelsior,PSV,Eredivisie,1X2 — Vitória Fora,away,5.18,0.1847,-4.33,0.0,Previsão,1.0,PENDING,,,,,
558226_over_15_2026-08-15,2026-08-15,558226,Excelsior,PSV,Eredivisie,Over 1.5,over_15,1.1,0.8447,-7.08,0.0,Previsão,1.0,PENDING,,,,,
558226_over_25_2026-08-15,2026-08-15,558226,Excelsior,PSV,Eredivisie,Over 2.5,over_25,1.44,0.6476,-6.75,0.0,Previsão,1.0,PENDING,,,,,
558226_under_25_2026-08-15,2026-08-15,558226,Excelsior,PSV,Eredivisie,Under 2.5,under_25,2.61,0.3524,-8.02,0.0,Previsão,1.0,PENDING,,,,,
558226_over_35_2026-08-15,2026-08-15,558226,Excelsior,PSV,Eredivisie,Over 3.5,over_35,2.18,0.4254,-7.26,0.0,Previsão,1.0,PENDING,,,,,
558226_under_35_2026-08-15,2026-08-15,558226,Excelsior,PSV,Eredivisie,Under 3.5,under_35,1.61,0.5746,-7.49,0.0,Previsão,1.0,PENDING,,,,,
558227_home_2026-08-15,2026-08-15,558227,Sittard,Cambuur,Eredivisie,1X2 — Vitória Casa,home,1.48,0.6287,-6.95,0.0,Previsão,1.0,PENDING,,,,,
558227_draw_2026-08-15,2026-08-15,558227,Sittard,Cambuur,Eredivisie,1X2 — Empate,draw,4.73,0.1959,-7.34,0.0,Previsão,1.0,PENDING,,,,,
558227_away_2026-08-15,2026-08-15,558227,Sittard,Cambuur,Eredivisie,1X2 — Vitória Fora,away,5.18,0.1754,-9.14,0.0,Previsão,1.0,PENDING,,,,,
558227_over_15_2026-08-15,2026-08-15,558227,Sittard,Cambuur,Eredivisie,Over 1.5,over_15,1.1,0.8414,-7.45,0.0,Previsão,1.0,PENDING,,,,,
558227_over_25_2026-08-15,2026-08-15,558227,Sittard,Cambuur,Eredivisie,Over 2.5,over_25,1.44,0.6404,-7.78,0.0,Previsão,1.0,PENDING,,,,,
558227_under_25_2026-08-15,2026-08-15,558227,Sittard,Cambuur,Eredivisie,Under 2.5,under_25,2.61,0.3596,-6.14,0.0,Previsão,1.0,PENDING,,,,,
558227_over_35_2026-08-15,2026-08-15,558227,Sittard,Cambuur,Eredivisie,Over 3.5,over_35,2.18,0.4277,-6.76,0.0,Previsão,1.0,PENDING,,,,,
558227_under_35_2026-08-15,2026-08-15,558227,Sittard,Cambuur,Eredivisie,Under 3.5,under_35,1.61,0.5723,-7.86,0.0,Previsão,1.0,PENDING,,,,,
554967_home_2026-08-15,2026-08-15,554967,São Paulo,Coritiba,Brasileirão Série A,1X2 — Vitória Casa,home,1.56,0.6006,-6.31,0.0,Previsão,1.0,PENDING,,,,,
554967_draw_2026-08-15,2026-08-15,554967,São Paulo,Coritiba,Brasileirão Série A,1X2 — Empate,draw,3.98,0.2262,-9.97,0.0,Previsão,1.0,PENDING,,,,,
554967_away_2026-08-15,2026-08-15,554967,São Paulo,Coritiba,Brasileirão Série A,1X2 — Vitória Fora,away,5.3,0.1732,-8.2,0.0,Previsão,1.0,PENDING,,,,,
554967_over_15_2026-08-15,2026-08-15,554967,São Paulo,Coritiba,Brasileirão Série A,Over 1.5,over_15,1.27,0.7244,-8.0,0.0,Previsão,1.0,PENDING,,,,,
554967_over_25_2026-08-15,2026-08-15,554967,São Paulo,Coritiba,Brasileirão Série A,Over 2.5,over_25,1.94,0.4721,-8.41,0.0,Previsão,1.0,PENDING,,,,,
554967_under_25_2026-08-15,2026-08-15,554967,São Paulo,Coritiba,Brasileirão Série A,Under 2.5,under_25,1.77,0.5279,-6.56,0.0,Previsão,1.0,PENDING,,,,,
554967_over_35_2026-08-15,2026-08-15,554967,São Paulo,Coritiba,Brasileirão Série A,Over 3.5,over_35,3.57,0.2581,-7.86,0.0,Previsão,1.0,PENDING,,,,,
554967_under_35_2026-08-15,2026-08-15,554967,São Paulo,Coritiba,Brasileirão Série A,Under 3.5,under_35,1.25,0.7419,-7.26,0.0,Previsão,1.0,PENDING,,,,,
561763_home_2026-08-15,2026-08-15,561763,Norwich,West Brom,Championship,1X2 — Vitória Casa,home,1.67,0.5481,-8.47,0.0,Previsão,1.0,PENDING,,,,,
561763_draw_2026-08-15,2026-08-15,561763,Norwich,West Brom,Championship,1X2 — Empate,draw,4.08,0.2232,-8.93,0.0,Previsão,1.0,PENDING,,,,,
561763_away_2026-08-15,2026-08-15,561763,Norwich,West Brom,Championship,1X2 — Vitória Fora,away,4.23,0.2287,-3.26,0.0,Previsão,1.0,PENDING,,,,,
561763_over_15_2026-08-15,2026-08-15,561763,Norwich,West Brom,Championship,Over 1.5,over_15,1.17,0.7861,-8.03,0.0,Previsão,1.0,PENDING,,,,,
561763_over_25_2026-08-15,2026-08-15,561763,Norwich,West Brom,Championship,Over 2.5,over_25,1.65,0.5548,-8.46,0.0,Previsão,1.0,PENDING,,,,,
561763_under_25_2026-08-15,2026-08-15,561763,Norwich,West Brom,Championship,Under 2.5,under_25,2.11,0.4452,-6.06,0.0,Previsão,1.0,PENDING,,,,,
561763_over_35_2026-08-15,2026-08-15,561763,Norwich,West Brom,Championship,Over 3.5,over_35,2.75,0.3285,-9.66,0.0,Previsão,1.0,PENDING,,,,,
561763_under_35_2026-08-15,2026-08-15,561763,Norwich,West Brom,Championship,Under 3.5,under_35,1.4,0.6715,-5.99,0.0,Previsão,1.0,PENDING,,,,,
561764_home_2026-08-15,2026-08-15,561764,Bristol City,Millwall,Championship,1X2 — Vitória Casa,home,1.67,0.5493,-8.27,0.0,Previsão,1.0,PENDING,,,,,
561764_draw_2026-08-15,2026-08-15,561764,Bristol City,Millwall,Championship,1X2 — Empate,draw,4.08,0.2274,-7.22,0.0,Previsão,1.0,PENDING,,,,,
561764_away_2026-08-15,2026-08-15,561764,Bristol City,Millwall,Championship,1X2 — Vitória Fora,away,4.23,0.2233,-5.54,0.0,Previsão,1.0,PENDING,,,,,
561764_over_15_2026-08-15,2026-08-15,561764,Bristol City,Millwall,Championship,Over 1.5,over_15,1.17,0.794,-7.1,0.0,Previsão,1.0,PENDING,,,,,
561764_over_25_2026-08-15,2026-08-15,561764,Bristol City,Millwall,Championship,Over 2.5,over_25,1.65,0.5639,-6.96,0.0,Previsão,1.0,PENDING,,,,,
561764_under_25_2026-08-15,2026-08-15,561764,Bristol City,Millwall,Championship,Under 2.5,under_25,2.11,0.4361,-7.98,0.0,Previsão,1.0,PENDING,,,,,
561764_over_35_2026-08-15,2026-08-15,561764,Bristol City,Millwall,Championship,Over 3.5,over_35,2.75,0.3338,-8.21,0.0,Previsão,1.0,PENDING,,,,,
561764_under_35_2026-08-15,2026-08-15,561764,Bristol City,Millwall,Championship,Under 3.5,under_35,1.4,0.6662,-6.73,0.0,Previsão,1.0,PENDING,,,,,
561765_home_2026-08-15,2026-08-15,561765,Middlesbrough,Lincoln City,Championship,1X2 — Vitória Casa,home,1.67,0.5527,-7.7,0.0,Previsão,1.0,PENDING,,,,,
561765_draw_2026-08-15,2026-08-15,561765,Middlesbrough,Lincoln City,Championship,1X2 — Empate,draw,4.08,0.2204,-10.08,0.0,Previsão,1.0,PENDING,,,,,
561765_away_2026-08-15,2026-08-15,561765,Middlesbrough,Lincoln City,Championship,1X2 — Vitória Fora,away,4.23,0.2269,-4.02,0.0,Previsão,1.0,PENDING,,,,,
561765_over_15_2026-08-15,2026-08-15,561765,Middlesbrough,Lincoln City,Championship,Over 1.5,over_15,1.17,0.7886,-7.73,0.0,Previsão,1.0,PENDING,,,,,
561765_over_25_2026-08-15,2026-08-15,561765,Middlesbrough,Lincoln City,Championship,Over 2.5,over_25,1.65,0.5666,-6.51,0.0,Previsão,1.0,PENDING,,,,,
561765_under_25_2026-08-15,2026-08-15,561765,Middlesbrough,Lincoln City,Championship,Under 2.5,under_25,2.11,0.4334,-8.55,0.0,Previsão,1.0,PENDING,,,,,
561765_over_35_2026-08-15,2026-08-15,561765,Middlesbrough,Lincoln City,Championship,Over 3.5,over_35,2.75,0.3417,-6.03,0.0,Previsão,1.0,PENDING,,,,,
561765_under_35_2026-08-15,2026-08-15,561765,Middlesbrough,Lincoln City,Championship,Under 3.5,under_35,1.4,0.6583,-7.84,0.0,Previsão,1.0,PENDING,,,,,
561766_home_2026-08-15,2026-08-15,561766,Stoke,Swansea,Championship,1X2 — Vitória Casa,home,1.67,0.5502,-8.12,0.0,Previsão,1.0,PENDING,,,,,
561766_draw_2026-08-15,2026-08-15,561766,Stoke,Swansea,Championship,1X2 — Empate,draw,4.08,0.2237,-8.73,0.0,Previsão,1.0,PENDING,,,,,
561766_away_2026-08-15,2026-08-15,561766,Stoke,Swansea,Championship,1X2 — Vitória Fora,away,4.23,0.2261,-4.36,0.0,Previsão,1.0,PENDING,,,,,
561766_over_15_2026-08-15,2026-08-15,561766,Stoke,Swansea,Championship,Over 1.5,over_15,1.17,0.7904,-7.52,0.0,Previsão,1.0,PENDING,,,,,
561766_over_25_2026-08-15,2026-08-15,561766,Stoke,Swansea,Championship,Over 2.5,over_25,1.65,0.5569,-8.11,0.0,Previsão,1.0,PENDING,,,,,
561766_under_25_2026-08-15,2026-08-15,561766,Stoke,Swansea,Championship,Under 2.5,under_25,2.11,0.4431,-6.51,0.0,Previsão,1.0,PENDING,,,,,
561766_over_35_2026-08-15,2026-08-15,561766,Stoke,Swansea,Championship,Over 3.5,over_35,2.75,0.3303,-9.17,0.0,Previsão,1.0,PENDING,,,,,
561766_under_35_2026-08-15,2026-08-15,561766,Stoke,Swansea,Championship,Under 3.5,under_35,1.4,0.6697,-6.24,0.0,Previsão,1.0,PENDING,,,,,
561767_home_2026-08-15,2026-08-15,561767,Charlton,Derby County,Championship,1X2 — Vitória Casa,home,1.67,0.5483,-8.43,0.0,Previsão,1.0,PENDING,,,,,
561767_draw_2026-08-15,2026-08-15,561767,Charlton,Derby County,Championship,1X2 — Empate,draw,4.08,0.2291,-6.53,0.0,Previsão,1.0,PENDING,,,,,
561767_away_2026-08-15,2026-08-15,561767,Charlton,Derby County,Championship,1X2 — Vitória Fora,away,4.23,0.2226,-5.84,0.0,Previsão,1.0,PENDING,,,,,
561767_over_15_2026-08-15,2026-08-15,561767,Charlton,Derby County,Championship,Over 1.5,over_15,1.17,0.7984,-6.59,0.0,Previsão,1.0,PENDING,,,,,
561767_over_25_2026-08-15,2026-08-15,561767,Charlton,Derby County,Championship,Over 2.5,over_25,1.65,0.5678,-6.31,0.0,Previsão,1.0,PENDING,,,,,
561767_under_25_2026-08-15,2026-08-15,561767,Charlton,Derby County,Championship,Under 2.5,under_25,2.11,0.4322,-8.81,0.0,Previsão,1.0,PENDING,,,,,
561767_over_35_2026-08-15,2026-08-15,561767,Charlton,Derby County,Championship,Over 3.5,over_35,2.75,0.3447,-5.21,0.0,Previsão,1.0,PENDING,,,,,
561767_under_35_2026-08-15,2026-08-15,561767,Charlton,Derby County,Championship,Under 3.5,under_35,1.4,0.6553,-8.26,0.0,Previsão,1.0,PENDING,,,,,
561768_home_2026-08-15,2026-08-15,561768,Portsmouth,QPR,Championship,1X2 — Vitória Casa,home,1.67,0.5517,-7.87,0.0,Previsão,1.0,PENDING,,,,,
561768_draw_2026-08-15,2026-08-15,561768,Portsmouth,QPR,Championship,1X2 — Empate,draw,4.08,0.2276,-7.14,0.0,Previsão,1.0,PENDING,,,,,
561768_away_2026-08-15,2026-08-15,561768,Portsmouth,QPR,Championship,1X2 — Vitória Fora,away,4.23,0.2207,-6.64,0.0,Previsão,1.0,PENDING,,,,,
561768_over_15_2026-08-15,2026-08-15,561768,Portsmouth,QPR,Championship,Over 1.5,over_15,1.17,0.7975,-6.69,0.0,Previsão,1.0,PENDING,,,,,
561768_over_25_2026-08-15,2026-08-15,561768,Portsmouth,QPR,Championship,Over 2.5,over_25,1.65,0.5644,-6.87,0.0,Previsão,1.0,PENDING,,,,,
561768_under_25_2026-08-15,2026-08-15,561768,Portsmouth,QPR,Championship,Under 2.5,under_25,2.11,0.4356,-8.09,0.0,Previsão,1.0,PENDING,,,,,
561768_over_35_2026-08-15,2026-08-15,561768,Portsmouth,QPR,Championship,Over 3.5,over_35,2.75,0.3386,-6.88,0.0,Previsão,1.0,PENDING,,,,,
561768_under_35_2026-08-15,2026-08-15,561768,Portsmouth,QPR,Championship,Under 3.5,under_35,1.4,0.6614,-7.4,0.0,Previsão,1.0,PENDING,,,,,
561769_home_2026-08-15,2026-08-15,561769,Sheffield Utd,Birmingham,Championship,1X2 — Vitória Casa,home,1.67,0.5566,-7.05,0.0,Previsão,1.0,PENDING,,,,,
561769_draw_2026-08-15,2026-08-15,561769,Sheffield Utd,Birmingham,Championship,1X2 — Empate,draw,4.08,0.2291,-6.53,0.0,Previsão,1.0,PENDING,,,,,
561769_away_2026-08-15,2026-08-15,561769,Sheffield Utd,Birmingham,Championship,1X2 — Vitória Fora,away,4.23,0.2143,-9.35,0.0,Previsão,1.0,PENDING,,,,,
561769_over_15_2026-08-15,2026-08-15,561769,Sheffield Utd,Birmingham,Championship,Over 1.5,over_15,1.17,0.7908,-7.48,0.0,Previsão,1.0,PENDING,,,,,
561769_over_25_2026-08-15,2026-08-15,561769,Sheffield Utd,Birmingham,Championship,Over 2.5,over_25,1.65,0.5588,-7.8,0.0,Previsão,1.0,PENDING,,,,,
561769_under_25_2026-08-15,2026-08-15,561769,Sheffield Utd,Birmingham,Championship,Under 2.5,under_25,2.11,0.4412,-6.91,0.0,Previsão,1.0,PENDING,,,,,
561769_over_35_2026-08-15,2026-08-15,561769,Sheffield Utd,Birmingham,Championship,Over 3.5,over_35,2.75,0.3425,-5.81,0.0,Previsão,1.0,PENDING,,,,,
561769_under_35_2026-08-15,2026-08-15,561769,Sheffield Utd,Birmingham,Championship,Under 3.5,under_35,1.4,0.6575,-7.95,0.0,Previsão,1.0,PENDING,,,,,
564629_home_2026-08-16,2026-08-16,564629,Santander,Villarreal,La Liga,1X2 — Vitória Casa,home,1.61,0.5782,-6.91,0.0,Previsão,1.0,PENDING,,,,,
564629_draw_2026-08-16,2026-08-16,564629,Santander,Villarreal,La Liga,1X2 — Empate,draw,4.13,0.2245,-7.28,0.0,Previsão,1.0,PENDING,,,,,
564629_away_2026-08-16,2026-08-16,564629,Santander,Villarreal,La Liga,1X2 — Vitória Fora,away,4.65,0.1973,-8.26,0.0,Previsão,1.0,PENDING,,,,,
564629_over_15_2026-08-16,2026-08-16,564629,Santander,Villarreal,La Liga,Over 1.5,over_15,1.19,0.7729,-8.02,0.0,Previsão,1.0,PENDING,,,,,
564629_over_25_2026-08-16,2026-08-16,564629,Santander,Villarreal,La Liga,Over 2.5,over_25,1.7,0.5422,-7.83,0.0,Previsão,1.0,PENDING,,,,,
564629_under_25_2026-08-16,2026-08-16,564629,Santander,Villarreal,La Liga,Under 2.5,under_25,2.03,0.4578,-7.07,0.0,Previsão,1.0,PENDING,,,,,
564629_over_35_2026-08-16,2026-08-16,564629,Santander,Villarreal,La Liga,Over 3.5,over_35,2.88,0.3176,-8.53,0.0,Previsão,1.0,PENDING,,,,,
564629_under_35_2026-08-16,2026-08-16,564629,Santander,Villarreal,La Liga,Under 3.5,under_35,1.36,0.6824,-7.19,0.0,Previsão,1.0,PENDING,,,,,
564632_home_2026-08-16,2026-08-16,564632,Espanyol,Levante,La Liga,1X2 — Vitória Casa,home,1.61,0.5704,-8.17,0.0,Previsão,1.0,PENDING,,,,,
564632_draw_2026-08-16,2026-08-16,564632,Espanyol,Levante,La Liga,1X2 — Empate,draw,4.13,0.2246,-7.24,0.0,Previsão,1.0,PENDING,,,,,
564632_away_2026-08-16,2026-08-16,564632,Espanyol,Levante,La Liga,1X2 — Vitória Fora,away,4.65,0.205,-4.67,0.0,Previsão,1.0,PENDING,,,,,
564632_over_15_2026-08-16,2026-08-16,564632,Espanyol,Levante,La Liga,Over 1.5,over_15,1.19,0.7836,-6.75,0.0,Previsão,1.0,PENDING,,,,,
564632_over_25_2026-08-16,2026-08-16,564632,Espanyol,Levante,La Liga,Over 2.5,over_25,1.7,0.5512,-6.3,0.0,Previsão,1.0,PENDING,,,,,
564632_under_25_2026-08-16,2026-08-16,564632,Espanyol,Levante,La Liga,Under 2.5,under_25,2.03,0.4488,-8.89,0.0,Previsão,1.0,PENDING,,,,,
564632_over_35_2026-08-16,2026-08-16,564632,Espanyol,Levante,La Liga,Over 3.5,over_35,2.88,0.3329,-4.12,0.0,Previsão,1.0,PENDING,,,,,
564632_under_35_2026-08-16,2026-08-16,564632,Espanyol,Levante,La Liga,Under 3.5,under_35,1.36,0.6671,-9.27,0.0,Previsão,1.0,PENDING,,,,,
567270_home_2026-08-16,2026-08-16,567270,CD Nacional,Estoril Praia,Primeira Liga,1X2 — Vitória Casa,home,1.56,0.5872,-8.4,0.0,Previsão,1.0,PENDING,,,,,
567270_draw_2026-08-16,2026-08-16,567270,CD Nacional,Estoril Praia,Primeira Liga,1X2 — Empate,draw,4.16,0.2227,-7.36,0.0,Previsão,1.0,PENDING,,,,,
567270_away_2026-08-16,2026-08-16,567270,CD Nacional,Estoril Praia,Primeira Liga,1X2 — Vitória Fora,away,4.98,0.1901,-5.33,0.0,Previsão,1.0,PENDING,,,,,
567270_over_15_2026-08-16,2026-08-16,567270,CD Nacional,Estoril Praia,Primeira Liga,Over 1.5,over_15,1.2,0.7718,-7.38,0.0,Previsão,1.0,PENDING,,,,,
567270_over_25_2026-08-16,2026-08-16,567270,CD Nacional,Estoril Praia,Primeira Liga,Over 2.5,over_25,1.73,0.5324,-7.89,0.0,Previsão,1.0,PENDING,,,,,
567270_under_25_2026-08-16,2026-08-16,567270,CD Nacional,Estoril Praia,Primeira Liga,Under 2.5,under_25,1.99,0.4676,-6.95,0.0,Previsão,1.0,PENDING,,,,,
567270_over_35_2026-08-16,2026-08-16,567270,CD Nacional,Estoril Praia,Primeira Liga,Over 3.5,over_35,2.97,0.3088,-8.29,0.0,Previsão,1.0,PENDING,,,,,
567270_under_35_2026-08-16,2026-08-16,567270,CD Nacional,Estoril Praia,Primeira Liga,Under 3.5,under_35,1.35,0.6912,-6.69,0.0,Previsão,1.0,PENDING,,,,,
567272_home_2026-08-16,2026-08-16,567272,Arouca,Moreirense,Primeira Liga,1X2 — Vitória Casa,home,1.56,0.5924,-7.59,0.0,Previsão,1.0,PENDING,,,,,
567272_draw_2026-08-16,2026-08-16,567272,Arouca,Moreirense,Primeira Liga,1X2 — Empate,draw,4.16,0.2218,-7.73,0.0,Previsão,1.0,PENDING,,,,,
567272_away_2026-08-16,2026-08-16,567272,Arouca,Moreirense,Primeira Liga,1X2 — Vitória Fora,away,4.98,0.1858,-7.47,0.0,Previsão,1.0,PENDING,,,,,
567272_over_15_2026-08-16,2026-08-16,567272,Arouca,Moreirense,Primeira Liga,Over 1.5,over_15,1.2,0.7665,-8.02,0.0,Previsão,1.0,PENDING,,,,,
567272_over_25_2026-08-16,2026-08-16,567272,Arouca,Moreirense,Primeira Liga,Over 2.5,over_25,1.73,0.5301,-8.29,0.0,Previsão,1.0,PENDING,,,,,
567272_under_25_2026-08-16,2026-08-16,567272,Arouca,Moreirense,Primeira Liga,Under 2.5,under_25,1.99,0.4699,-6.49,0.0,Previsão,1.0,PENDING,,,,,
567272_over_35_2026-08-16,2026-08-16,567272,Arouca,Moreirense,Primeira Liga,Over 3.5,over_35,2.97,0.31,-7.93,0.0,Previsão,1.0,PENDING,,,,,
567272_under_35_2026-08-16,2026-08-16,567272,Arouca,Moreirense,Primeira Liga,Under 3.5,under_35,1.35,0.69,-6.85,0.0,Previsão,1.0,PENDING,,,,,
567269_home_2026-08-16,2026-08-16,567269,Famalicão,Marítimo,Primeira Liga,1X2 — Vitória Casa,home,1.56,0.5867,-8.47,0.0,Previsão,1.0,PENDING,,,,,
567269_draw_2026-08-16,2026-08-16,567269,Famalicão,Marítimo,Primeira Liga,1X2 — Empate,draw,4.16,0.2267,-5.69,0.0,Previsão,1.0,PENDING,,,,,
567269_away_2026-08-16,2026-08-16,567269,Famalicão,Marítimo,Primeira Liga,1X2 — Vitória Fora,away,4.98,0.1866,-7.07,0.0,Previsão,1.0,PENDING,,,,,
567269_over_15_2026-08-16,2026-08-16,567269,Famalicão,Marítimo,Primeira Liga,Over 1.5,over_15,1.2,0.7752,-6.98,0.0,Previsão,1.0,PENDING,,,,,
567269_over_25_2026-08-16,2026-08-16,567269,Famalicão,Marítimo,Primeira Liga,Over 2.5,over_25,1.73,0.5443,-5.84,0.0,Previsão,1.0,PENDING,,,,,
567269_under_25_2026-08-16,2026-08-16,567269,Famalicão,Marítimo,Primeira Liga,Under 2.5,under_25,1.99,0.4557,-9.32,0.0,Previsão,1.0,PENDING,,,,,
567269_over_35_2026-08-16,2026-08-16,567269,Famalicão,Marítimo,Primeira Liga,Over 3.5,over_35,2.97,0.316,-6.15,0.0,Previsão,1.0,PENDING,,,,,
567269_under_35_2026-08-16,2026-08-16,567269,Famalicão,Marítimo,Primeira Liga,Under 3.5,under_35,1.35,0.684,-7.66,0.0,Previsão,1.0,PENDING,,,,,
567271_home_2026-08-16,2026-08-16,567271,Braga,Gil Vicente,Primeira Liga,1X2 — Vitória Casa,home,1.56,0.5939,-7.35,0.0,Previsão,1.0,PENDING,,,,,
567271_draw_2026-08-16,2026-08-16,567271,Braga,Gil Vicente,Primeira Liga,1X2 — Empate,draw,4.16,0.2246,-6.57,0.0,Previsão,1.0,PENDING,,,,,
567271_away_2026-08-16,2026-08-16,567271,Braga,Gil Vicente,Primeira Liga,1X2 — Vitória Fora,away,4.98,0.1815,-9.61,0.0,Previsão,1.0,PENDING,,,,,
567271_over_15_2026-08-16,2026-08-16,567271,Braga,Gil Vicente,Primeira Liga,Over 1.5,over_15,1.2,0.7762,-6.86,0.0,Previsão,1.0,PENDING,,,,,
567271_over_25_2026-08-16,2026-08-16,567271,Braga,Gil Vicente,Primeira Liga,Over 2.5,over_25,1.73,0.5366,-7.17,0.0,Previsão,1.0,PENDING,,,,,
567271_under_25_2026-08-16,2026-08-16,567271,Braga,Gil Vicente,Primeira Liga,Under 2.5,under_25,1.99,0.4634,-7.78,0.0,Previsão,1.0,PENDING,,,,,
567271_over_35_2026-08-16,2026-08-16,567271,Braga,Gil Vicente,Primeira Liga,Over 3.5,over_35,2.97,0.3258,-3.24,0.0,Previsão,1.0,PENDING,,,,,
567271_under_35_2026-08-16,2026-08-16,567271,Braga,Gil Vicente,Primeira Liga,Under 3.5,under_35,1.35,0.6742,-8.98,0.0,Previsão,1.0,PENDING,,,,,
558229_home_2026-08-16,2026-08-16,558229,Feyenoord,Go Ahead,Eredivisie,1X2 — Vitória Casa,home,1.48,0.6218,-7.97,0.0,Previsão,1.0,PENDING,,,,,
558229_draw_2026-08-16,2026-08-16,558229,Feyenoord,Go Ahead,Eredivisie,1X2 — Empate,draw,4.73,0.1954,-7.58,0.0,Previsão,1.0,PENDING,,,,,
558229_away_2026-08-16,2026-08-16,558229,Feyenoord,Go Ahead,Eredivisie,1X2 — Vitória Fora,away,5.18,0.1828,-5.31,0.0,Previsão,1.0,PENDING,,,,,
558229_over_15_2026-08-16,2026-08-16,558229,Feyenoord,Go Ahead,Eredivisie,Over 1.5,over_15,1.1,0.8441,-7.15,0.0,Previsão,1.0,PENDING,,,,,
558229_over_25_2026-08-16,2026-08-16,558229,Feyenoord,Go Ahead,Eredivisie,Over 2.5,over_25,1.44,0.6458,-7.0,0.0,Previsão,1.0,PENDING,,,,,
558229_under_25_2026-08-16,2026-08-16,558229,Feyenoord,Go Ahead,Eredivisie,Under 2.5,under_25,2.61,0.3542,-7.55,0.0,Previsão,1.0,PENDING,,,,,
558229_over_35_2026-08-16,2026-08-16,558229,Feyenoord,Go Ahead,Eredivisie,Over 3.5,over_35,2.18,0.4256,-7.22,0.0,Previsão,1.0,PENDING,,,,,
558229_under_35_2026-08-16,2026-08-16,558229,Feyenoord,Go Ahead,Eredivisie,Under 3.5,under_35,1.61,0.5744,-7.52,0.0,Previsão,1.0,PENDING,,,,,
558230_home_2026-08-16,2026-08-16,558230,Twente,Zwolle,Eredivisie,1X2 — Vitória Casa,home,1.48,0.6259,-7.37,0.0,Previsão,1.0,PENDING,,,,,
558230_draw_2026-08-16,2026-08-16,558230,Twente,Zwolle,Eredivisie,1X2 — Empate,draw,4.73,0.1949,-7.81,0.0,Previsão,1.0,PENDING,,,,,
558230_away_2026-08-16,2026-08-16,558230,Twente,Zwolle,Eredivisie,1X2 — Vitória Fora,away,5.18,0.1792,-7.17,0.0,Previsão,1.0,PENDING,,,,,
558230_over_15_2026-08-16,2026-08-16,558230,Twente,Zwolle,Eredivisie,Over 1.5,over_15,1.1,0.8498,-6.52,0.0,Previsão,1.0,PENDING,,,,,
558230_over_25_2026-08-16,2026-08-16,558230,Twente,Zwolle,Eredivisie,Over 2.5,over_25,1.44,0.6495,-6.47,0.0,Previsão,1.0,PENDING,,,,,
558230_under_25_2026-08-16,2026-08-16,558230,Twente,Zwolle,Eredivisie,Under 2.5,under_25,2.61,0.3505,-8.52,0.0,Previsão,1.0,PENDING,,,,,
558230_over_35_2026-08-16,2026-08-16,558230,Twente,Zwolle,Eredivisie,Over 3.5,over_35,2.18,0.4243,-7.5,0.0,Previsão,1.0,PENDING,,,,,
558230_under_35_2026-08-16,2026-08-16,558230,Twente,Zwolle,Eredivisie,Under 3.5,under_35,1.61,0.5757,-7.31,0.0,Previsão,1.0,PENDING,,,,,
558231_home_2026-08-16,2026-08-16,558231,Ajax,Heerenveen,Eredivisie,1X2 — Vitória Casa,home,1.48,0.6287,-6.95,0.0,Previsão,1.0,PENDING,,,,,
558231_draw_2026-08-16,2026-08-16,558231,Ajax,Heerenveen,Eredivisie,1X2 — Empate,draw,4.73,0.1956,-7.48,0.0,Previsão,1.0,PENDING,,,,,
558231_away_2026-08-16,2026-08-16,558231,Ajax,Heerenveen,Eredivisie,1X2 — Vitória Fora,away,5.18,0.1757,-8.99,0.0,Previsão,1.0,PENDING,,,,,
558231_over_15_2026-08-16,2026-08-16,558231,Ajax,Heerenveen,Eredivisie,Over 1.5,over_15,1.1,0.8429,-7.28,0.0,Previsão,1.0,PENDING,,,,,
558231_over_25_2026-08-16,2026-08-16,558231,Ajax,Heerenveen,Eredivisie,Over 2.5,over_25,1.44,0.6419,-7.57,0.0,Previsão,1.0,PENDING,,,,,
558231_under_25_2026-08-16,2026-08-16,558231,Ajax,Heerenveen,Eredivisie,Under 2.5,under_25,2.61,0.3581,-6.54,0.0,Previsão,1.0,PENDING,,,,,
558231_over_35_2026-08-16,2026-08-16,558231,Ajax,Heerenveen,Eredivisie,Over 3.5,over_35,2.18,0.4207,-8.29,0.0,Previsão,1.0,PENDING,,,,,
558231_under_35_2026-08-16,2026-08-16,558231,Ajax,Heerenveen,Eredivisie,Under 3.5,under_35,1.61,0.5793,-6.73,0.0,Previsão,1.0,PENDING,,,,,
554962_home_2026-08-16,2026-08-16,554962,Chapecoense,Bahia,Brasileirão Série A,1X2 — Vitória Casa,home,1.56,0.5871,-8.41,0.0,Previsão,1.0,PENDING,,,,,
554962_draw_2026-08-16,2026-08-16,554962,Chapecoense,Bahia,Brasileirão Série A,1X2 — Empate,draw,3.98,0.2406,-4.24,0.0,Previsão,1.0,PENDING,,,,,
554962_away_2026-08-16,2026-08-16,554962,Chapecoense,Bahia,Brasileirão Série A,1X2 — Vitória Fora,away,5.3,0.1723,-8.68,0.0,Previsão,1.0,PENDING,,,,,
554962_over_15_2026-08-16,2026-08-16,554962,Chapecoense,Bahia,Brasileirão Série A,Over 1.5,over_15,1.27,0.7237,-8.09,0.0,Previsão,1.0,PENDING,,,,,
554962_over_25_2026-08-16,2026-08-16,554962,Chapecoense,Bahia,Brasileirão Série A,Over 2.5,over_25,1.94,0.4766,-7.54,0.0,Previsão,1.0,PENDING,,,,,
554962_under_25_2026-08-16,2026-08-16,554962,Chapecoense,Bahia,Brasileirão Série A,Under 2.5,under_25,1.77,0.5234,-7.36,0.0,Previsão,1.0,PENDING,,,,,
554962_over_35_2026-08-16,2026-08-16,554962,Chapecoense,Bahia,Brasileirão Série A,Over 3.5,over_35,3.57,0.2622,-6.39,0.0,Previsão,1.0,PENDING,,,,,
554962_under_35_2026-08-16,2026-08-16,554962,Chapecoense,Bahia,Brasileirão Série A,Under 3.5,under_35,1.25,0.7378,-7.77,0.0,Previsão,1.0,PENDING,,,,,
554961_home_2026-08-16,2026-08-16,554961,Mineiro,Grêmio,Brasileirão Série A,1X2 — Vitória Casa,home,1.56,0.5885,-8.19,0.0,Previsão,1.0,PENDING,,,,,
554961_draw_2026-08-16,2026-08-16,554961,Mineiro,Grêmio,Brasileirão Série A,1X2 — Empate,draw,3.98,0.2436,-3.05,0.0,Previsão,1.0,PENDING,,,,,
554961_away_2026-08-16,2026-08-16,554961,Mineiro,Grêmio,Brasileirão Série A,1X2 — Vitória Fora,away,5.3,0.1679,-11.01,0.0,Previsão,1.0,PENDING,,,,,
554961_over_15_2026-08-16,2026-08-16,554961,Mineiro,Grêmio,Brasileirão Série A,Over 1.5,over_15,1.27,0.727,-7.67,0.0,Previsão,1.0,PENDING,,,,,
554961_over_25_2026-08-16,2026-08-16,554961,Mineiro,Grêmio,Brasileirão Série A,Over 2.5,over_25,1.94,0.4682,-9.17,0.0,Previsão,1.0,PENDING,,,,,
554961_under_25_2026-08-16,2026-08-16,554961,Mineiro,Grêmio,Brasileirão Série A,Under 2.5,under_25,1.77,0.5318,-5.87,0.0,Previsão,1.0,PENDING,,,,,
554961_over_35_2026-08-16,2026-08-16,554961,Mineiro,Grêmio,Brasileirão Série A,Over 3.5,over_35,3.57,0.2602,-7.11,0.0,Previsão,1.0,PENDING,,,,,
554961_under_35_2026-08-16,2026-08-16,554961,Mineiro,Grêmio,Brasileirão Série A,Under 3.5,under_35,1.25,0.7398,-7.53,0.0,Previsão,1.0,PENDING,,,,,
554968_home_2026-08-16,2026-08-16,554968,Vasco da Gama,Santos,Brasileirão Série A,1X2 — Vitória Casa,home,1.56,0.5905,-7.88,0.0,Previsão,1.0,PENDING,,,,,
554968_draw_2026-08-16,2026-08-16,554968,Vasco da Gama,Santos,Brasileirão Série A,1X2 — Empate,draw,3.98,0.2329,-7.31,0.0,Previsão,1.0,PENDING,,,,,
554968_away_2026-08-16,2026-08-16,554968,Vasco da Gama,Santos,Brasileirão Série A,1X2 — Vitória Fora,away,5.3,0.1766,-6.4,0.0,Previsão,1.0,PENDING,,,,,
554968_over_15_2026-08-16,2026-08-16,554968,Vasco da Gama,Santos,Brasileirão Série A,Over 1.5,over_15,1.27,0.7289,-7.43,0.0,Previsão,1.0,PENDING,,,,,
554968_over_25_2026-08-16,2026-08-16,554968,Vasco da Gama,Santos,Brasileirão Série A,Over 2.5,over_25,1.94,0.4757,-7.71,0.0,Previsão,1.0,PENDING,,,,,
554968_under_25_2026-08-16,2026-08-16,554968,Vasco da Gama,Santos,Brasileirão Série A,Under 2.5,under_25,1.77,0.5243,-7.2,0.0,Previsão,1.0,PENDING,,,,,
554968_over_35_2026-08-16,2026-08-16,554968,Vasco da Gama,Santos,Brasileirão Série A,Over 3.5,over_35,3.57,0.2562,-8.54,0.0,Previsão,1.0,PENDING,,,,,
554968_under_35_2026-08-16,2026-08-16,554968,Vasco da Gama,Santos,Brasileirão Série A,Under 3.5,under_35,1.25,0.7438,-7.02,0.0,Previsão,1.0,PENDING,,,,,
554966_home_2026-08-16,2026-08-16,554966,Mirassol,Flamengo,Brasileirão Série A,1X2 — Vitória Casa,home,1.56,0.588,-8.27,0.0,Previsão,1.0,PENDING,,,,,
554966_draw_2026-08-16,2026-08-16,554966,Mirassol,Flamengo,Brasileirão Série A,1X2 — Empate,draw,3.98,0.2332,-7.19,0.0,Previsão,1.0,PENDING,,,,,
554966_away_2026-08-16,2026-08-16,554966,Mirassol,Flamengo,Brasileirão Série A,1X2 — Vitória Fora,away,5.3,0.1788,-5.24,0.0,Previsão,1.0,PENDING,,,,,
554966_over_15_2026-08-16,2026-08-16,554966,Mirassol,Flamengo,Brasileirão Série A,Over 1.5,over_15,1.27,0.7238,-8.08,0.0,Previsão,1.0,PENDING,,,,,
554966_over_25_2026-08-16,2026-08-16,554966,Mirassol,Flamengo,Brasileirão Série A,Over 2.5,over_25,1.94,0.4709,-8.65,0.0,Previsão,1.0,PENDING,,,,,
554966_under_25_2026-08-16,2026-08-16,554966,Mirassol,Flamengo,Brasileirão Série A,Under 2.5,under_25,1.77,0.5291,-6.35,0.0,Previsão,1.0,PENDING,,,,,
554966_over_35_2026-08-16,2026-08-16,554966,Mirassol,Flamengo,Brasileirão Série A,Over 3.5,over_35,3.57,0.2558,-8.68,0.0,Previsão,1.0,PENDING,,,,,
554966_under_35_2026-08-16,2026-08-16,554966,Mirassol,Flamengo,Brasileirão Série A,Under 3.5,under_35,1.25,0.7442,-6.97,0.0,Previsão,1.0,PENDING,,,,,
554969_home_2026-08-16,2026-08-16,554969,Vitória,Botafogo,Brasileirão Série A,1X2 — Vitória Casa,home,1.56,0.5871,-8.41,0.0,Previsão,1.0,PENDING,,,,,
554969_draw_2026-08-16,2026-08-16,554969,Vitória,Botafogo,Brasileirão Série A,1X2 — Empate,draw,3.98,0.2347,-6.59,0.0,Previsão,1.0,PENDING,,,,,
554969_away_2026-08-16,2026-08-16,554969,Vitória,Botafogo,Brasileirão Série A,1X2 — Vitória Fora,away,5.3,0.1782,-5.55,0.0,Previsão,1.0,PENDING,,,,,
554969_over_15_2026-08-16,2026-08-16,554969,Vitória,Botafogo,Brasileirão Série A,Over 1.5,over_15,1.27,0.7269,-7.68,0.0,Previsão,1.0,PENDING,,,,,
554969_over_25_2026-08-16,2026-08-16,554969,Vitória,Botafogo,Brasileirão Série A,Over 2.5,over_25,1.94,0.4747,-7.91,0.0,Previsão,1.0,PENDING,,,,,
554969_under_25_2026-08-16,2026-08-16,554969,Vitória,Botafogo,Brasileirão Série A,Under 2.5,under_25,1.77,0.5253,-7.02,0.0,Previsão,1.0,PENDING,,,,,
554969_over_35_2026-08-16,2026-08-16,554969,Vitória,Botafogo,Brasileirão Série A,Over 3.5,over_35,3.57,0.2585,-7.72,0.0,Previsão,1.0,PENDING,,,,,
554969_under_35_2026-08-16,2026-08-16,554969,Vitória,Botafogo,Brasileirão Série A,Under 3.5,under_35,1.25,0.7415,-7.31,0.0,Previsão,1.0,PENDING,,,,,
554963_home_2026-08-16,2026-08-16,554963,Corinthians,Cruzeiro,Brasileirão Série A,1X2 — Vitória Casa,home,1.56,0.5913,-7.76,0.0,Previsão,1.0,PENDING,,,,,
554963_draw_2026-08-16,2026-08-16,554963,Corinthians,Cruzeiro,Brasileirão Série A,1X2 — Empate,draw,3.98,0.234,-6.87,0.0,Previsão,1.0,PENDING,,,,,
554963_away_2026-08-16,2026-08-16,554963,Corinthians,Cruzeiro,Brasileirão Série A,1X2 — Vitória Fora,away,5.3,0.1747,-7.41,0.0,Previsão,1.0,PENDING,,,,,
554963_over_15_2026-08-16,2026-08-16,554963,Corinthians,Cruzeiro,Brasileirão Série A,Over 1.5,over_15,1.27,0.7308,-7.19,0.0,Previsão,1.0,PENDING,,,,,
554963_over_25_2026-08-16,2026-08-16,554963,Corinthians,Cruzeiro,Brasileirão Série A,Over 2.5,over_25,1.94,0.4802,-6.84,0.0,Previsão,1.0,PENDING,,,,,
554963_under_25_2026-08-16,2026-08-16,554963,Corinthians,Cruzeiro,Brasileirão Série A,Under 2.5,under_25,1.77,0.5198,-8.0,0.0,Previsão,1.0,PENDING,,,,,
554963_over_35_2026-08-16,2026-08-16,554963,Corinthians,Cruzeiro,Brasileirão Série A,Over 3.5,over_35,3.57,0.2673,-4.57,0.0,Previsão,1.0,PENDING,,,,,
554963_under_35_2026-08-16,2026-08-16,554963,Corinthians,Cruzeiro,Brasileirão Série A,Under 3.5,under_35,1.25,0.7327,-8.41,0.0,Previsão,1.0,PENDING,,,,,
561770_home_2026-08-16,2026-08-16,561770,Watford,Southampton,Championship,1X2 — Vitória Casa,home,1.67,0.5533,-7.6,0.0,Previsão,1.0,PENDING,,,,,
561770_draw_2026-08-16,2026-08-16,561770,Watford,Southampton,Championship,1X2 — Empate,draw,4.08,0.2299,-6.2,0.0,Previsão,1.0,PENDING,,,,,
561770_away_2026-08-16,2026-08-16,561770,Watford,Southampton,Championship,1X2 — Vitória Fora,away,4.23,0.2168,-8.29,0.0,Previsão,1.0,PENDING,,,,,
561770_over_15_2026-08-16,2026-08-16,561770,Watford,Southampton,Championship,Over 1.5,over_15,1.17,0.7935,-7.16,0.0,Previsão,1.0,PENDING,,,,,
561770_over_25_2026-08-16,2026-08-16,561770,Watford,Southampton,Championship,Over 2.5,over_25,1.65,0.5673,-6.4,0.0,Previsão,1.0,PENDING,,,,,
561770_under_25_2026-08-16,2026-08-16,561770,Watford,Southampton,Championship,Under 2.5,under_25,2.11,0.4327,-8.7,0.0,Previsão,1.0,PENDING,,,,,
561770_over_35_2026-08-16,2026-08-16,561770,Watford,Southampton,Championship,Over 3.5,over_35,2.75,0.3419,-5.98,0.0,Previsão,1.0,PENDING,,,,,
561770_under_35_2026-08-16,2026-08-16,561770,Watford,Southampton,Championship,Under 3.5,under_35,1.4,0.6581,-7.87,0.0,Previsão,1.0,PENDING,,,,,
561771_home_2026-08-16,2026-08-16,561771,Burnley,West Ham,Championship,1X2 — Vitória Casa,home,1.67,0.5513,-7.93,0.0,Previsão,1.0,PENDING,,,,,
561771_draw_2026-08-16,2026-08-16,561771,Burnley,West Ham,Championship,1X2 — Empate,draw,4.08,0.2339,-4.57,0.0,Previsão,1.0,PENDING,,,,,
561771_away_2026-08-16,2026-08-16,561771,Burnley,West Ham,Championship,1X2 — Vitória Fora,away,4.23,0.2148,-9.14,0.0,Previsão,1.0,PENDING,,,,,
561771_over_15_2026-08-16,2026-08-16,561771,Burnley,West Ham,Championship,Over 1.5,over_15,1.17,0.7844,-8.23,0.0,Previsão,1.0,PENDING,,,,,
561771_over_25_2026-08-16,2026-08-16,561771,Burnley,West Ham,Championship,Over 2.5,over_25,1.65,0.5507,-9.13,0.0,Previsão,1.0,PENDING,,,,,
561771_under_25_2026-08-16,2026-08-16,561771,Burnley,West Ham,Championship,Under 2.5,under_25,2.11,0.4493,-5.2,0.0,Previsão,1.0,PENDING,,,,,
561771_over_35_2026-08-16,2026-08-16,561771,Burnley,West Ham,Championship,Over 3.5,over_35,2.75,0.3313,-8.89,0.0,Previsão,1.0,PENDING,,,,,
561771_under_35_2026-08-16,2026-08-16,561771,Burnley,West Ham,Championship,Under 3.5,under_35,1.4,0.6687,-6.38,0.0,Previsão,1.0,PENDING,,,,,
564635_home_2026-08-17,2026-08-17,564635,Deportivo,Elche,La Liga,1X2 — Vitória Casa,home,1.61,0.584,-5.98,0.0,Previsão,1.0,PENDING,,,,,
564635_draw_2026-08-17,2026-08-17,564635,Deportivo,Elche,La Liga,1X2 — Empate,draw,4.13,0.2244,-7.32,0.0,Previsão,1.0,PENDING,,,,,
564635_away_2026-08-17,2026-08-17,564635,Deportivo,Elche,La Liga,1X2 — Vitória Fora,away,4.65,0.1916,-10.91,0.0,Previsão,1.0,PENDING,,,,,
564635_over_15_2026-08-17,2026-08-17,564635,Deportivo,Elche,La Liga,Over 1.5,over_15,1.19,0.7775,-7.48,0.0,Previsão,1.0,PENDING,,,,,
564635_over_25_2026-08-17,2026-08-17,564635,Deportivo,Elche,La Liga,Over 2.5,over_25,1.7,0.5434,-7.62,0.0,Previsão,1.0,PENDING,,,,,
564635_under_25_2026-08-17,2026-08-17,564635,Deportivo,Elche,La Liga,Under 2.5,under_25,2.03,0.4566,-7.31,0.0,Previsão,1.0,PENDING,,,,,
564635_over_35_2026-08-17,2026-08-17,564635,Deportivo,Elche,La Liga,Over 3.5,over_35,2.88,0.3275,-5.68,0.0,Previsão,1.0,PENDING,,,,,
564635_under_35_2026-08-17,2026-08-17,564635,Deportivo,Elche,La Liga,Under 3.5,under_35,1.36,0.6725,-8.54,0.0,Previsão,1.0,PENDING,,,,,
567267_home_2026-08-17,2026-08-17,567267,Casa Pia,SL Benfica,Primeira Liga,1X2 — Vitória Casa,home,1.56,0.5932,-7.46,0.0,Previsão,1.0,PENDING,,,,,
567267_draw_2026-08-17,2026-08-17,567267,Casa Pia,SL Benfica,Primeira Liga,1X2 — Empate,draw,4.16,0.2221,-7.61,0.0,Previsão,1.0,PENDING,,,,,
567267_away_2026-08-17,2026-08-17,567267,Casa Pia,SL Benfica,Primeira Liga,1X2 — Vitória Fora,away,4.98,0.1847,-8.02,0.0,Previsão,1.0,PENDING,,,,,
567267_over_15_2026-08-17,2026-08-17,567267,Casa Pia,SL Benfica,Primeira Liga,Over 1.5,over_15,1.2,0.7743,-7.08,0.0,Previsão,1.0,PENDING,,,,,
567267_over_25_2026-08-17,2026-08-17,567267,Casa Pia,SL Benfica,Primeira Liga,Over 2.5,over_25,1.73,0.5318,-8.0,0.0,Previsão,1.0,PENDING,,,,,
567267_under_25_2026-08-17,2026-08-17,567267,Casa Pia,SL Benfica,Primeira Liga,Under 2.5,under_25,1.99,0.4682,-6.83,0.0,Previsão,1.0,PENDING,,,,,
567267_over_35_2026-08-17,2026-08-17,567267,Casa Pia,SL Benfica,Primeira Liga,Over 3.5,over_35,2.97,0.3141,-6.71,0.0,Previsão,1.0,PENDING,,,,,
567267_under_35_2026-08-17,2026-08-17,567267,Casa Pia,SL Benfica,Primeira Liga,Under 3.5,under_35,1.35,0.6859,-7.4,0.0,Previsão,1.0,PENDING,,,,,
554965_home_2026-08-17,2026-08-17,554965,Internacional,Clube do Remo,Brasileirão Série A,1X2 — Vitória Casa,home,1.56,0.5877,-8.32,0.0,Previsão,1.0,PENDING,,,,,
554965_draw_2026-08-17,2026-08-17,554965,Internacional,Clube do Remo,Brasileirão Série A,1X2 — Empate,draw,3.98,0.2399,-4.52,0.0,Previsão,1.0,PENDING,,,,,
554965_away_2026-08-17,2026-08-17,554965,Internacional,Clube do Remo,Brasileirão Série A,1X2 — Vitória Fora,away,5.3,0.1724,-8.63,0.0,Previsão,1.0,PENDING,,,,,
554965_over_15_2026-08-17,2026-08-17,554965,Internacional,Clube do Remo,Brasileirão Série A,Over 1.5,over_15,1.27,0.7273,-7.63,0.0,Previsão,1.0,PENDING,,,,,
554965_over_25_2026-08-17,2026-08-17,554965,Internacional,Clube do Remo,Brasileirão Série A,Over 2.5,over_25,1.94,0.4712,-8.59,0.0,Previsão,1.0,PENDING,,,,,
554965_under_25_2026-08-17,2026-08-17,554965,Internacional,Clube do Remo,Brasileirão Série A,Under 2.5,under_25,1.77,0.5288,-6.4,0.0,Previsão,1.0,PENDING,,,,,
554965_over_35_2026-08-17,2026-08-17,554965,Internacional,Clube do Remo,Brasileirão Série A,Over 3.5,over_35,3.57,0.2544,-9.18,0.0,Previsão,1.0,PENDING,,,,,
554965_under_35_2026-08-17,2026-08-17,554965,Internacional,Clube do Remo,Brasileirão Série A,Under 3.5,under_35,1.25,0.7456,-6.8,0.0,Previsão,1.0,PENDING,,,,,
561772_home_2026-08-17,2026-08-17,561772,Cardiff,Wrexham,Championship,1X2 — Vitória Casa,home,1.67,0.5476,-8.55,0.0,Previsão,1.0,PENDING,,,,,
561772_draw_2026-08-17,2026-08-17,561772,Cardiff,Wrexham,Championship,1X2 — Empate,draw,4.08,0.2259,-7.83,0.0,Previsão,1.0,PENDING,,,,,
561772_away_2026-08-17,2026-08-17,561772,Cardiff,Wrexham,Championship,1X2 — Vitória Fora,away,4.23,0.2265,-4.19,0.0,Previsão,1.0,PENDING,,,,,
561772_over_15_2026-08-17,2026-08-17,561772,Cardiff,Wrexham,Championship,Over 1.5,over_15,1.17,0.7842,-8.25,0.0,Previsão,1.0,PENDING,,,,,
561772_over_25_2026-08-17,2026-08-17,561772,Cardiff,Wrexham,Championship,Over 2.5,over_25,1.65,0.5612,-7.4,0.0,Previsão,1.0,PENDING,,,,,
561772_under_25_2026-08-17,2026-08-17,561772,Cardiff,Wrexham,Championship,Under 2.5,under_25,2.11,0.4388,-7.41,0.0,Previsão,1.0,PENDING,,,,,
561772_over_35_2026-08-17,2026-08-17,561772,Cardiff,Wrexham,Championship,Over 3.5,over_35,2.75,0.3412,-6.17,0.0,Previsão,1.0,PENDING,,,,,
561772_under_35_2026-08-17,2026-08-17,561772,Cardiff,Wrexham,Championship,Under 3.5,under_35,1.4,0.6588,-7.77,0.0,Previsão,1.0,PENDING,,,,,
564628_home_2026-08-19,2026-08-19,564628,Atleti,Málaga,La Liga,1X2 — Vitória Casa,home,1.61,0.5781,-6.93,0.0,Previsão,1.0,PENDING,,,,,
564628_draw_2026-08-19,2026-08-19,564628,Atleti,Málaga,La Liga,1X2 — Empate,draw,4.13,0.2319,-4.23,0.0,Previsão,1.0,PENDING,,,,,
564628_away_2026-08-19,2026-08-19,564628,Atleti,Málaga,La Liga,1X2 — Vitória Fora,away,4.65,0.19,-11.65,0.0,Previsão,1.0,PENDING,,,,,
564628_over_15_2026-08-19,2026-08-19,564628,Atleti,Málaga,La Liga,Over 1.5,over_15,1.19,0.7765,-7.6,0.0,Previsão,1.0,PENDING,,,,,
564628_over_25_2026-08-19,2026-08-19,564628,Atleti,Málaga,La Liga,Over 2.5,over_25,1.7,0.5422,-7.83,0.0,Previsão,1.0,PENDING,,,,,
564628_under_25_2026-08-19,2026-08-19,564628,Atleti,Málaga,La Liga,Under 2.5,under_25,2.03,0.4578,-7.07,0.0,Previsão,1.0,PENDING,,,,,
564628_over_35_2026-08-19,2026-08-19,564628,Atleti,Málaga,La Liga,Over 3.5,over_35,2.88,0.3213,-7.47,0.0,Previsão,1.0,PENDING,,,,,
564628_under_35_2026-08-19,2026-08-19,564628,Atleti,Málaga,La Liga,Under 3.5,under_35,1.36,0.6787,-7.7,0.0,Previsão,1.0,PENDING,,,,,
564638_home_2026-08-20,2026-08-20,564638,Rayo Vallecano,Alavés,La Liga,1X2 — Vitória Casa,home,1.61,0.5798,-6.65,0.0,Previsão,1.0,PENDING,,,,,
564638_draw_2026-08-20,2026-08-20,564638,Rayo Vallecano,Alavés,La Liga,1X2 — Empate,draw,4.13,0.2296,-5.18,0.0,Previsão,1.0,PENDING,,,,,
564638_away_2026-08-20,2026-08-20,564638,Rayo Vallecano,Alavés,La Liga,1X2 — Vitória Fora,away,4.65,0.1906,-11.37,0.0,Previsão,1.0,PENDING,,,,,
564638_over_15_2026-08-20,2026-08-20,564638,Rayo Vallecano,Alavés,La Liga,Over 1.5,over_15,1.19,0.7762,-7.63,0.0,Previsão,1.0,PENDING,,,,,
564638_over_25_2026-08-20,2026-08-20,564638,Rayo Vallecano,Alavés,La Liga,Over 2.5,over_25,1.7,0.5425,-7.78,0.0,Previsão,1.0,PENDING,,,,,
564638_under_25_2026-08-20,2026-08-20,564638,Rayo Vallecano,Alavés,La Liga,Under 2.5,under_25,2.03,0.4575,-7.13,0.0,Previsão,1.0,PENDING,,,,,
564638_over_35_2026-08-20,2026-08-20,564638,Rayo Vallecano,Alavés,La Liga,Over 3.5,over_35,2.88,0.3202,-7.78,0.0,Previsão,1.0,PENDING,,,,,
564638_under_35_2026-08-20,2026-08-20,564638,Rayo Vallecano,Alavés,La Liga,Under 3.5,under_35,1.36,0.6798,-7.55,0.0,Previsão,1.0,PENDING,,,,,
560542_home_2026-08-21,2026-08-21,560542,Arsenal,Coventry City,Premier League,1X2 — Vitória Casa,home,1.65,0.5697,-6.0,0.0,Previsão,1.0,PENDING,,,,,
560542_draw_2026-08-21,2026-08-21,560542,Arsenal,Coventry City,Premier League,1X2 — Empate,draw,4.25,0.21,-10.75,0.0,Previsão,1.0,PENDING,,,,,
560542_away_2026-08-21,2026-08-21,560542,Arsenal,Coventry City,Premier League,1X2 — Vitória Fora,away,4.22,0.2203,-7.03,0.0,Previsão,1.0,PENDING,,,,,
560542_over_15_2026-08-21,2026-08-21,560542,Arsenal,Coventry City,Premier League,Over 1.5,over_15,1.13,0.8189,-7.46,0.0,Previsão,1.0,PENDING,,,,,
560542_over_25_2026-08-21,2026-08-21,560542,Arsenal,Coventry City,Premier League,Over 2.5,over_25,1.54,0.6044,-6.92,0.0,Previsão,1.0,PENDING,,,,,
560542_under_25_2026-08-21,2026-08-21,560542,Arsenal,Coventry City,Premier League,Under 2.5,under_25,2.32,0.3956,-8.22,0.0,Previsão,1.0,PENDING,,,,,
560542_over_35_2026-08-21,2026-08-21,560542,Arsenal,Coventry City,Premier League,Over 3.5,over_35,2.45,0.3802,-6.85,0.0,Previsão,1.0,PENDING,,,,,
560542_under_35_2026-08-21,2026-08-21,560542,Arsenal,Coventry City,Premier League,Under 3.5,under_35,1.49,0.6198,-7.65,0.0,Previsão,1.0,PENDING,,,,,
564647_home_2026-08-21,2026-08-21,564647,Real Betis,Real Sociedad,La Liga,1X2 — Vitória Casa,home,1.61,0.5849,-5.83,0.0,Previsão,1.0,PENDING,,,,,
564647_draw_2026-08-21,2026-08-21,564647,Real Betis,Real Sociedad,La Liga,1X2 — Empate,draw,4.13,0.2152,-11.12,0.0,Previsão,1.0,PENDING,,,,,
564647_away_2026-08-21,2026-08-21,564647,Real Betis,Real Sociedad,La Liga,1X2 — Vitória Fora,away,4.65,0.1999,-7.05,0.0,Previsão,1.0,PENDING,,,,,
564647_over_15_2026-08-21,2026-08-21,564647,Real Betis,Real Sociedad,La Liga,Over 1.5,over_15,1.19,0.7787,-7.33,0.0,Previsão,1.0,PENDING,,,,,
564647_over_25_2026-08-21,2026-08-21,564647,Real Betis,Real Sociedad,La Liga,Over 2.5,over_25,1.7,0.5462,-7.15,0.0,Previsão,1.0,PENDING,,,,,
564647_under_25_2026-08-21,2026-08-21,564647,Real Betis,Real Sociedad,La Liga,Under 2.5,under_25,2.03,0.4538,-7.88,0.0,Previsão,1.0,PENDING,,,,,
564647_over_35_2026-08-21,2026-08-21,564647,Real Betis,Real Sociedad,La Liga,Over 3.5,over_35,2.88,0.3149,-9.31,0.0,Previsão,1.0,PENDING,,,,,
564647_under_35_2026-08-21,2026-08-21,564647,Real Betis,Real Sociedad,La Liga,Under 3.5,under_35,1.36,0.6851,-6.83,0.0,Previsão,1.0,PENDING,,,,,
559715_home_2026-08-21,2026-08-21,559715,Marseille,Strasbourg,Ligue 1,1X2 — Vitória Casa,home,1.54,0.6007,-7.49,0.0,Previsão,1.0,PENDING,,,,,
559715_draw_2026-08-21,2026-08-21,559715,Marseille,Strasbourg,Ligue 1,1X2 — Empate,draw,4.13,0.2225,-8.11,0.0,Previsão,1.0,PENDING,,,,,
559715_away_2026-08-21,2026-08-21,559715,Marseille,Strasbourg,Ligue 1,1X2 — Vitória Fora,away,5.27,0.1768,-6.83,0.0,Previsão,1.0,PENDING,,,,,
559715_over_15_2026-08-21,2026-08-21,559715,Marseille,Strasbourg,Ligue 1,Over 1.5,over_15,1.23,0.7594,-6.59,0.0,Previsão,1.0,PENDING,,,,,
559715_over_25_2026-08-21,2026-08-21,559715,Marseille,Strasbourg,Ligue 1,Over 2.5,over_25,1.81,0.5168,-6.46,0.0,Previsão,1.0,PENDING,,,,,
559715_under_25_2026-08-21,2026-08-21,559715,Marseille,Strasbourg,Ligue 1,Under 2.5,under_25,1.89,0.4832,-8.68,0.0,Previsão,1.0,PENDING,,,,,
559715_over_35_2026-08-21,2026-08-21,559715,Marseille,Strasbourg,Ligue 1,Over 3.5,over_35,3.19,0.2945,-6.05,0.0,Previsão,1.0,PENDING,,,,,
559715_under_35_2026-08-21,2026-08-21,559715,Marseille,Strasbourg,Ligue 1,Under 3.5,under_35,1.3,0.7055,-8.28,0.0,Previsão,1.0,PENDING,,,,,
560543_home_2026-08-22,2026-08-22,560543,Hull City,Man United,Premier League,1X2 — Vitória Casa,home,1.65,0.5588,-7.8,0.0,Previsão,1.0,PENDING,,,,,
560543_draw_2026-08-22,2026-08-22,560543,Hull City,Man United,Premier League,1X2 — Empate,draw,4.25,0.2176,-7.52,0.0,Previsão,1.0,PENDING,,,,,
560543_away_2026-08-22,2026-08-22,560543,Hull City,Man United,Premier League,1X2 — Vitória Fora,away,4.22,0.2236,-5.64,0.0,Previsão,1.0,PENDING,,,,,
560543_over_15_2026-08-22,2026-08-22,560543,Hull City,Man United,Premier League,Over 1.5,over_15,1.13,0.8149,-7.92,0.0,Previsão,1.0,PENDING,,,,,
560543_over_25_2026-08-22,2026-08-22,560543,Hull City,Man United,Premier League,Over 2.5,over_25,1.54,0.6001,-7.58,0.0,Previsão,1.0,PENDING,,,,,
560543_under_25_2026-08-22,2026-08-22,560543,Hull City,Man United,Premier League,Under 2.5,under_25,2.32,0.3999,-7.22,0.0,Previsão,1.0,PENDING,,,,,
560543_over_35_2026-08-22,2026-08-22,560543,Hull City,Man United,Premier League,Over 3.5,over_35,2.45,0.3713,-9.03,0.0,Previsão,1.0,PENDING,,,,,
560543_under_35_2026-08-22,2026-08-22,560543,Hull City,Man United,Premier League,Under 3.5,under_35,1.49,0.6287,-6.32,0.0,Previsão,1.0,PENDING,,,,,
560544_home_2026-08-22,2026-08-22,560544,Ipswich Town,Sunderland,Premier League,1X2 — Vitória Casa,home,1.65,0.5602,-7.57,0.0,Previsão,1.0,PENDING,,,,,
560544_draw_2026-08-22,2026-08-22,560544,Ipswich Town,Sunderland,Premier League,1X2 — Empate,draw,4.25,0.2167,-7.9,0.0,Previsão,1.0,PENDING,,,,,
560544_away_2026-08-22,2026-08-22,560544,Ipswich Town,Sunderland,Premier League,1X2 — Vitória Fora,away,4.22,0.2231,-5.85,0.0,Previsão,1.0,PENDING,,,,,
560544_over_15_2026-08-22,2026-08-22,560544,Ipswich Town,Sunderland,Premier League,Over 1.5,over_15,1.13,0.8176,-7.61,0.0,Previsão,1.0,PENDING,,,,,
560544_over_25_2026-08-22,2026-08-22,560544,Ipswich Town,Sunderland,Premier League,Over 2.5,over_25,1.54,0.5997,-7.65,0.0,Previsão,1.0,PENDING,,,,,
560544_under_25_2026-08-22,2026-08-22,560544,Ipswich Town,Sunderland,Premier League,Under 2.5,under_25,2.32,0.4003,-7.13,0.0,Previsão,1.0,PENDING,,,,,
560544_over_35_2026-08-22,2026-08-22,560544,Ipswich Town,Sunderland,Premier League,Over 3.5,over_35,2.45,0.3762,-7.83,0.0,Previsão,1.0,PENDING,,,,,
560544_under_35_2026-08-22,2026-08-22,560544,Ipswich Town,Sunderland,Premier League,Under 3.5,under_35,1.49,0.6238,-7.05,0.0,Previsão,1.0,PENDING,,,,,
560545_home_2026-08-22,2026-08-22,560545,Nottingham,Leeds United,Premier League,1X2 — Vitória Casa,home,1.65,0.5686,-6.18,0.0,Previsão,1.0,PENDING,,,,,
560545_draw_2026-08-22,2026-08-22,560545,Nottingham,Leeds United,Premier League,1X2 — Empate,draw,4.25,0.219,-6.93,0.0,Previsão,1.0,PENDING,,,,,
560545_away_2026-08-22,2026-08-22,560545,Nottingham,Leeds United,Premier League,1X2 — Vitória Fora,away,4.22,0.2124,-10.37,0.0,Previsão,1.0,PENDING,,,,,
560545_over_15_2026-08-22,2026-08-22,560545,Nottingham,Leeds United,Premier League,Over 1.5,over_15,1.13,0.8091,-8.57,0.0,Previsão,1.0,PENDING,,,,,
560545_over_25_2026-08-22,2026-08-22,560545,Nottingham,Leeds United,Premier League,Over 2.5,over_25,1.54,0.5954,-8.31,0.0,Previsão,1.0,PENDING,,,,,
560545_under_25_2026-08-22,2026-08-22,560545,Nottingham,Leeds United,Premier League,Under 2.5,under_25,2.32,0.4046,-6.13,0.0,Previsão,1.0,PENDING,,,,,
560545_over_35_2026-08-22,2026-08-22,560545,Nottingham,Leeds United,Premier League,Over 3.5,over_35,2.45,0.3752,-8.08,0.0,Previsão,1.0,PENDING,,,,,
560545_under_35_2026-08-22,2026-08-22,560545,Nottingham,Leeds United,Premier League,Under 3.5,under_35,1.49,0.6248,-6.9,0.0,Previsão,1.0,PENDING,,,,,
560546_home_2026-08-22,2026-08-22,560546,Everton,Crystal Palace,Premier League,1X2 — Vitória Casa,home,1.65,0.5581,-7.91,0.0,Previsão,1.0,PENDING,,,,,
560546_draw_2026-08-22,2026-08-22,560546,Everton,Crystal Palace,Premier League,1X2 — Empate,draw,4.25,0.2226,-5.4,0.0,Previsão,1.0,PENDING,,,,,
560546_away_2026-08-22,2026-08-22,560546,Everton,Crystal Palace,Premier League,1X2 — Vitória Fora,away,4.22,0.2193,-7.46,0.0,Previsão,1.0,PENDING,,,,,
560546_over_15_2026-08-22,2026-08-22,560546,Everton,Crystal Palace,Premier League,Over 1.5,over_15,1.13,0.8109,-8.37,0.0,Previsão,1.0,PENDING,,,,,
560546_over_25_2026-08-22,2026-08-22,560546,Everton,Crystal Palace,Premier League,Over 2.5,over_25,1.54,0.6057,-6.72,0.0,Previsão,1.0,PENDING,,,,,
560546_under_25_2026-08-22,2026-08-22,560546,Everton,Crystal Palace,Premier League,Under 2.5,under_25,2.32,0.3943,-8.52,0.0,Previsão,1.0,PENDING,,,,,
560546_over_35_2026-08-22,2026-08-22,560546,Everton,Crystal Palace,Premier League,Over 3.5,over_35,2.45,0.3814,-6.56,0.0,Previsão,1.0,PENDING,,,,,
560546_under_35_2026-08-22,2026-08-22,560546,Everton,Crystal Palace,Premier League,Under 3.5,under_35,1.49,0.6186,-7.83,0.0,Previsão,1.0,PENDING,,,,,
560547_home_2026-08-22,2026-08-22,560547,Brentford,Tottenham,Premier League,1X2 — Vitória Casa,home,1.65,0.5638,-6.97,0.0,Previsão,1.0,PENDING,,,,,
560547_draw_2026-08-22,2026-08-22,560547,Brentford,Tottenham,Premier League,1X2 — Empate,draw,4.25,0.2154,-8.46,0.0,Previsão,1.0,PENDING,,,,,
560547_away_2026-08-22,2026-08-22,560547,Brentford,Tottenham,Premier League,1X2 — Vitória Fora,away,4.22,0.2208,-6.82,0.0,Previsão,1.0,PENDING,,,,,
560547_over_15_2026-08-22,2026-08-22,560547,Brentford,Tottenham,Premier League,Over 1.5,over_15,1.13,0.8271,-6.54,0.0,Previsão,1.0,PENDING,,,,,
560547_over_25_2026-08-22,2026-08-22,560547,Brentford,Tottenham,Premier League,Over 2.5,over_25,1.54,0.6063,-6.63,0.0,Previsão,1.0,PENDING,,,,,
560547_under_25_2026-08-22,2026-08-22,560547,Brentford,Tottenham,Premier League,Under 2.5,under_25,2.32,0.3937,-8.66,0.0,Previsão,1.0,PENDING,,,,,
560547_over_35_2026-08-22,2026-08-22,560547,Brentford,Tottenham,Premier League,Over 3.5,over_35,2.45,0.385,-5.67,0.0,Previsão,1.0,PENDING,,,,,
560547_under_35_2026-08-22,2026-08-22,560547,Brentford,Tottenham,Premier League,Under 3.5,under_35,1.49,0.615,-8.36,0.0,Previsão,1.0,PENDING,,,,,
564641_home_2026-08-22,2026-08-22,564641,Athletic,Sevilla FC,La Liga,1X2 — Vitória Casa,home,1.61,0.5697,-8.28,0.0,Previsão,1.0,PENDING,,,,,
564641_draw_2026-08-22,2026-08-22,564641,Athletic,Sevilla FC,La Liga,1X2 — Empate,draw,4.13,0.2258,-6.74,0.0,Previsão,1.0,PENDING,,,,,
564641_away_2026-08-22,2026-08-22,564641,Athletic,Sevilla FC,La Liga,1X2 — Vitória Fora,away,4.65,0.2045,-4.91,0.0,Previsão,1.0,PENDING,,,,,
564641_over_15_2026-08-22,2026-08-22,564641,Athletic,Sevilla FC,La Liga,Over 1.5,over_15,1.19,0.7848,-6.61,0.0,Previsão,1.0,PENDING,,,,,
564641_over_25_2026-08-22,2026-08-22,564641,Athletic,Sevilla FC,La Liga,Over 2.5,over_25,1.7,0.5496,-6.57,0.0,Previsão,1.0,PENDING,,,,,
564641_under_25_2026-08-22,2026-08-22,564641,Athletic,Sevilla FC,La Liga,Under 2.5,under_25,2.03,0.4504,-8.57,0.0,Previsão,1.0,PENDING,,,,,
564641_over_35_2026-08-22,2026-08-22,564641,Athletic,Sevilla FC,La Liga,Over 3.5,over_35,2.88,0.3208,-7.61,0.0,Previsão,1.0,PENDING,,,,,
564641_under_35_2026-08-22,2026-08-22,564641,Athletic,Sevilla FC,La Liga,Under 3.5,under_35,1.36,0.6792,-7.63,0.0,Previsão,1.0,PENDING,,,,,
564643_home_2026-08-22,2026-08-22,564643,Valencia,Celta,La Liga,1X2 — Vitória Casa,home,1.61,0.5799,-6.64,0.0,Previsão,1.0,PENDING,,,,,
564643_draw_2026-08-22,2026-08-22,564643,Valencia,Celta,La Liga,1X2 — Empate,draw,4.13,0.2213,-8.6,0.0,Previsão,1.0,PENDING,,,,,
564643_away_2026-08-22,2026-08-22,564643,Valencia,Celta,La Liga,1X2 — Vitória Fora,away,4.65,0.1988,-7.56,0.0,Previsão,1.0,PENDING,,,,,
564643_over_15_2026-08-22,2026-08-22,564643,Valencia,Celta,La Liga,Over 1.5,over_15,1.19,0.7781,-7.41,0.0,Previsão,1.0,PENDING,,,,,
564643_over_25_2026-08-22,2026-08-22,564643,Valencia,Celta,La Liga,Over 2.5,over_25,1.7,0.5409,-8.05,0.0,Previsão,1.0,PENDING,,,,,
564643_under_25_2026-08-22,2026-08-22,564643,Valencia,Celta,La Liga,Under 2.5,under_25,2.03,0.4591,-6.8,0.0,Previsão,1.0,PENDING,,,,,
564643_over_35_2026-08-22,2026-08-22,564643,Valencia,Celta,La Liga,Over 3.5,over_35,2.88,0.3153,-9.19,0.0,Previsão,1.0,PENDING,,,,,
564643_under_35_2026-08-22,2026-08-22,564643,Valencia,Celta,La Liga,Under 3.5,under_35,1.36,0.6847,-6.88,0.0,Previsão,1.0,PENDING,,,,,
564645_home_2026-08-22,2026-08-22,564645,Espanyol,Real Madrid,La Liga,1X2 — Vitória Casa,home,1.61,0.5749,-7.44,0.0,Previsão,1.0,PENDING,,,,,
564645_draw_2026-08-22,2026-08-22,564645,Espanyol,Real Madrid,La Liga,1X2 — Empate,draw,4.13,0.225,-7.07,0.0,Previsão,1.0,PENDING,,,,,
564645_away_2026-08-22,2026-08-22,564645,Espanyol,Real Madrid,La Liga,1X2 — Vitória Fora,away,4.65,0.2001,-6.95,0.0,Previsão,1.0,PENDING,,,,,
564645_over_15_2026-08-22,2026-08-22,564645,Espanyol,Real Madrid,La Liga,Over 1.5,over_15,1.19,0.7797,-7.22,0.0,Previsão,1.0,PENDING,,,,,
564645_over_25_2026-08-22,2026-08-22,564645,Espanyol,Real Madrid,La Liga,Over 2.5,over_25,1.7,0.55,-6.5,0.0,Previsão,1.0,PENDING,,,,,
564645_under_25_2026-08-22,2026-08-22,564645,Espanyol,Real Madrid,La Liga,Under 2.5,under_25,2.03,0.45,-8.65,0.0,Previsão,1.0,PENDING,,,,,
564645_over_35_2026-08-22,2026-08-22,564645,Espanyol,Real Madrid,La Liga,Over 3.5,over_35,2.88,0.3241,-6.66,0.0,Previsão,1.0,PENDING,,,,,
564645_under_35_2026-08-22,2026-08-22,564645,Espanyol,Real Madrid,La Liga,Under 3.5,under_35,1.36,0.6759,-8.08,0.0,Previsão,1.0,PENDING,,,,,
558629_home_2026-08-22,2026-08-22,558629,Udinese,Como 1907,Serie A,1X2 — Vitória Casa,home,1.61,0.5673,-8.66,0.0,Previsão,1.0,PENDING,,,,,
558629_draw_2026-08-22,2026-08-22,558629,Udinese,Como 1907,Serie A,1X2 — Empate,draw,4.06,0.2358,-4.27,0.0,Previsão,1.0,PENDING,,,,,
558629_away_2026-08-22,2026-08-22,558629,Udinese,Como 1907,Serie A,1X2 — Vitória Fora,away,4.73,0.1969,-6.87,0.0,Previsão,1.0,PENDING,,,,,
558629_over_15_2026-08-22,2026-08-22,558629,Udinese,Como 1907,Serie A,Over 1.5,over_15,1.21,0.7595,-8.1,0.0,Previsão,1.0,PENDING,,,,,
558629_over_25_2026-08-22,2026-08-22,558629,Udinese,Como 1907,Serie A,Over 2.5,over_25,1.76,0.5172,-8.97,0.0,Previsão,1.0,PENDING,,,,,
558629_under_25_2026-08-22,2026-08-22,558629,Udinese,Como 1907,Serie A,Under 2.5,under_25,1.95,0.4828,-5.85,0.0,Previsão,1.0,PENDING,,,,,
558629_over_35_2026-08-22,2026-08-22,558629,Udinese,Como 1907,Serie A,Over 3.5,over_35,3.05,0.3021,-7.86,0.0,Previsão,1.0,PENDING,,,,,
558629_under_35_2026-08-22,2026-08-22,558629,Udinese,Como 1907,Serie A,Under 3.5,under_35,1.33,0.6979,-7.18,0.0,Previsão,1.0,PENDING,,,,,
558632_home_2026-08-22,2026-08-22,558632,Inter,Monza,Serie A,1X2 — Vitória Casa,home,1.61,0.5671,-8.7,0.0,Previsão,1.0,PENDING,,,,,
558632_draw_2026-08-22,2026-08-22,558632,Inter,Monza,Serie A,1X2 — Empate,draw,4.06,0.233,-5.4,0.0,Previsão,1.0,PENDING,,,,,
558632_away_2026-08-22,2026-08-22,558632,Inter,Monza,Serie A,1X2 — Vitória Fora,away,4.73,0.1999,-5.45,0.0,Previsão,1.0,PENDING,,,,,
558632_over_15_2026-08-22,2026-08-22,558632,Inter,Monza,Serie A,Over 1.5,over_15,1.21,0.7627,-7.71,0.0,Previsão,1.0,PENDING,,,,,
558632_over_25_2026-08-22,2026-08-22,558632,Inter,Monza,Serie A,Over 2.5,over_25,1.76,0.5237,-7.83,0.0,Previsão,1.0,PENDING,,,,,
558632_under_25_2026-08-22,2026-08-22,558632,Inter,Monza,Serie A,Under 2.5,under_25,1.95,0.4763,-7.12,0.0,Previsão,1.0,PENDING,,,,,
558632_over_35_2026-08-22,2026-08-22,558632,Inter,Monza,Serie A,Over 3.5,over_35,3.05,0.3016,-8.01,0.0,Previsão,1.0,PENDING,,,,,
558632_under_35_2026-08-22,2026-08-22,558632,Inter,Monza,Serie A,Under 3.5,under_35,1.33,0.6984,-7.11,0.0,Previsão,1.0,PENDING,,,,,
558631_home_2026-08-22,2026-08-22,558631,Genoa,Napoli,Serie A,1X2 — Vitória Casa,home,1.61,0.5738,-7.62,0.0,Previsão,1.0,PENDING,,,,,
558631_draw_2026-08-22,2026-08-22,558631,Genoa,Napoli,Serie A,1X2 — Empate,draw,4.06,0.2317,-5.93,0.0,Previsão,1.0,PENDING,,,,,
558631_away_2026-08-22,2026-08-22,558631,Genoa,Napoli,Serie A,1X2 — Vitória Fora,away,4.73,0.1945,-8.0,0.0,Previsão,1.0,PENDING,,,,,
558631_over_15_2026-08-22,2026-08-22,558631,Genoa,Napoli,Serie A,Over 1.5,over_15,1.21,0.7667,-7.23,0.0,Previsão,1.0,PENDING,,,,,
558631_over_25_2026-08-22,2026-08-22,558631,Genoa,Napoli,Serie A,Over 2.5,over_25,1.76,0.5231,-7.93,0.0,Previsão,1.0,PENDING,,,,,
558631_under_25_2026-08-22,2026-08-22,558631,Genoa,Napoli,Serie A,Under 2.5,under_25,1.95,0.4769,-7.0,0.0,Previsão,1.0,PENDING,,,,,
558631_over_35_2026-08-22,2026-08-22,558631,Genoa,Napoli,Serie A,Over 3.5,over_35,3.05,0.3035,-7.43,0.0,Previsão,1.0,PENDING,,,,,
558631_under_35_2026-08-22,2026-08-22,558631,Genoa,Napoli,Serie A,Under 3.5,under_35,1.33,0.6965,-7.37,0.0,Previsão,1.0,PENDING,,,,,
558636_home_2026-08-22,2026-08-22,558636,Parma,Cagliari,Serie A,1X2 — Vitória Casa,home,1.61,0.5678,-8.58,0.0,Previsão,1.0,PENDING,,,,,
558636_draw_2026-08-22,2026-08-22,558636,Parma,Cagliari,Serie A,1X2 — Empate,draw,4.06,0.2307,-6.34,0.0,Previsão,1.0,PENDING,,,,,
558636_away_2026-08-22,2026-08-22,558636,Parma,Cagliari,Serie A,1X2 — Vitória Fora,away,4.73,0.2015,-4.69,0.0,Previsão,1.0,PENDING,,,,,
558636_over_15_2026-08-22,2026-08-22,558636,Parma,Cagliari,Serie A,Over 1.5,over_15,1.21,0.775,-6.23,0.0,Previsão,1.0,PENDING,,,,,
558636_over_25_2026-08-22,2026-08-22,558636,Parma,Cagliari,Serie A,Over 2.5,over_25,1.76,0.533,-6.19,0.0,Previsão,1.0,PENDING,,,,,
558636_under_25_2026-08-22,2026-08-22,558636,Parma,Cagliari,Serie A,Under 2.5,under_25,1.95,0.467,-8.94,0.0,Previsão,1.0,PENDING,,,,,
558636_over_35_2026-08-22,2026-08-22,558636,Parma,Cagliari,Serie A,Over 3.5,over_35,3.05,0.3106,-5.27,0.0,Previsão,1.0,PENDING,,,,,
558636_under_35_2026-08-22,2026-08-22,558636,Parma,Cagliari,Serie A,Under 3.5,under_35,1.33,0.6894,-8.31,0.0,Previsão,1.0,PENDING,,,,,
559712_home_2026-08-22,2026-08-22,559712,RC Lens,Auxerre,Ligue 1,1X2 — Vitória Casa,home,1.54,0.6023,-7.25,0.0,Previsão,1.0,PENDING,,,,,
559712_draw_2026-08-22,2026-08-22,559712,RC Lens,Auxerre,Ligue 1,1X2 — Empate,draw,4.13,0.2142,-11.54,0.0,Previsão,1.0,PENDING,,,,,
559712_away_2026-08-22,2026-08-22,559712,RC Lens,Auxerre,Ligue 1,1X2 — Vitória Fora,away,5.27,0.1835,-3.3,0.0,Previsão,1.0,PENDING,,,,,
559712_over_15_2026-08-22,2026-08-22,559712,RC Lens,Auxerre,Ligue 1,Over 1.5,over_15,1.23,0.7508,-7.65,0.0,Previsão,1.0,PENDING,,,,,
559712_over_25_2026-08-22,2026-08-22,559712,RC Lens,Auxerre,Ligue 1,Over 2.5,over_25,1.81,0.5143,-6.91,0.0,Previsão,1.0,PENDING,,,,,
559712_under_25_2026-08-22,2026-08-22,559712,RC Lens,Auxerre,Ligue 1,Under 2.5,under_25,1.89,0.4857,-8.2,0.0,Previsão,1.0,PENDING,,,,,
559712_over_35_2026-08-22,2026-08-22,559712,RC Lens,Auxerre,Ligue 1,Over 3.5,over_35,3.19,0.2877,-8.22,0.0,Previsão,1.0,PENDING,,,,,
559712_under_35_2026-08-22,2026-08-22,559712,RC Lens,Auxerre,Ligue 1,Under 3.5,under_35,1.3,0.7123,-7.4,0.0,Previsão,1.0,PENDING,,,,,
559711_home_2026-08-22,2026-08-22,559711,Le Mans,Brest,Ligue 1,1X2 — Vitória Casa,home,1.54,0.6002,-7.57,0.0,Previsão,1.0,PENDING,,,,,
559711_draw_2026-08-22,2026-08-22,559711,Le Mans,Brest,Ligue 1,1X2 — Empate,draw,4.13,0.2292,-5.34,0.0,Previsão,1.0,PENDING,,,,,
559711_away_2026-08-22,2026-08-22,559711,Le Mans,Brest,Ligue 1,1X2 — Vitória Fora,away,5.27,0.1706,-10.09,0.0,Previsão,1.0,PENDING,,,,,
559711_over_15_2026-08-22,2026-08-22,559711,Le Mans,Brest,Ligue 1,Over 1.5,over_15,1.23,0.759,-6.64,0.0,Previsão,1.0,PENDING,,,,,
559711_over_25_2026-08-22,2026-08-22,559711,Le Mans,Brest,Ligue 1,Over 2.5,over_25,1.81,0.5096,-7.76,0.0,Previsão,1.0,PENDING,,,,,
559711_under_25_2026-08-22,2026-08-22,559711,Le Mans,Brest,Ligue 1,Under 2.5,under_25,1.89,0.4904,-7.31,0.0,Previsão,1.0,PENDING,,,,,
559711_over_35_2026-08-22,2026-08-22,559711,Le Mans,Brest,Ligue 1,Over 3.5,over_35,3.19,0.2944,-6.09,0.0,Previsão,1.0,PENDING,,,,,
559711_under_35_2026-08-22,2026-08-22,559711,Le Mans,Brest,Ligue 1,Under 3.5,under_35,1.3,0.7056,-8.27,0.0,Previsão,1.0,PENDING,,,,,
559714_home_2026-08-22,2026-08-22,559714,Troyes,Paris FC,Ligue 1,1X2 — Vitória Casa,home,1.54,0.5879,-9.46,0.0,Previsão,1.0,PENDING,,,,,
559714_draw_2026-08-22,2026-08-22,559714,Troyes,Paris FC,Ligue 1,1X2 — Empate,draw,4.13,0.2311,-4.56,0.0,Previsão,1.0,PENDING,,,,,
559714_away_2026-08-22,2026-08-22,559714,Troyes,Paris FC,Ligue 1,1X2 — Vitória Fora,away,5.27,0.181,-4.61,0.0,Previsão,1.0,PENDING,,,,,
559714_over_15_2026-08-22,2026-08-22,559714,Troyes,Paris FC,Ligue 1,Over 1.5,over_15,1.23,0.7534,-7.33,0.0,Previsão,1.0,PENDING,,,,,
559714_over_25_2026-08-22,2026-08-22,559714,Troyes,Paris FC,Ligue 1,Over 2.5,over_25,1.81,0.5072,-8.2,0.0,Previsão,1.0,PENDING,,,,,
559714_under_25_2026-08-22,2026-08-22,559714,Troyes,Paris FC,Ligue 1,Under 2.5,under_25,1.89,0.4928,-6.86,0.0,Previsão,1.0,PENDING,,,,,
559714_over_35_2026-08-22,2026-08-22,559714,Troyes,Paris FC,Ligue 1,Over 3.5,over_35,3.19,0.2857,-8.86,0.0,Previsão,1.0,PENDING,,,,,
559714_under_35_2026-08-22,2026-08-22,559714,Troyes,Paris FC,Ligue 1,Under 3.5,under_35,1.3,0.7143,-7.14,0.0,Previsão,1.0,PENDING,,,,,
559716_home_2026-08-22,2026-08-22,559716,Nice,Lorient,Ligue 1,1X2 — Vitória Casa,home,1.54,0.6033,-7.09,0.0,Previsão,1.0,PENDING,,,,,
559716_draw_2026-08-22,2026-08-22,559716,Nice,Lorient,Ligue 1,1X2 — Empate,draw,4.13,0.2179,-10.01,0.0,Previsão,1.0,PENDING,,,,,
559716_away_2026-08-22,2026-08-22,559716,Nice,Lorient,Ligue 1,1X2 — Vitória Fora,away,5.27,0.1788,-5.77,0.0,Previsão,1.0,PENDING,,,,,
559716_over_15_2026-08-22,2026-08-22,559716,Nice,Lorient,Ligue 1,Over 1.5,over_15,1.23,0.7598,-6.54,0.0,Previsão,1.0,PENDING,,,,,
559716_over_25_2026-08-22,2026-08-22,559716,Nice,Lorient,Ligue 1,Over 2.5,over_25,1.81,0.5188,-6.1,0.0,Previsão,1.0,PENDING,,,,,
559716_under_25_2026-08-22,2026-08-22,559716,Nice,Lorient,Ligue 1,Under 2.5,under_25,1.89,0.4812,-9.05,0.0,Previsão,1.0,PENDING,,,,,
559716_over_35_2026-08-22,2026-08-22,559716,Nice,Lorient,Ligue 1,Over 3.5,over_35,3.19,0.2958,-5.64,0.0,Previsão,1.0,PENDING,,,,,
559716_under_35_2026-08-22,2026-08-22,559716,Nice,Lorient,Ligue 1,Under 3.5,under_35,1.3,0.7042,-8.45,0.0,Previsão,1.0,PENDING,,,,,
559718_home_2026-08-22,2026-08-22,559718,Toulouse,Olympique Lyon,Ligue 1,1X2 — Vitória Casa,home,1.54,0.5953,-8.32,0.0,Previsão,1.0,PENDING,,,,,
559718_draw_2026-08-22,2026-08-22,559718,Toulouse,Olympique Lyon,Ligue 1,1X2 — Empate,draw,4.13,0.2267,-6.37,0.0,Previsão,1.0,PENDING,,,,,
559718_away_2026-08-22,2026-08-22,559718,Toulouse,Olympique Lyon,Ligue 1,1X2 — Vitória Fora,away,5.27,0.178,-6.19,0.0,Previsão,1.0,PENDING,,,,,
559718_over_15_2026-08-22,2026-08-22,559718,Toulouse,Olympique Lyon,Ligue 1,Over 1.5,over_15,1.23,0.7616,-6.32,0.0,Previsão,1.0,PENDING,,,,,
559718_over_25_2026-08-22,2026-08-22,559718,Toulouse,Olympique Lyon,Ligue 1,Over 2.5,over_25,1.81,0.5096,-7.76,0.0,Previsão,1.0,PENDING,,,,,
559718_under_25_2026-08-22,2026-08-22,559718,Toulouse,Olympique Lyon,Ligue 1,Under 2.5,under_25,1.89,0.4904,-7.31,0.0,Previsão,1.0,PENDING,,,,,
559718_over_35_2026-08-22,2026-08-22,559718,Toulouse,Olympique Lyon,Ligue 1,Over 3.5,over_35,3.19,0.2888,-7.87,0.0,Previsão,1.0,PENDING,,,,,
559718_under_35_2026-08-22,2026-08-22,559718,Toulouse,Olympique Lyon,Ligue 1,Under 3.5,under_35,1.3,0.7112,-7.54,0.0,Previsão,1.0,PENDING,,,,,
567283_home_2026-08-22,2026-08-22,567283,Marítimo,Acad. Viseu,Primeira Liga,1X2 — Vitória Casa,home,1.56,0.5915,-7.73,0.0,Previsão,1.0,PENDING,,,,,
567283_draw_2026-08-22,2026-08-22,567283,Marítimo,Acad. Viseu,Primeira Liga,1X2 — Empate,draw,4.16,0.2197,-8.6,0.0,Previsão,1.0,PENDING,,,,,
567283_away_2026-08-22,2026-08-22,567283,Marítimo,Acad. Viseu,Primeira Liga,1X2 — Vitória Fora,away,4.98,0.1888,-5.98,0.0,Previsão,1.0,PENDING,,,,,
567283_over_15_2026-08-22,2026-08-22,567283,Marítimo,Acad. Viseu,Primeira Liga,Over 1.5,over_15,1.2,0.7743,-7.08,0.0,Previsão,1.0,PENDING,,,,,
567283_over_25_2026-08-22,2026-08-22,567283,Marítimo,Acad. Viseu,Primeira Liga,Over 2.5,over_25,1.73,0.5362,-7.24,0.0,Previsão,1.0,PENDING,,,,,
567283_under_25_2026-08-22,2026-08-22,567283,Marítimo,Acad. Viseu,Primeira Liga,Under 2.5,under_25,1.99,0.4638,-7.7,0.0,Previsão,1.0,PENDING,,,,,
567283_over_35_2026-08-22,2026-08-22,567283,Marítimo,Acad. Viseu,Primeira Liga,Over 3.5,over_35,2.97,0.3177,-5.64,0.0,Previsão,1.0,PENDING,,,,,
567283_under_35_2026-08-22,2026-08-22,567283,Marítimo,Acad. Viseu,Primeira Liga,Under 3.5,under_35,1.35,0.6823,-7.89,0.0,Previsão,1.0,PENDING,,,,,
567279_home_2026-08-22,2026-08-22,567279,Estoril Praia,Rio Ave,Primeira Liga,1X2 — Vitória Casa,home,1.56,0.5932,-7.46,0.0,Previsão,1.0,PENDING,,,,,
567279_draw_2026-08-22,2026-08-22,567279,Estoril Praia,Rio Ave,Primeira Liga,1X2 — Empate,draw,4.16,0.2257,-6.11,0.0,Previsão,1.0,PENDING,,,,,
567279_away_2026-08-22,2026-08-22,567279,Estoril Praia,Rio Ave,Primeira Liga,1X2 — Vitória Fora,away,4.98,0.1811,-9.81,0.0,Previsão,1.0,PENDING,,,,,
567279_over_15_2026-08-22,2026-08-22,567279,Estoril Praia,Rio Ave,Primeira Liga,Over 1.5,over_15,1.2,0.7663,-8.04,0.0,Previsão,1.0,PENDING,,,,,
567279_over_25_2026-08-22,2026-08-22,567279,Estoril Praia,Rio Ave,Primeira Liga,Over 2.5,over_25,1.73,0.534,-7.62,0.0,Previsão,1.0,PENDING,,,,,
567279_under_25_2026-08-22,2026-08-22,567279,Estoril Praia,Rio Ave,Primeira Liga,Under 2.5,under_25,1.99,0.466,-7.27,0.0,Previsão,1.0,PENDING,,,,,
567279_over_35_2026-08-22,2026-08-22,567279,Estoril Praia,Rio Ave,Primeira Liga,Over 3.5,over_35,2.97,0.3127,-7.13,0.0,Previsão,1.0,PENDING,,,,,
567279_under_35_2026-08-22,2026-08-22,567279,Estoril Praia,Rio Ave,Primeira Liga,Under 3.5,under_35,1.35,0.6873,-7.21,0.0,Previsão,1.0,PENDING,,,,,
567275_home_2026-08-22,2026-08-22,567275,Sporting CP,Alverca,Primeira Liga,1X2 — Vitória Casa,home,1.56,0.5941,-7.32,0.0,Previsão,1.0,PENDING,,,,,
567275_draw_2026-08-22,2026-08-22,567275,Sporting CP,Alverca,Primeira Liga,1X2 — Empate,draw,4.16,0.2199,-8.52,0.0,Previsão,1.0,PENDING,,,,,
567275_away_2026-08-22,2026-08-22,567275,Sporting CP,Alverca,Primeira Liga,1X2 — Vitória Fora,away,4.98,0.186,-7.37,0.0,Previsão,1.0,PENDING,,,,,
567275_over_15_2026-08-22,2026-08-22,567275,Sporting CP,Alverca,Primeira Liga,Over 1.5,over_15,1.2,0.7781,-6.63,0.0,Previsão,1.0,PENDING,,,,,
567275_over_25_2026-08-22,2026-08-22,567275,Sporting CP,Alverca,Primeira Liga,Over 2.5,over_25,1.73,0.5395,-6.67,0.0,Previsão,1.0,PENDING,,,,,
567275_under_25_2026-08-22,2026-08-22,567275,Sporting CP,Alverca,Primeira Liga,Under 2.5,under_25,1.99,0.4605,-8.36,0.0,Previsão,1.0,PENDING,,,,,
567275_over_35_2026-08-22,2026-08-22,567275,Sporting CP,Alverca,Primeira Liga,Over 3.5,over_35,2.97,0.3179,-5.58,0.0,Previsão,1.0,PENDING,,,,,
567275_under_35_2026-08-22,2026-08-22,567275,Sporting CP,Alverca,Primeira Liga,Under 3.5,under_35,1.35,0.6821,-7.92,0.0,Previsão,1.0,PENDING,,,,,
558232_home_2026-08-22,2026-08-22,558232,Sittard,AZ,Eredivisie,1X2 — Vitória Casa,home,1.48,0.624,-7.65,0.0,Previsão,1.0,PENDING,,,,,
558232_draw_2026-08-22,2026-08-22,558232,Sittard,AZ,Eredivisie,1X2 — Empate,draw,4.73,0.1919,-9.23,0.0,Previsão,1.0,PENDING,,,,,
558232_away_2026-08-22,2026-08-22,558232,Sittard,AZ,Eredivisie,1X2 — Vitória Fora,away,5.18,0.1841,-4.64,0.0,Previsão,1.0,PENDING,,,,,
558232_over_15_2026-08-22,2026-08-22,558232,Sittard,AZ,Eredivisie,Over 1.5,over_15,1.1,0.8392,-7.69,0.0,Previsão,1.0,PENDING,,,,,
558232_over_25_2026-08-22,2026-08-22,558232,Sittard,AZ,Eredivisie,Over 2.5,over_25,1.44,0.641,-7.7,0.0,Previsão,1.0,PENDING,,,,,
558232_under_25_2026-08-22,2026-08-22,558232,Sittard,AZ,Eredivisie,Under 2.5,under_25,2.61,0.359,-6.3,0.0,Previsão,1.0,PENDING,,,,,
558232_over_35_2026-08-22,2026-08-22,558232,Sittard,AZ,Eredivisie,Over 3.5,over_35,2.18,0.4189,-8.68,0.0,Previsão,1.0,PENDING,,,,,
558232_under_35_2026-08-22,2026-08-22,558232,Sittard,AZ,Eredivisie,Under 3.5,under_35,1.61,0.5811,-6.44,0.0,Previsão,1.0,PENDING,,,,,
558234_home_2026-08-22,2026-08-22,558234,Sparta,Utrecht,Eredivisie,1X2 — Vitória Casa,home,1.48,0.6292,-6.88,0.0,Previsão,1.0,PENDING,,,,,
558234_draw_2026-08-22,2026-08-22,558234,Sparta,Utrecht,Eredivisie,1X2 — Empate,draw,4.73,0.1961,-7.24,0.0,Previsão,1.0,PENDING,,,,,
558234_away_2026-08-22,2026-08-22,558234,Sparta,Utrecht,Eredivisie,1X2 — Vitória Fora,away,5.18,0.1747,-9.51,0.0,Previsão,1.0,PENDING,,,,,
558234_over_15_2026-08-22,2026-08-22,558234,Sparta,Utrecht,Eredivisie,Over 1.5,over_15,1.1,0.8427,-7.3,0.0,Previsão,1.0,PENDING,,,,,
558234_over_25_2026-08-22,2026-08-22,558234,Sparta,Utrecht,Eredivisie,Over 2.5,over_25,1.44,0.6405,-7.77,0.0,Previsão,1.0,PENDING,,,,,
558234_under_25_2026-08-22,2026-08-22,558234,Sparta,Utrecht,Eredivisie,Under 2.5,under_25,2.61,0.3595,-6.17,0.0,Previsão,1.0,PENDING,,,,,
558234_over_35_2026-08-22,2026-08-22,558234,Sparta,Utrecht,Eredivisie,Over 3.5,over_35,2.18,0.426,-7.13,0.0,Previsão,1.0,PENDING,,,,,
558234_under_35_2026-08-22,2026-08-22,558234,Sparta,Utrecht,Eredivisie,Under 3.5,under_35,1.61,0.574,-7.59,0.0,Previsão,1.0,PENDING,,,,,
558235_home_2026-08-22,2026-08-22,558235,Heerenveen,Zwolle,Eredivisie,1X2 — Vitória Casa,home,1.48,0.6242,-7.62,0.0,Previsão,1.0,PENDING,,,,,
558235_draw_2026-08-22,2026-08-22,558235,Heerenveen,Zwolle,Eredivisie,1X2 — Empate,draw,4.73,0.1946,-7.95,0.0,Previsão,1.0,PENDING,,,,,
558235_away_2026-08-22,2026-08-22,558235,Heerenveen,Zwolle,Eredivisie,1X2 — Vitória Fora,away,5.18,0.1812,-6.14,0.0,Previsão,1.0,PENDING,,,,,
558235_over_15_2026-08-22,2026-08-22,558235,Heerenveen,Zwolle,Eredivisie,Over 1.5,over_15,1.1,0.8397,-7.63,0.0,Previsão,1.0,PENDING,,,,,
558235_over_25_2026-08-22,2026-08-22,558235,Heerenveen,Zwolle,Eredivisie,Over 2.5,over_25,1.44,0.6386,-8.04,0.0,Previsão,1.0,PENDING,,,,,
558235_under_25_2026-08-22,2026-08-22,558235,Heerenveen,Zwolle,Eredivisie,Under 2.5,under_25,2.61,0.3614,-5.67,0.0,Previsão,1.0,PENDING,,,,,
558235_over_35_2026-08-22,2026-08-22,558235,Heerenveen,Zwolle,Eredivisie,Over 3.5,over_35,2.18,0.4174,-9.01,0.0,Previsão,1.0,PENDING,,,,,
558235_under_35_2026-08-22,2026-08-22,558235,Heerenveen,Zwolle,Eredivisie,Under 3.5,under_35,1.61,0.5826,-6.2,0.0,Previsão,1.0,PENDING,,,,,
554975_home_2026-08-22,2026-08-22,554975,Fluminense,Clube do Remo,Brasileirão Série A,1X2 — Vitória Casa,home,1.56,0.6027,-5.98,0.0,Previsão,1.0,PENDING,,,,,
554975_draw_2026-08-22,2026-08-22,554975,Fluminense,Clube do Remo,Brasileirão Série A,1X2 — Empate,draw,3.98,0.2218,-11.72,0.0,Previsão,1.0,PENDING,,,,,
554975_away_2026-08-22,2026-08-22,554975,Fluminense,Clube do Remo,Brasileirão Série A,1X2 — Vitória Fora,away,5.3,0.1755,-6.99,0.0,Previsão,1.0,PENDING,,,,,
554975_over_15_2026-08-22,2026-08-22,554975,Fluminense,Clube do Remo,Brasileirão Série A,Over 1.5,over_15,1.27,0.7298,-7.32,0.0,Previsão,1.0,PENDING,,,,,
554975_over_25_2026-08-22,2026-08-22,554975,Fluminense,Clube do Remo,Brasileirão Série A,Over 2.5,over_25,1.94,0.4796,-6.96,0.0,Previsão,1.0,PENDING,,,,,
554975_under_25_2026-08-22,2026-08-22,554975,Fluminense,Clube do Remo,Brasileirão Série A,Under 2.5,under_25,1.77,0.5204,-7.89,0.0,Previsão,1.0,PENDING,,,,,
554975_over_35_2026-08-22,2026-08-22,554975,Fluminense,Clube do Remo,Brasileirão Série A,Over 3.5,over_35,3.57,0.2609,-6.86,0.0,Previsão,1.0,PENDING,,,,,
554975_under_35_2026-08-22,2026-08-22,554975,Fluminense,Clube do Remo,Brasileirão Série A,Under 3.5,under_35,1.25,0.7391,-7.61,0.0,Previsão,1.0,PENDING,,,,,
554976_home_2026-08-22,2026-08-22,554976,Internacional,Mineiro,Brasileirão Série A,1X2 — Vitória Casa,home,1.56,0.6036,-5.84,0.0,Previsão,1.0,PENDING,,,,,
554976_draw_2026-08-22,2026-08-22,554976,Internacional,Mineiro,Brasileirão Série A,1X2 — Empate,draw,3.98,0.2269,-9.69,0.0,Previsão,1.0,PENDING,,,,,
554976_away_2026-08-22,2026-08-22,554976,Internacional,Mineiro,Brasileirão Série A,1X2 — Vitória Fora,away,5.3,0.1695,-10.17,0.0,Previsão,1.0,PENDING,,,,,
554976_over_15_2026-08-22,2026-08-22,554976,Internacional,Mineiro,Brasileirão Série A,Over 1.5,over_15,1.27,0.7296,-7.34,0.0,Previsão,1.0,PENDING,,,,,
554976_over_25_2026-08-22,2026-08-22,554976,Internacional,Mineiro,Brasileirão Série A,Over 2.5,over_25,1.94,0.4804,-6.8,0.0,Previsão,1.0,PENDING,,,,,
554976_under_25_2026-08-22,2026-08-22,554976,Internacional,Mineiro,Brasileirão Série A,Under 2.5,under_25,1.77,0.5196,-8.03,0.0,Previsão,1.0,PENDING,,,,,
554976_over_35_2026-08-22,2026-08-22,554976,Internacional,Mineiro,Brasileirão Série A,Over 3.5,over_35,3.57,0.258,-7.89,0.0,Previsão,1.0,PENDING,,,,,
554976_under_35_2026-08-22,2026-08-22,554976,Internacional,Mineiro,Brasileirão Série A,Under 3.5,under_35,1.25,0.742,-7.25,0.0,Previsão,1.0,PENDING,,,,,
554974_home_2026-08-22,2026-08-22,554974,Cruzeiro,Flamengo,Brasileirão Série A,1X2 — Vitória Casa,home,1.56,0.5945,-7.26,0.0,Previsão,1.0,PENDING,,,,,
554974_draw_2026-08-22,2026-08-22,554974,Cruzeiro,Flamengo,Brasileirão Série A,1X2 — Empate,draw,3.98,0.2304,-8.3,0.0,Previsão,1.0,PENDING,,,,,
554974_away_2026-08-22,2026-08-22,554974,Cruzeiro,Flamengo,Brasileirão Série A,1X2 — Vitória Fora,away,5.3,0.1751,-7.2,0.0,Previsão,1.0,PENDING,,,,,
554974_over_15_2026-08-22,2026-08-22,554974,Cruzeiro,Flamengo,Brasileirão Série A,Over 1.5,over_15,1.27,0.7287,-7.46,0.0,Previsão,1.0,PENDING,,,,,
554974_over_25_2026-08-22,2026-08-22,554974,Cruzeiro,Flamengo,Brasileirão Série A,Over 2.5,over_25,1.94,0.471,-8.63,0.0,Previsão,1.0,PENDING,,,,,
554974_under_25_2026-08-22,2026-08-22,554974,Cruzeiro,Flamengo,Brasileirão Série A,Under 2.5,under_25,1.77,0.529,-6.37,0.0,Previsão,1.0,PENDING,,,,,
554974_over_35_2026-08-22,2026-08-22,554974,Cruzeiro,Flamengo,Brasileirão Série A,Over 3.5,over_35,3.57,0.2572,-8.18,0.0,Previsão,1.0,PENDING,,,,,
554974_under_35_2026-08-22,2026-08-22,554974,Cruzeiro,Flamengo,Brasileirão Série A,Under 3.5,under_35,1.25,0.7428,-7.15,0.0,Previsão,1.0,PENDING,,,,,
561774_home_2026-08-22,2026-08-22,561774,Swansea,Sheffield Utd,Championship,1X2 — Vitória Casa,home,1.67,0.5531,-7.63,0.0,Previsão,1.0,PENDING,,,,,
561774_draw_2026-08-22,2026-08-22,561774,Swansea,Sheffield Utd,Championship,1X2 — Empate,draw,4.08,0.2289,-6.61,0.0,Previsão,1.0,PENDING,,,,,
561774_away_2026-08-22,2026-08-22,561774,Swansea,Sheffield Utd,Championship,1X2 — Vitória Fora,away,4.23,0.218,-7.79,0.0,Previsão,1.0,PENDING,,,,,
561774_over_15_2026-08-22,2026-08-22,561774,Swansea,Sheffield Utd,Championship,Over 1.5,over_15,1.17,0.7988,-6.54,0.0,Previsão,1.0,PENDING,,,,,
561774_over_25_2026-08-22,2026-08-22,561774,Swansea,Sheffield Utd,Championship,Over 2.5,over_25,1.65,0.5694,-6.05,0.0,Previsão,1.0,PENDING,,,,,
561774_under_25_2026-08-22,2026-08-22,561774,Swansea,Sheffield Utd,Championship,Under 2.5,under_25,2.11,0.4306,-9.14,0.0,Previsão,1.0,PENDING,,,,,
561774_over_35_2026-08-22,2026-08-22,561774,Swansea,Sheffield Utd,Championship,Over 3.5,over_35,2.75,0.344,-5.4,0.0,Previsão,1.0,PENDING,,,,,
561774_under_35_2026-08-22,2026-08-22,561774,Swansea,Sheffield Utd,Championship,Under 3.5,under_35,1.4,0.656,-8.16,0.0,Previsão,1.0,PENDING,,,,,
561775_home_2026-08-22,2026-08-22,561775,West Ham,Charlton,Championship,1X2 — Vitória Casa,home,1.67,0.5521,-7.8,0.0,Previsão,1.0,PENDING,,,,,
561775_draw_2026-08-22,2026-08-22,561775,West Ham,Charlton,Championship,1X2 — Empate,draw,4.08,0.2307,-5.87,0.0,Previsão,1.0,PENDING,,,,,
561775_away_2026-08-22,2026-08-22,561775,West Ham,Charlton,Championship,1X2 — Vitória Fora,away,4.23,0.2172,-8.12,0.0,Previsão,1.0,PENDING,,,,,
561775_over_15_2026-08-22,2026-08-22,561775,West Ham,Charlton,Championship,Over 1.5,over_15,1.17,0.7899,-7.58,0.0,Previsão,1.0,PENDING,,,,,
561775_over_25_2026-08-22,2026-08-22,561775,West Ham,Charlton,Championship,Over 2.5,over_25,1.65,0.5607,-7.48,0.0,Previsão,1.0,PENDING,,,,,
561775_under_25_2026-08-22,2026-08-22,561775,West Ham,Charlton,Championship,Under 2.5,under_25,2.11,0.4393,-7.31,0.0,Previsão,1.0,PENDING,,,,,
561775_over_35_2026-08-22,2026-08-22,561775,West Ham,Charlton,Championship,Over 3.5,over_35,2.75,0.337,-7.32,0.0,Previsão,1.0,PENDING,,,,,
561775_under_35_2026-08-22,2026-08-22,561775,West Ham,Charlton,Championship,Under 3.5,under_35,1.4,0.663,-7.18,0.0,Previsão,1.0,PENDING,,,,,
561777_home_2026-08-22,2026-08-22,561777,Derby County,Cardiff,Championship,1X2 — Vitória Casa,home,1.67,0.5467,-8.7,0.0,Previsão,1.0,PENDING,,,,,
561777_draw_2026-08-22,2026-08-22,561777,Derby County,Cardiff,Championship,1X2 — Empate,draw,4.08,0.2314,-5.59,0.0,Previsão,1.0,PENDING,,,,,
561777_away_2026-08-22,2026-08-22,561777,Derby County,Cardiff,Championship,1X2 — Vitória Fora,away,4.23,0.2219,-6.14,0.0,Previsão,1.0,PENDING,,,,,
561777_over_15_2026-08-22,2026-08-22,561777,Derby County,Cardiff,Championship,Over 1.5,over_15,1.17,0.7937,-7.14,0.0,Previsão,1.0,PENDING,,,,,
561777_over_25_2026-08-22,2026-08-22,561777,Derby County,Cardiff,Championship,Over 2.5,over_25,1.65,0.5531,-8.74,0.0,Previsão,1.0,PENDING,,,,,
561777_under_25_2026-08-22,2026-08-22,561777,Derby County,Cardiff,Championship,Under 2.5,under_25,2.11,0.4469,-5.7,0.0,Previsão,1.0,PENDING,,,,,
561777_over_35_2026-08-22,2026-08-22,561777,Derby County,Cardiff,Championship,Over 3.5,over_35,2.75,0.3312,-8.92,0.0,Previsão,1.0,PENDING,,,,,
561777_under_35_2026-08-22,2026-08-22,561777,Derby County,Cardiff,Championship,Under 3.5,under_35,1.4,0.6688,-6.37,0.0,Previsão,1.0,PENDING,,,,,
561778_home_2026-08-22,2026-08-22,561778,Preston NE,Wolverhampton,Championship,1X2 — Vitória Casa,home,1.67,0.5528,-7.68,0.0,Previsão,1.0,PENDING,,,,,
561778_draw_2026-08-22,2026-08-22,561778,Preston NE,Wolverhampton,Championship,1X2 — Empate,draw,4.08,0.2251,-8.16,0.0,Previsão,1.0,PENDING,,,,,
561778_away_2026-08-22,2026-08-22,561778,Preston NE,Wolverhampton,Championship,1X2 — Vitória Fora,away,4.23,0.2221,-6.05,0.0,Previsão,1.0,PENDING,,,,,
561778_over_15_2026-08-22,2026-08-22,561778,Preston NE,Wolverhampton,Championship,Over 1.5,over_15,1.17,0.7821,-8.49,0.0,Previsão,1.0,PENDING,,,,,
561778_over_25_2026-08-22,2026-08-22,561778,Preston NE,Wolverhampton,Championship,Over 2.5,over_25,1.65,0.5565,-8.18,0.0,Previsão,1.0,PENDING,,,,,
561778_under_25_2026-08-22,2026-08-22,561778,Preston NE,Wolverhampton,Championship,Under 2.5,under_25,2.11,0.4435,-6.42,0.0,Previsão,1.0,PENDING,,,,,
561778_over_35_2026-08-22,2026-08-22,561778,Preston NE,Wolverhampton,Championship,Over 3.5,over_35,2.75,0.3366,-7.43,0.0,Previsão,1.0,PENDING,,,,,
561778_under_35_2026-08-22,2026-08-22,561778,Preston NE,Wolverhampton,Championship,Under 3.5,under_35,1.4,0.6634,-7.12,0.0,Previsão,1.0,PENDING,,,,,
561779_home_2026-08-22,2026-08-22,561779,Wrexham,Watford,Championship,1X2 — Vitória Casa,home,1.67,0.5569,-7.0,0.0,Previsão,1.0,PENDING,,,,,
561779_draw_2026-08-22,2026-08-22,561779,Wrexham,Watford,Championship,1X2 — Empate,draw,4.08,0.2282,-6.89,0.0,Previsão,1.0,PENDING,,,,,
561779_away_2026-08-22,2026-08-22,561779,Wrexham,Watford,Championship,1X2 — Vitória Fora,away,4.23,0.2149,-9.1,0.0,Previsão,1.0,PENDING,,,,,
561779_over_15_2026-08-22,2026-08-22,561779,Wrexham,Watford,Championship,Over 1.5,over_15,1.17,0.7931,-7.21,0.0,Previsão,1.0,PENDING,,,,,
561779_over_25_2026-08-22,2026-08-22,561779,Wrexham,Watford,Championship,Over 2.5,over_25,1.65,0.5665,-6.53,0.0,Previsão,1.0,PENDING,,,,,
561779_under_25_2026-08-22,2026-08-22,561779,Wrexham,Watford,Championship,Under 2.5,under_25,2.11,0.4335,-8.53,0.0,Previsão,1.0,PENDING,,,,,
561779_over_35_2026-08-22,2026-08-22,561779,Wrexham,Watford,Championship,Over 3.5,over_35,2.75,0.3442,-5.34,0.0,Previsão,1.0,PENDING,,,,,
561779_under_35_2026-08-22,2026-08-22,561779,Wrexham,Watford,Championship,Under 3.5,under_35,1.4,0.6558,-8.19,0.0,Previsão,1.0,PENDING,,,,,
561780_home_2026-08-22,2026-08-22,561780,Blackburn,Middlesbrough,Championship,1X2 — Vitória Casa,home,1.67,0.5534,-7.58,0.0,Previsão,1.0,PENDING,,,,,
561780_draw_2026-08-22,2026-08-22,561780,Blackburn,Middlesbrough,Championship,1X2 — Empate,draw,4.08,0.2263,-7.67,0.0,Previsão,1.0,PENDING,,,,,
561780_away_2026-08-22,2026-08-22,561780,Blackburn,Middlesbrough,Championship,1X2 — Vitória Fora,away,4.23,0.2203,-6.81,0.0,Previsão,1.0,PENDING,,,,,
561780_over_15_2026-08-22,2026-08-22,561780,Blackburn,Middlesbrough,Championship,Over 1.5,over_15,1.17,0.7928,-7.24,0.0,Previsão,1.0,PENDING,,,,,
561780_over_25_2026-08-22,2026-08-22,561780,Blackburn,Middlesbrough,Championship,Over 2.5,over_25,1.65,0.5557,-8.31,0.0,Previsão,1.0,PENDING,,,,,
561780_under_25_2026-08-22,2026-08-22,561780,Blackburn,Middlesbrough,Championship,Under 2.5,under_25,2.11,0.4443,-6.25,0.0,Previsão,1.0,PENDING,,,,,
561780_over_35_2026-08-22,2026-08-22,561780,Blackburn,Middlesbrough,Championship,Over 3.5,over_35,2.75,0.3261,-10.32,0.0,Previsão,1.0,PENDING,,,,,
561780_under_35_2026-08-22,2026-08-22,561780,Blackburn,Middlesbrough,Championship,Under 3.5,under_35,1.4,0.6739,-5.65,0.0,Previsão,1.0,PENDING,,,,,
561782_home_2026-08-22,2026-08-22,561782,Southampton,Stoke,Championship,1X2 — Vitória Casa,home,1.67,0.5531,-7.63,0.0,Previsão,1.0,PENDING,,,,,
561782_draw_2026-08-22,2026-08-22,561782,Southampton,Stoke,Championship,1X2 — Empate,draw,4.08,0.2274,-7.22,0.0,Previsão,1.0,PENDING,,,,,
561782_away_2026-08-22,2026-08-22,561782,Southampton,Stoke,Championship,1X2 — Vitória Fora,away,4.23,0.2195,-7.15,0.0,Previsão,1.0,PENDING,,,,,
561782_over_15_2026-08-22,2026-08-22,561782,Southampton,Stoke,Championship,Over 1.5,over_15,1.17,0.7902,-7.55,0.0,Previsão,1.0,PENDING,,,,,
561782_over_25_2026-08-22,2026-08-22,561782,Southampton,Stoke,Championship,Over 2.5,over_25,1.65,0.5656,-6.68,0.0,Previsão,1.0,PENDING,,,,,
561782_under_25_2026-08-22,2026-08-22,561782,Southampton,Stoke,Championship,Under 2.5,under_25,2.11,0.4344,-8.34,0.0,Previsão,1.0,PENDING,,,,,
561782_over_35_2026-08-22,2026-08-22,561782,Southampton,Stoke,Championship,Over 3.5,over_35,2.75,0.3373,-7.24,0.0,Previsão,1.0,PENDING,,,,,
561782_under_35_2026-08-22,2026-08-22,561782,Southampton,Stoke,Championship,Under 3.5,under_35,1.4,0.6627,-7.22,0.0,Previsão,1.0,PENDING,,,,,
561783_home_2026-08-22,2026-08-22,561783,QPR,Bolton,Championship,1X2 — Vitória Casa,home,1.67,0.5449,-9.0,0.0,Previsão,1.0,PENDING,,,,,
561783_draw_2026-08-22,2026-08-22,561783,QPR,Bolton,Championship,1X2 — Empate,draw,4.08,0.2319,-5.38,0.0,Previsão,1.0,PENDING,,,,,
561783_away_2026-08-22,2026-08-22,561783,QPR,Bolton,Championship,1X2 — Vitória Fora,away,4.23,0.2232,-5.59,0.0,Previsão,1.0,PENDING,,,,,
561783_over_15_2026-08-22,2026-08-22,561783,QPR,Bolton,Championship,Over 1.5,over_15,1.17,0.7898,-7.59,0.0,Previsão,1.0,PENDING,,,,,
561783_over_25_2026-08-22,2026-08-22,561783,QPR,Bolton,Championship,Over 2.5,over_25,1.65,0.558,-7.93,0.0,Previsão,1.0,PENDING,,,,,
561783_under_25_2026-08-22,2026-08-22,561783,QPR,Bolton,Championship,Under 2.5,under_25,2.11,0.442,-6.74,0.0,Previsão,1.0,PENDING,,,,,
561783_over_35_2026-08-22,2026-08-22,561783,QPR,Bolton,Championship,Over 3.5,over_35,2.75,0.3376,-7.16,0.0,Previsão,1.0,PENDING,,,,,
561783_under_35_2026-08-22,2026-08-22,561783,QPR,Bolton,Championship,Under 3.5,under_35,1.4,0.6624,-7.26,0.0,Previsão,1.0,PENDING,,,,,
560548_home_2026-08-23,2026-08-23,560548,Man City,Bournemouth,Premier League,1X2 — Vitória Casa,home,1.65,0.5591,-7.75,0.0,Previsão,1.0,PENDING,,,,,
560548_draw_2026-08-23,2026-08-23,560548,Man City,Bournemouth,Premier League,1X2 — Empate,draw,4.25,0.2193,-6.8,0.0,Previsão,1.0,PENDING,,,,,
560548_away_2026-08-23,2026-08-23,560548,Man City,Bournemouth,Premier League,1X2 — Vitória Fora,away,4.22,0.2216,-6.48,0.0,Previsão,1.0,PENDING,,,,,
560548_over_15_2026-08-23,2026-08-23,560548,Man City,Bournemouth,Premier League,Over 1.5,over_15,1.13,0.8131,-8.12,0.0,Previsão,1.0,PENDING,,,,,
560548_over_25_2026-08-23,2026-08-23,560548,Man City,Bournemouth,Premier League,Over 2.5,over_25,1.54,0.5934,-8.62,0.0,Previsão,1.0,PENDING,,,,,
560548_under_25_2026-08-23,2026-08-23,560548,Man City,Bournemouth,Premier League,Under 2.5,under_25,2.32,0.4066,-5.67,0.0,Previsão,1.0,PENDING,,,,,
560548_over_35_2026-08-23,2026-08-23,560548,Man City,Bournemouth,Premier League,Over 3.5,over_35,2.45,0.3759,-7.9,0.0,Previsão,1.0,PENDING,,,,,
560548_under_35_2026-08-23,2026-08-23,560548,Man City,Bournemouth,Premier League,Under 3.5,under_35,1.49,0.6241,-7.01,0.0,Previsão,1.0,PENDING,,,,,
560549_home_2026-08-23,2026-08-23,560549,Brighton Hove,Aston Villa,Premier League,1X2 — Vitória Casa,home,1.65,0.5659,-6.63,0.0,Previsão,1.0,PENDING,,,,,
560549_draw_2026-08-23,2026-08-23,560549,Brighton Hove,Aston Villa,Premier League,1X2 — Empate,draw,4.25,0.2119,-9.94,0.0,Previsão,1.0,PENDING,,,,,
560549_away_2026-08-23,2026-08-23,560549,Brighton Hove,Aston Villa,Premier League,1X2 — Vitória Fora,away,4.22,0.2222,-6.23,0.0,Previsão,1.0,PENDING,,,,,
560549_over_15_2026-08-23,2026-08-23,560549,Brighton Hove,Aston Villa,Premier League,Over 1.5,over_15,1.13,0.8144,-7.97,0.0,Previsão,1.0,PENDING,,,,,
560549_over_25_2026-08-23,2026-08-23,560549,Brighton Hove,Aston Villa,Premier League,Over 2.5,over_25,1.54,0.5982,-7.88,0.0,Previsão,1.0,PENDING,,,,,
560549_under_25_2026-08-23,2026-08-23,560549,Brighton Hove,Aston Villa,Premier League,Under 2.5,under_25,2.32,0.4018,-6.78,0.0,Previsão,1.0,PENDING,,,,,
560549_over_35_2026-08-23,2026-08-23,560549,Brighton Hove,Aston Villa,Premier League,Over 3.5,over_35,2.45,0.3762,-7.83,0.0,Previsão,1.0,PENDING,,,,,
560549_under_35_2026-08-23,2026-08-23,560549,Brighton Hove,Aston Villa,Premier League,Under 3.5,under_35,1.49,0.6238,-7.05,0.0,Previsão,1.0,PENDING,,,,,
560550_home_2026-08-23,2026-08-23,560550,Newcastle,Liverpool,Premier League,1X2 — Vitória Casa,home,1.65,0.5639,-6.96,0.0,Previsão,1.0,PENDING,,,,,
560550_draw_2026-08-23,2026-08-23,560550,Newcastle,Liverpool,Premier League,1X2 — Empate,draw,4.25,0.2158,-8.29,0.0,Previsão,1.0,PENDING,,,,,
560550_away_2026-08-23,2026-08-23,560550,Newcastle,Liverpool,Premier League,1X2 — Vitória Fora,away,4.22,0.2203,-7.03,0.0,Previsão,1.0,PENDING,,,,,
560550_over_15_2026-08-23,2026-08-23,560550,Newcastle,Liverpool,Premier League,Over 1.5,over_15,1.13,0.8144,-7.97,0.0,Previsão,1.0,PENDING,,,,,
560550_over_25_2026-08-23,2026-08-23,560550,Newcastle,Liverpool,Premier League,Over 2.5,over_25,1.54,0.6016,-7.35,0.0,Previsão,1.0,PENDING,,,,,
560550_under_25_2026-08-23,2026-08-23,560550,Newcastle,Liverpool,Premier League,Under 2.5,under_25,2.32,0.3984,-7.57,0.0,Previsão,1.0,PENDING,,,,,
560550_over_35_2026-08-23,2026-08-23,560550,Newcastle,Liverpool,Premier League,Over 3.5,over_35,2.45,0.383,-6.16,0.0,Previsão,1.0,PENDING,,,,,
560550_under_35_2026-08-23,2026-08-23,560550,Newcastle,Liverpool,Premier League,Under 3.5,under_35,1.49,0.617,-8.07,0.0,Previsão,1.0,PENDING,,,,,
564646_home_2026-08-23,2026-08-23,564646,Atleti,Villarreal,La Liga,1X2 — Vitória Casa,home,1.61,0.5746,-7.49,0.0,Previsão,1.0,PENDING,,,,,
564646_draw_2026-08-23,2026-08-23,564646,Atleti,Villarreal,La Liga,1X2 — Empate,draw,4.13,0.227,-6.25,0.0,Previsão,1.0,PENDING,,,,,
564646_away_2026-08-23,2026-08-23,564646,Atleti,Villarreal,La Liga,1X2 — Vitória Fora,away,4.65,0.1984,-7.74,0.0,Previsão,1.0,PENDING,,,,,
564646_over_15_2026-08-23,2026-08-23,564646,Atleti,Villarreal,La Liga,Over 1.5,over_15,1.19,0.7708,-8.27,0.0,Previsão,1.0,PENDING,,,,,
564646_over_25_2026-08-23,2026-08-23,564646,Atleti,Villarreal,La Liga,Over 2.5,over_25,1.7,0.5398,-8.23,0.0,Previsão,1.0,PENDING,,,,,
564646_under_25_2026-08-23,2026-08-23,564646,Atleti,Villarreal,La Liga,Under 2.5,under_25,2.03,0.4602,-6.58,0.0,Previsão,1.0,PENDING,,,,,
564646_over_35_2026-08-23,2026-08-23,564646,Atleti,Villarreal,La Liga,Over 3.5,over_35,2.88,0.3194,-8.01,0.0,Previsão,1.0,PENDING,,,,,
564646_under_35_2026-08-23,2026-08-23,564646,Atleti,Villarreal,La Liga,Under 3.5,under_35,1.36,0.6806,-7.44,0.0,Previsão,1.0,PENDING,,,,,
564644_home_2026-08-23,2026-08-23,564644,Getafe,Santander,La Liga,1X2 — Vitória Casa,home,1.61,0.5836,-6.04,0.0,Previsão,1.0,PENDING,,,,,
564644_draw_2026-08-23,2026-08-23,564644,Getafe,Santander,La Liga,1X2 — Empate,draw,4.13,0.2202,-9.06,0.0,Previsão,1.0,PENDING,,,,,
564644_away_2026-08-23,2026-08-23,564644,Getafe,Santander,La Liga,1X2 — Vitória Fora,away,4.65,0.1962,-8.77,0.0,Previsão,1.0,PENDING,,,,,
564644_over_15_2026-08-23,2026-08-23,564644,Getafe,Santander,La Liga,Over 1.5,over_15,1.19,0.784,-6.7,0.0,Previsão,1.0,PENDING,,,,,
564644_over_25_2026-08-23,2026-08-23,564644,Getafe,Santander,La Liga,Over 2.5,over_25,1.7,0.5525,-6.08,0.0,Previsão,1.0,PENDING,,,,,
564644_under_25_2026-08-23,2026-08-23,564644,Getafe,Santander,La Liga,Under 2.5,under_25,2.03,0.4475,-9.16,0.0,Previsão,1.0,PENDING,,,,,
564644_over_35_2026-08-23,2026-08-23,564644,Getafe,Santander,La Liga,Over 3.5,over_35,2.88,0.3266,-5.94,0.0,Previsão,1.0,PENDING,,,,,
564644_under_35_2026-08-23,2026-08-23,564644,Getafe,Santander,La Liga,Under 3.5,under_35,1.36,0.6734,-8.42,0.0,Previsão,1.0,PENDING,,,,,
564642_home_2026-08-23,2026-08-23,564642,Elche,Barça,La Liga,1X2 — Vitória Casa,home,1.61,0.5737,-7.63,0.0,Previsão,1.0,PENDING,,,,,
564642_draw_2026-08-23,2026-08-23,564642,Elche,Barça,La Liga,1X2 — Empate,draw,4.13,0.2249,-7.12,0.0,Previsão,1.0,PENDING,,,,,
564642_away_2026-08-23,2026-08-23,564642,Elche,Barça,La Liga,1X2 — Vitória Fora,away,4.65,0.2014,-6.35,0.0,Previsão,1.0,PENDING,,,,,
564642_over_15_2026-08-23,2026-08-23,564642,Elche,Barça,La Liga,Over 1.5,over_15,1.19,0.7876,-6.28,0.0,Previsão,1.0,PENDING,,,,,
564642_over_25_2026-08-23,2026-08-23,564642,Elche,Barça,La Liga,Over 2.5,over_25,1.7,0.5457,-7.23,0.0,Previsão,1.0,PENDING,,,,,
564642_under_25_2026-08-23,2026-08-23,564642,Elche,Barça,La Liga,Under 2.5,under_25,2.03,0.4543,-7.78,0.0,Previsão,1.0,PENDING,,,,,
564642_over_35_2026-08-23,2026-08-23,564642,Elche,Barça,La Liga,Over 3.5,over_35,2.88,0.3185,-8.27,0.0,Previsão,1.0,PENDING,,,,,
564642_under_35_2026-08-23,2026-08-23,564642,Elche,Barça,La Liga,Under 3.5,under_35,1.36,0.6815,-7.32,0.0,Previsão,1.0,PENDING,,,,,
558635_home_2026-08-23,2026-08-23,558635,Frosinone,Juventus,Serie A,1X2 — Vitória Casa,home,1.61,0.5804,-6.56,0.0,Previsão,1.0,PENDING,,,,,
558635_draw_2026-08-23,2026-08-23,558635,Frosinone,Juventus,Serie A,1X2 — Empate,draw,4.06,0.2253,-8.53,0.0,Previsão,1.0,PENDING,,,,,
558635_away_2026-08-23,2026-08-23,558635,Frosinone,Juventus,Serie A,1X2 — Vitória Fora,away,4.73,0.1943,-8.1,0.0,Previsão,1.0,PENDING,,,,,
558635_over_15_2026-08-23,2026-08-23,558635,Frosinone,Juventus,Serie A,Over 1.5,over_15,1.21,0.7679,-7.08,0.0,Previsão,1.0,PENDING,,,,,
558635_over_25_2026-08-23,2026-08-23,558635,Frosinone,Juventus,Serie A,Over 2.5,over_25,1.76,0.5264,-7.35,0.0,Previsão,1.0,PENDING,,,,,
558635_under_25_2026-08-23,2026-08-23,558635,Frosinone,Juventus,Serie A,Under 2.5,under_25,1.95,0.4736,-7.65,0.0,Previsão,1.0,PENDING,,,,,
558635_over_35_2026-08-23,2026-08-23,558635,Frosinone,Juventus,Serie A,Over 3.5,over_35,3.05,0.3051,-6.94,0.0,Previsão,1.0,PENDING,,,,,
558635_under_35_2026-08-23,2026-08-23,558635,Frosinone,Juventus,Serie A,Under 3.5,under_35,1.33,0.6949,-7.58,0.0,Previsão,1.0,PENDING,,,,,
558637_home_2026-08-23,2026-08-23,558637,Venezia FC,Lecce,Serie A,1X2 — Vitória Casa,home,1.61,0.5762,-7.23,0.0,Previsão,1.0,PENDING,,,,,
558637_draw_2026-08-23,2026-08-23,558637,Venezia FC,Lecce,Serie A,1X2 — Empate,draw,4.06,0.2299,-6.66,0.0,Previsão,1.0,PENDING,,,,,
558637_away_2026-08-23,2026-08-23,558637,Venezia FC,Lecce,Serie A,1X2 — Vitória Fora,away,4.73,0.1939,-8.29,0.0,Previsão,1.0,PENDING,,,,,
558637_over_15_2026-08-23,2026-08-23,558637,Venezia FC,Lecce,Serie A,Over 1.5,over_15,1.21,0.7622,-7.77,0.0,Previsão,1.0,PENDING,,,,,
558637_over_25_2026-08-23,2026-08-23,558637,Venezia FC,Lecce,Serie A,Over 2.5,over_25,1.76,0.5222,-8.09,0.0,Previsão,1.0,PENDING,,,,,
558637_under_25_2026-08-23,2026-08-23,558637,Venezia FC,Lecce,Serie A,Under 2.5,under_25,1.95,0.4778,-6.83,0.0,Previsão,1.0,PENDING,,,,,
558637_over_35_2026-08-23,2026-08-23,558637,Venezia FC,Lecce,Serie A,Over 3.5,over_35,3.05,0.3021,-7.86,0.0,Previsão,1.0,PENDING,,,,,
558637_under_35_2026-08-23,2026-08-23,558637,Venezia FC,Lecce,Serie A,Under 3.5,under_35,1.33,0.6979,-7.18,0.0,Previsão,1.0,PENDING,,,,,
558633_home_2026-08-23,2026-08-23,558633,Atalanta,Sassuolo,Serie A,1X2 — Vitória Casa,home,1.61,0.5805,-6.54,0.0,Previsão,1.0,PENDING,,,,,
558633_draw_2026-08-23,2026-08-23,558633,Atalanta,Sassuolo,Serie A,1X2 — Empate,draw,4.06,0.2257,-8.37,0.0,Previsão,1.0,PENDING,,,,,
558633_away_2026-08-23,2026-08-23,558633,Atalanta,Sassuolo,Serie A,1X2 — Vitória Fora,away,4.73,0.1938,-8.33,0.0,Previsão,1.0,PENDING,,,,,
558633_over_15_2026-08-23,2026-08-23,558633,Atalanta,Sassuolo,Serie A,Over 1.5,over_15,1.21,0.7667,-7.23,0.0,Previsão,1.0,PENDING,,,,,
558633_over_25_2026-08-23,2026-08-23,558633,Atalanta,Sassuolo,Serie A,Over 2.5,over_25,1.76,0.5267,-7.3,0.0,Previsão,1.0,PENDING,,,,,
558633_under_25_2026-08-23,2026-08-23,558633,Atalanta,Sassuolo,Serie A,Under 2.5,under_25,1.95,0.4733,-7.71,0.0,Previsão,1.0,PENDING,,,,,
558633_over_35_2026-08-23,2026-08-23,558633,Atalanta,Sassuolo,Serie A,Over 3.5,over_35,3.05,0.3025,-7.74,0.0,Previsão,1.0,PENDING,,,,,
558633_under_35_2026-08-23,2026-08-23,558633,Atalanta,Sassuolo,Serie A,Under 3.5,under_35,1.33,0.6975,-7.23,0.0,Previsão,1.0,PENDING,,,,,
558634_home_2026-08-23,2026-08-23,558634,Torino,Milan,Serie A,1X2 — Vitória Casa,home,1.61,0.575,-7.43,0.0,Previsão,1.0,PENDING,,,,,
558634_draw_2026-08-23,2026-08-23,558634,Torino,Milan,Serie A,1X2 — Empate,draw,4.06,0.2253,-8.53,0.0,Previsão,1.0,PENDING,,,,,
558634_away_2026-08-23,2026-08-23,558634,Torino,Milan,Serie A,1X2 — Vitória Fora,away,4.73,0.1997,-5.54,0.0,Previsão,1.0,PENDING,,,,,
558634_over_15_2026-08-23,2026-08-23,558634,Torino,Milan,Serie A,Over 1.5,over_15,1.21,0.7549,-8.66,0.0,Previsão,1.0,PENDING,,,,,
558634_over_25_2026-08-23,2026-08-23,558634,Torino,Milan,Serie A,Over 2.5,over_25,1.76,0.522,-8.13,0.0,Previsão,1.0,PENDING,,,,,
558634_under_25_2026-08-23,2026-08-23,558634,Torino,Milan,Serie A,Under 2.5,under_25,1.95,0.478,-6.79,0.0,Previsão,1.0,PENDING,,,,,
558634_over_35_2026-08-23,2026-08-23,558634,Torino,Milan,Serie A,Over 3.5,over_35,3.05,0.2983,-9.02,0.0,Previsão,1.0,PENDING,,,,,
558634_under_35_2026-08-23,2026-08-23,558634,Torino,Milan,Serie A,Under 3.5,under_35,1.33,0.7017,-6.67,0.0,Previsão,1.0,PENDING,,,,,
559717_home_2026-08-23,2026-08-23,559717,Angers SCO,Lille,Ligue 1,1X2 — Vitória Casa,home,1.54,0.5956,-8.28,0.0,Previsão,1.0,PENDING,,,,,
559717_draw_2026-08-23,2026-08-23,559717,Angers SCO,Lille,Ligue 1,1X2 — Empate,draw,4.13,0.2259,-6.7,0.0,Previsão,1.0,PENDING,,,,,
559717_away_2026-08-23,2026-08-23,559717,Angers SCO,Lille,Ligue 1,1X2 — Vitória Fora,away,5.27,0.1785,-5.93,0.0,Previsão,1.0,PENDING,,,,,
559717_over_15_2026-08-23,2026-08-23,559717,Angers SCO,Lille,Ligue 1,Over 1.5,over_15,1.23,0.7519,-7.52,0.0,Previsão,1.0,PENDING,,,,,
559717_over_25_2026-08-23,2026-08-23,559717,Angers SCO,Lille,Ligue 1,Over 2.5,over_25,1.81,0.5048,-8.63,0.0,Previsão,1.0,PENDING,,,,,
559717_under_25_2026-08-23,2026-08-23,559717,Angers SCO,Lille,Ligue 1,Under 2.5,under_25,1.89,0.4952,-6.41,0.0,Previsão,1.0,PENDING,,,,,
559717_over_35_2026-08-23,2026-08-23,559717,Angers SCO,Lille,Ligue 1,Over 3.5,over_35,3.19,0.2924,-6.72,0.0,Previsão,1.0,PENDING,,,,,
559717_under_35_2026-08-23,2026-08-23,559717,Angers SCO,Lille,Ligue 1,Under 3.5,under_35,1.3,0.7076,-8.01,0.0,Previsão,1.0,PENDING,,,,,
559719_home_2026-08-23,2026-08-23,559719,Le Havre,Monaco,Ligue 1,1X2 — Vitória Casa,home,1.54,0.5808,-10.56,0.0,Previsão,1.0,PENDING,,,,,
559719_draw_2026-08-23,2026-08-23,559719,Le Havre,Monaco,Ligue 1,1X2 — Empate,draw,4.13,0.2286,-5.59,0.0,Previsão,1.0,PENDING,,,,,
559719_away_2026-08-23,2026-08-23,559719,Le Havre,Monaco,Ligue 1,1X2 — Vitória Fora,away,5.27,0.1906,0.45,0.03,Previsão,1.0,PENDING,,,,,
559719_over_15_2026-08-23,2026-08-23,559719,Le Havre,Monaco,Ligue 1,Over 1.5,over_15,1.23,0.7545,-7.2,0.0,Previsão,1.0,PENDING,,,,,
559719_over_25_2026-08-23,2026-08-23,559719,Le Havre,Monaco,Ligue 1,Over 2.5,over_25,1.81,0.5095,-7.78,0.0,Previsão,1.0,PENDING,,,,,
559719_under_25_2026-08-23,2026-08-23,559719,Le Havre,Monaco,Ligue 1,Under 2.5,under_25,1.89,0.4905,-7.3,0.0,Previsão,1.0,PENDING,,,,,
559719_over_35_2026-08-23,2026-08-23,559719,Le Havre,Monaco,Ligue 1,Over 3.5,over_35,3.19,0.2889,-7.84,0.0,Previsão,1.0,PENDING,,,,,
559719_under_35_2026-08-23,2026-08-23,559719,Le Havre,Monaco,Ligue 1,Under 3.5,under_35,1.3,0.7111,-7.56,0.0,Previsão,1.0,PENDING,,,,,
559713_home_2026-08-23,2026-08-23,559713,PSG,Stade Rennais,Ligue 1,1X2 — Vitória Casa,home,1.54,0.6005,-7.52,0.0,Previsão,1.0,PENDING,,,,,
559713_draw_2026-08-23,2026-08-23,559713,PSG,Stade Rennais,Ligue 1,1X2 — Empate,draw,4.13,0.2229,-7.94,0.0,Previsão,1.0,PENDING,,,,,
559713_away_2026-08-23,2026-08-23,559713,PSG,Stade Rennais,Ligue 1,1X2 — Vitória Fora,away,5.27,0.1766,-6.93,0.0,Previsão,1.0,PENDING,,,,,
559713_over_15_2026-08-23,2026-08-23,559713,PSG,Stade Rennais,Ligue 1,Over 1.5,over_15,1.23,0.7442,-8.46,0.0,Previsão,1.0,PENDING,,,,,
559713_over_25_2026-08-23,2026-08-23,559713,PSG,Stade Rennais,Ligue 1,Over 2.5,over_25,1.81,0.5053,-8.54,0.0,Previsão,1.0,PENDING,,,,,
559713_under_25_2026-08-23,2026-08-23,559713,PSG,Stade Rennais,Ligue 1,Under 2.5,under_25,1.89,0.4947,-6.5,0.0,Previsão,1.0,PENDING,,,,,
559713_over_35_2026-08-23,2026-08-23,559713,PSG,Stade Rennais,Ligue 1,Over 3.5,over_35,3.19,0.2849,-9.12,0.0,Previsão,1.0,PENDING,,,,,
559713_under_35_2026-08-23,2026-08-23,559713,PSG,Stade Rennais,Ligue 1,Under 3.5,under_35,1.3,0.7151,-7.04,0.0,Previsão,1.0,PENDING,,,,,
567278_home_2026-08-23,2026-08-23,567278,Vitória SC,CD Nacional,Primeira Liga,1X2 — Vitória Casa,home,1.56,0.5873,-8.38,0.0,Previsão,1.0,PENDING,,,,,
567278_draw_2026-08-23,2026-08-23,567278,Vitória SC,CD Nacional,Primeira Liga,1X2 — Empate,draw,4.16,0.2298,-4.4,0.0,Previsão,1.0,PENDING,,,,,
567278_away_2026-08-23,2026-08-23,567278,Vitória SC,CD Nacional,Primeira Liga,1X2 — Vitória Fora,away,4.98,0.1829,-8.92,0.0,Previsão,1.0,PENDING,,,,,
567278_over_15_2026-08-23,2026-08-23,567278,Vitória SC,CD Nacional,Primeira Liga,Over 1.5,over_15,1.2,0.767,-7.96,0.0,Previsão,1.0,PENDING,,,,,
567278_over_25_2026-08-23,2026-08-23,567278,Vitória SC,CD Nacional,Primeira Liga,Over 2.5,over_25,1.73,0.5263,-8.95,0.0,Previsão,1.0,PENDING,,,,,
567278_under_25_2026-08-23,2026-08-23,567278,Vitória SC,CD Nacional,Primeira Liga,Under 2.5,under_25,1.99,0.4737,-5.73,0.0,Previsão,1.0,PENDING,,,,,
567278_over_35_2026-08-23,2026-08-23,567278,Vitória SC,CD Nacional,Primeira Liga,Over 3.5,over_35,2.97,0.3055,-9.27,0.0,Previsão,1.0,PENDING,,,,,
567278_under_35_2026-08-23,2026-08-23,567278,Vitória SC,CD Nacional,Primeira Liga,Under 3.5,under_35,1.35,0.6945,-6.24,0.0,Previsão,1.0,PENDING,,,,,
567281_home_2026-08-23,2026-08-23,567281,Santa Clara,Famalicão,Primeira Liga,1X2 — Vitória Casa,home,1.56,0.5923,-7.6,0.0,Previsão,1.0,PENDING,,,,,
567281_draw_2026-08-23,2026-08-23,567281,Santa Clara,Famalicão,Primeira Liga,1X2 — Empate,draw,4.16,0.2233,-7.11,0.0,Previsão,1.0,PENDING,,,,,
567281_away_2026-08-23,2026-08-23,567281,Santa Clara,Famalicão,Primeira Liga,1X2 — Vitória Fora,away,4.98,0.1844,-8.17,0.0,Previsão,1.0,PENDING,,,,,
567281_over_15_2026-08-23,2026-08-23,567281,Santa Clara,Famalicão,Primeira Liga,Over 1.5,over_15,1.2,0.7689,-7.73,0.0,Previsão,1.0,PENDING,,,,,
567281_over_25_2026-08-23,2026-08-23,567281,Santa Clara,Famalicão,Primeira Liga,Over 2.5,over_25,1.73,0.537,-7.1,0.0,Previsão,1.0,PENDING,,,,,
567281_under_25_2026-08-23,2026-08-23,567281,Santa Clara,Famalicão,Primeira Liga,Under 2.5,under_25,1.99,0.463,-7.86,0.0,Previsão,1.0,PENDING,,,,,
567281_over_35_2026-08-23,2026-08-23,567281,Santa Clara,Famalicão,Primeira Liga,Over 3.5,over_35,2.97,0.3144,-6.62,0.0,Previsão,1.0,PENDING,,,,,
567281_under_35_2026-08-23,2026-08-23,567281,Santa Clara,Famalicão,Primeira Liga,Under 3.5,under_35,1.35,0.6856,-7.44,0.0,Previsão,1.0,PENDING,,,,,
567280_home_2026-08-23,2026-08-23,567280,Porto,Arouca,Primeira Liga,1X2 — Vitória Casa,home,1.56,0.594,-7.34,0.0,Previsão,1.0,PENDING,,,,,
567280_draw_2026-08-23,2026-08-23,567280,Porto,Arouca,Primeira Liga,1X2 — Empate,draw,4.16,0.2177,-9.44,0.0,Previsão,1.0,PENDING,,,,,
567280_away_2026-08-23,2026-08-23,567280,Porto,Arouca,Primeira Liga,1X2 — Vitória Fora,away,4.98,0.1883,-6.23,0.0,Previsão,1.0,PENDING,,,,,
567280_over_15_2026-08-23,2026-08-23,567280,Porto,Arouca,Primeira Liga,Over 1.5,over_15,1.2,0.7692,-7.7,0.0,Previsão,1.0,PENDING,,,,,
567280_over_25_2026-08-23,2026-08-23,567280,Porto,Arouca,Primeira Liga,Over 2.5,over_25,1.73,0.5405,-6.49,0.0,Previsão,1.0,PENDING,,,,,
567280_under_25_2026-08-23,2026-08-23,567280,Porto,Arouca,Primeira Liga,Under 2.5,under_25,1.99,0.4595,-8.56,0.0,Previsão,1.0,PENDING,,,,,
567280_over_35_2026-08-23,2026-08-23,567280,Porto,Arouca,Primeira Liga,Over 3.5,over_35,2.97,0.3127,-7.13,0.0,Previsão,1.0,PENDING,,,,,
567280_under_35_2026-08-23,2026-08-23,567280,Porto,Arouca,Primeira Liga,Under 3.5,under_35,1.35,0.6873,-7.21,0.0,Previsão,1.0,PENDING,,,,,
558237_home_2026-08-23,2026-08-23,558237,PSV,Groningen,Eredivisie,1X2 — Vitória Casa,home,1.48,0.6262,-7.32,0.0,Previsão,1.0,PENDING,,,,,
558237_draw_2026-08-23,2026-08-23,558237,PSV,Groningen,Eredivisie,1X2 — Empate,draw,4.73,0.1888,-10.7,0.0,Previsão,1.0,PENDING,,,,,
558237_away_2026-08-23,2026-08-23,558237,PSV,Groningen,Eredivisie,1X2 — Vitória Fora,away,5.18,0.185,-4.17,0.0,Previsão,1.0,PENDING,,,,,
558237_over_15_2026-08-23,2026-08-23,558237,PSV,Groningen,Eredivisie,Over 1.5,over_15,1.1,0.8461,-6.93,0.0,Previsão,1.0,PENDING,,,,,
558237_over_25_2026-08-23,2026-08-23,558237,PSV,Groningen,Eredivisie,Over 2.5,over_25,1.44,0.6499,-6.41,0.0,Previsão,1.0,PENDING,,,,,
558237_under_25_2026-08-23,2026-08-23,558237,PSV,Groningen,Eredivisie,Under 2.5,under_25,2.61,0.3501,-8.62,0.0,Previsão,1.0,PENDING,,,,,
558237_over_35_2026-08-23,2026-08-23,558237,PSV,Groningen,Eredivisie,Over 3.5,over_35,2.18,0.4157,-9.38,0.0,Previsão,1.0,PENDING,,,,,
558237_under_35_2026-08-23,2026-08-23,558237,PSV,Groningen,Eredivisie,Under 3.5,under_35,1.61,0.5843,-5.93,0.0,Previsão,1.0,PENDING,,,,,
558238_home_2026-08-23,2026-08-23,558238,Cambuur,Feyenoord,Eredivisie,1X2 — Vitória Casa,home,1.48,0.6218,-7.97,0.0,Previsão,1.0,PENDING,,,,,
558238_draw_2026-08-23,2026-08-23,558238,Cambuur,Feyenoord,Eredivisie,1X2 — Empate,draw,4.73,0.2037,-3.65,0.0,Previsão,1.0,PENDING,,,,,
558238_away_2026-08-23,2026-08-23,558238,Cambuur,Feyenoord,Eredivisie,1X2 — Vitória Fora,away,5.18,0.1745,-9.61,0.0,Previsão,1.0,PENDING,,,,,
558238_over_15_2026-08-23,2026-08-23,558238,Cambuur,Feyenoord,Eredivisie,Over 1.5,over_15,1.1,0.8427,-7.3,0.0,Previsão,1.0,PENDING,,,,,
558238_over_25_2026-08-23,2026-08-23,558238,Cambuur,Feyenoord,Eredivisie,Over 2.5,over_25,1.44,0.6385,-8.06,0.0,Previsão,1.0,PENDING,,,,,
558238_under_25_2026-08-23,2026-08-23,558238,Cambuur,Feyenoord,Eredivisie,Under 2.5,under_25,2.61,0.3615,-5.65,0.0,Previsão,1.0,PENDING,,,,,
558238_over_35_2026-08-23,2026-08-23,558238,Cambuur,Feyenoord,Eredivisie,Over 3.5,over_35,2.18,0.4272,-6.87,0.0,Previsão,1.0,PENDING,,,,,
558238_under_35_2026-08-23,2026-08-23,558238,Cambuur,Feyenoord,Eredivisie,Under 3.5,under_35,1.61,0.5728,-7.78,0.0,Previsão,1.0,PENDING,,,,,
554971_home_2026-08-23,2026-08-23,554971,Bragantino,Grêmio,Brasileirão Série A,1X2 — Vitória Casa,home,1.56,0.5933,-7.45,0.0,Previsão,1.0,PENDING,,,,,
554971_draw_2026-08-23,2026-08-23,554971,Bragantino,Grêmio,Brasileirão Série A,1X2 — Empate,draw,3.98,0.2364,-5.91,0.0,Previsão,1.0,PENDING,,,,,
554971_away_2026-08-23,2026-08-23,554971,Bragantino,Grêmio,Brasileirão Série A,1X2 — Vitória Fora,away,5.3,0.1703,-9.74,0.0,Previsão,1.0,PENDING,,,,,
554971_over_15_2026-08-23,2026-08-23,554971,Bragantino,Grêmio,Brasileirão Série A,Over 1.5,over_15,1.27,0.7312,-7.14,0.0,Previsão,1.0,PENDING,,,,,
554971_over_25_2026-08-23,2026-08-23,554971,Bragantino,Grêmio,Brasileirão Série A,Over 2.5,over_25,1.94,0.4748,-7.89,0.0,Previsão,1.0,PENDING,,,,,
554971_under_25_2026-08-23,2026-08-23,554971,Bragantino,Grêmio,Brasileirão Série A,Under 2.5,under_25,1.77,0.5252,-7.04,0.0,Previsão,1.0,PENDING,,,,,
554971_over_35_2026-08-23,2026-08-23,554971,Bragantino,Grêmio,Brasileirão Série A,Over 3.5,over_35,3.57,0.2626,-6.25,0.0,Previsão,1.0,PENDING,,,,,
554971_under_35_2026-08-23,2026-08-23,554971,Bragantino,Grêmio,Brasileirão Série A,Under 3.5,under_35,1.25,0.7374,-7.82,0.0,Previsão,1.0,PENDING,,,,,
554977_home_2026-08-23,2026-08-23,554977,Palmeiras,Vasco da Gama,Brasileirão Série A,1X2 — Vitória Casa,home,1.56,0.5953,-7.13,0.0,Previsão,1.0,PENDING,,,,,
554977_draw_2026-08-23,2026-08-23,554977,Palmeiras,Vasco da Gama,Brasileirão Série A,1X2 — Empate,draw,3.98,0.2286,-9.02,0.0,Previsão,1.0,PENDING,,,,,
554977_away_2026-08-23,2026-08-23,554977,Palmeiras,Vasco da Gama,Brasileirão Série A,1X2 — Vitória Fora,away,5.3,0.1761,-6.67,0.0,Previsão,1.0,PENDING,,,,,
554977_over_15_2026-08-23,2026-08-23,554977,Palmeiras,Vasco da Gama,Brasileirão Série A,Over 1.5,over_15,1.27,0.725,-7.93,0.0,Previsão,1.0,PENDING,,,,,
554977_over_25_2026-08-23,2026-08-23,554977,Palmeiras,Vasco da Gama,Brasileirão Série A,Over 2.5,over_25,1.94,0.4708,-8.66,0.0,Previsão,1.0,PENDING,,,,,
554977_under_25_2026-08-23,2026-08-23,554977,Palmeiras,Vasco da Gama,Brasileirão Série A,Under 2.5,under_25,1.77,0.5292,-6.33,0.0,Previsão,1.0,PENDING,,,,,
554977_over_35_2026-08-23,2026-08-23,554977,Palmeiras,Vasco da Gama,Brasileirão Série A,Over 3.5,over_35,3.57,0.2551,-8.93,0.0,Previsão,1.0,PENDING,,,,,
554977_under_35_2026-08-23,2026-08-23,554977,Palmeiras,Vasco da Gama,Brasileirão Série A,Under 3.5,under_35,1.25,0.7449,-6.89,0.0,Previsão,1.0,PENDING,,,,,
554979_home_2026-08-23,2026-08-23,554979,Vitória,Bahia,Brasileirão Série A,1X2 — Vitória Casa,home,1.56,0.5882,-8.24,0.0,Previsão,1.0,PENDING,,,,,
554979_draw_2026-08-23,2026-08-23,554979,Vitória,Bahia,Brasileirão Série A,1X2 — Empate,draw,3.98,0.2335,-7.07,0.0,Previsão,1.0,PENDING,,,,,
554979_away_2026-08-23,2026-08-23,554979,Vitória,Bahia,Brasileirão Série A,1X2 — Vitória Fora,away,5.3,0.1783,-5.5,0.0,Previsão,1.0,PENDING,,,,,
554979_over_15_2026-08-23,2026-08-23,554979,Vitória,Bahia,Brasileirão Série A,Over 1.5,over_15,1.27,0.7265,-7.73,0.0,Previsão,1.0,PENDING,,,,,
554979_over_25_2026-08-23,2026-08-23,554979,Vitória,Bahia,Brasileirão Série A,Over 2.5,over_25,1.94,0.4682,-9.17,0.0,Previsão,1.0,PENDING,,,,,
554979_under_25_2026-08-23,2026-08-23,554979,Vitória,Bahia,Brasileirão Série A,Under 2.5,under_25,1.77,0.5318,-5.87,0.0,Previsão,1.0,PENDING,,,,,
554979_over_35_2026-08-23,2026-08-23,554979,Vitória,Bahia,Brasileirão Série A,Over 3.5,over_35,3.57,0.2565,-8.43,0.0,Previsão,1.0,PENDING,,,,,
554979_under_35_2026-08-23,2026-08-23,554979,Vitória,Bahia,Brasileirão Série A,Under 3.5,under_35,1.25,0.7435,-7.06,0.0,Previsão,1.0,PENDING,,,,,
554972_home_2026-08-23,2026-08-23,554972,Chapecoense,São Paulo,Brasileirão Série A,1X2 — Vitória Casa,home,1.56,0.5919,-7.66,0.0,Previsão,1.0,PENDING,,,,,
554972_draw_2026-08-23,2026-08-23,554972,Chapecoense,São Paulo,Brasileirão Série A,1X2 — Empate,draw,3.98,0.2369,-5.71,0.0,Previsão,1.0,PENDING,,,,,
554972_away_2026-08-23,2026-08-23,554972,Chapecoense,São Paulo,Brasileirão Série A,1X2 — Vitória Fora,away,5.3,0.1712,-9.26,0.0,Previsão,1.0,PENDING,,,,,
554972_over_15_2026-08-23,2026-08-23,554972,Chapecoense,São Paulo,Brasileirão Série A,Over 1.5,over_15,1.27,0.7285,-7.48,0.0,Previsão,1.0,PENDING,,,,,
554972_over_25_2026-08-23,2026-08-23,554972,Chapecoense,São Paulo,Brasileirão Série A,Over 2.5,over_25,1.94,0.4745,-7.95,0.0,Previsão,1.0,PENDING,,,,,
554972_under_25_2026-08-23,2026-08-23,554972,Chapecoense,São Paulo,Brasileirão Série A,Under 2.5,under_25,1.77,0.5255,-6.99,0.0,Previsão,1.0,PENDING,,,,,
554972_over_35_2026-08-23,2026-08-23,554972,Chapecoense,São Paulo,Brasileirão Série A,Over 3.5,over_35,3.57,0.2615,-6.64,0.0,Previsão,1.0,PENDING,,,,,
554972_under_35_2026-08-23,2026-08-23,554972,Chapecoense,São Paulo,Brasileirão Série A,Under 3.5,under_35,1.25,0.7385,-7.69,0.0,Previsão,1.0,PENDING,,,,,
554978_home_2026-08-23,2026-08-23,554978,Santos,Mirassol,Brasileirão Série A,1X2 — Vitória Casa,home,1.56,0.6002,-6.37,0.0,Previsão,1.0,PENDING,,,,,
554978_draw_2026-08-23,2026-08-23,554978,Santos,Mirassol,Brasileirão Série A,1X2 — Empate,draw,3.98,0.2218,-11.72,0.0,Previsão,1.0,PENDING,,,,,
554978_away_2026-08-23,2026-08-23,554978,Santos,Mirassol,Brasileirão Série A,1X2 — Vitória Fora,away,5.3,0.178,-5.66,0.0,Previsão,1.0,PENDING,,,,,
554978_over_15_2026-08-23,2026-08-23,554978,Santos,Mirassol,Brasileirão Série A,Over 1.5,over_15,1.27,0.7326,-6.96,0.0,Previsão,1.0,PENDING,,,,,
554978_over_25_2026-08-23,2026-08-23,554978,Santos,Mirassol,Brasileirão Série A,Over 2.5,over_25,1.94,0.481,-6.69,0.0,Previsão,1.0,PENDING,,,,,
554978_under_25_2026-08-23,2026-08-23,554978,Santos,Mirassol,Brasileirão Série A,Under 2.5,under_25,1.77,0.519,-8.14,0.0,Previsão,1.0,PENDING,,,,,
554978_over_35_2026-08-23,2026-08-23,554978,Santos,Mirassol,Brasileirão Série A,Over 3.5,over_35,3.57,0.2686,-4.11,0.0,Previsão,1.0,PENDING,,,,,
554978_under_35_2026-08-23,2026-08-23,554978,Santos,Mirassol,Brasileirão Série A,Under 3.5,under_35,1.25,0.7314,-8.57,0.0,Previsão,1.0,PENDING,,,,,
554973_home_2026-08-23,2026-08-23,554973,Coritiba,Corinthians,Brasileirão Série A,1X2 — Vitória Casa,home,1.56,0.5991,-6.54,0.0,Previsão,1.0,PENDING,,,,,
554973_draw_2026-08-23,2026-08-23,554973,Coritiba,Corinthians,Brasileirão Série A,1X2 — Empate,draw,3.98,0.231,-8.06,0.0,Previsão,1.0,PENDING,,,,,
554973_away_2026-08-23,2026-08-23,554973,Coritiba,Corinthians,Brasileirão Série A,1X2 — Vitória Fora,away,5.3,0.1699,-9.95,0.0,Previsão,1.0,PENDING,,,,,
554973_over_15_2026-08-23,2026-08-23,554973,Coritiba,Corinthians,Brasileirão Série A,Over 1.5,over_15,1.27,0.7333,-6.87,0.0,Previsão,1.0,PENDING,,,,,
554973_over_25_2026-08-23,2026-08-23,554973,Coritiba,Corinthians,Brasileirão Série A,Over 2.5,over_25,1.94,0.4744,-7.97,0.0,Previsão,1.0,PENDING,,,,,
554973_under_25_2026-08-23,2026-08-23,554973,Coritiba,Corinthians,Brasileirão Série A,Under 2.5,under_25,1.77,0.5256,-6.97,0.0,Previsão,1.0,PENDING,,,,,
554973_over_35_2026-08-23,2026-08-23,554973,Coritiba,Corinthians,Brasileirão Série A,Over 3.5,over_35,3.57,0.2581,-7.86,0.0,Previsão,1.0,PENDING,,,,,
554973_under_35_2026-08-23,2026-08-23,554973,Coritiba,Corinthians,Brasileirão Série A,Under 3.5,under_35,1.25,0.7419,-7.26,0.0,Previsão,1.0,PENDING,,,,,
